<?xml version="1.0" encoding="UTF-8"?>

<TEI xmlns="http://www.tei-c.org/ns/1.0">
   <teiHeader>
      <fileDesc>
         <titleStmt>
            <title>ODD Chaining Example - 2</title>
            <author>Lou Burnard</author>
         </titleStmt>
         <publicationStmt>
            <p>Unpublished</p>
         </publicationStmt>
         <sourceDesc>
            <p>Born digital</p>
         </sourceDesc>
      </fileDesc>
      <revisionDesc>
         <change when="2017-12-28">First draft</change>
        </revisionDesc>
   </teiHeader>
   <text>

      <body>
        
<div type="schemaSpec">
            <head>The metadata ODD specification</head>
   <p>This schema specification supplies the metadata elements we will need in our project
              .</p>
     <schemaSpec ident="justMetadata" start="teiHeader" source="motherODD.compiled">
        <moduleRef key="tei"/>
        <moduleRef key="header" include="teiHeader fileDesc titleStmt publicationStmt sourceDesc profileDesc"/>
        <moduleRef key="namesdates" include="listPerson listPlace person place persName placeName"/>
        <moduleRef key="corpus" include="particDesc settingDesc"/>      
        <elementRef key="title"/>
        <elementRef key="p"/>
   </schemaSpec>
         </div>
      </body>
   </text>
</TEI>
