<?xml version="1.0" encoding="UTF-8"?>
<teiHeader xmlns="http://www.tei-c.org/ns/1.0">
    <fileDesc>
        <titleStmt>
            <title>Sample metadata file</title>
        </titleStmt>
        <publicationStmt>
            <p>Unpublished test file</p>
        </publicationStmt>
        <sourceDesc>
            <p>Part of TEI Chaining tutorial</p>
        </sourceDesc>
    </fileDesc>
    <profileDesc>
        <particDesc>
            <listPerson>
                <person xml:id="JB007">
                    <persName>James Bond</persName>
                </person>
            </listPerson>
        </particDesc>
        <settingDesc>
            <listPlace>
                <place xml:id="PL0091">
                    <placeName>Paris</placeName>
                    <placeName>Lutetia</placeName>
                </place>
            </listPlace>
        </settingDesc>
    </profileDesc>
</teiHeader>
