<?xml version="1.0" encoding="UTF-8"?>

<TEI xmlns="http://www.tei-c.org/ns/1.0">
   <teiHeader>
      <fileDesc>
         <titleStmt>
            <title>ODD Chaining Example - 1</title>
            <author>Lou Burnard</author>
         </titleStmt>
         <publicationStmt>
            <p>Unpublished</p>
         </publicationStmt>
         <sourceDesc>
            <p>Born digital</p>
         </sourceDesc>
      </fileDesc>
      <revisionDesc>
         <change when="2017-12-28">First draft</change>
        </revisionDesc>
   </teiHeader>
   <text>

      <body>
        
<div type="schemaSpec">
            <head>The Mother ODD specification</head>
            <p>This schema specification supplies all the elements we will need in our project,
               both for transcription and for metadata.</p>
     <schemaSpec ident="mother" start="TEI">
        <moduleRef key="tei"/>
        <moduleRef key="header" include="teiHeader fileDesc titleStmt publicationStmt sourceDesc profileDesc"/>
        <moduleRef key="core" include="pb p hi name title"/>
        <moduleRef key="textstructure" include="TEI body div text name"/>
        <moduleRef key="namesdates" include="listPerson listPlace person place persName placeName"/>
        <moduleRef key="corpus" include="particDesc settingDesc"/>
   </schemaSpec>
         </div>
      </body>
   </text>
</TEI>
