<moduleSpec xmlns="http://www.tei-c.org/ns/1.0" ident="core">
  <elementSpec ident="p" module="core">
    
    
    <gloss>paragraph</gloss>    
    <gloss type="gloss" xml:lang="zh-tw" notBefore="2007-05-02">段落</gloss>
    <desc>marks paragraphs in prose.</desc>
    <desc xml:lang="zh-tw" notBefore="2007-05-02">標記散文的段落。</desc>





  </elementSpec>
  <elementSpec ident="foreign" module="core">

    <gloss>foreign</gloss>
    
    <gloss type="gloss" xml:lang="zh-tw" notBefore="2007-05-02">外文</gloss>
    <desc>identifies a word or phrase as belonging to some language other than that of the
      surrounding text. </desc>
    <desc xml:lang="zh-tw" notBefore="2007-05-02">標明所屬語言不同於週遭文字的字詞。</desc>





  </elementSpec>
  <elementSpec ident="emph" module="core">

    <gloss>emphasized</gloss>
    <gloss type="gloss" xml:lang="zh-tw" notBefore="2007-05-02">強調</gloss>
    <desc>marks words or phrases which are stressed or emphasized for linguistic or rhetorical
      effect.</desc>
    <desc xml:lang="zh-tw" notBefore="2007-05-02">為了語言上或修辭上的效果而加重語氣或特別強調的字句。 </desc>






  </elementSpec>
  <elementSpec ident="hi" module="core">

    <gloss>highlighted</gloss>
    <gloss type="gloss" xml:lang="zh-tw" notBefore="2007-05-02">顯目標示</gloss>
    <desc>marks a word or phrase as graphically distinct from the surrounding text, for reasons
      concerning which no claim is made. </desc>
    <desc xml:lang="zh-tw" notBefore="2007-05-02">標誌其字型外觀上和週遭文字有所區別的字詞，但不指出顯目原因。</desc>





  </elementSpec>
  <elementSpec ident="distinct" module="core">

    <gloss>distinct</gloss>
    <gloss type="gloss" xml:lang="zh-tw" notBefore="2007-05-02">特殊用語</gloss>
    <desc>identifies any word or phrase which is regarded as linguistically distinct, for example as
      archaic, technical, dialectal, non-preferred, etc., or as forming part of a sublanguage. </desc>
    <desc xml:lang="zh-tw" notBefore="2007-05-02">標明被視為特殊用語的字詞，例如：古語、專業用語、方言、非推薦用語等，或標明形成部分次要語言的字詞</desc>


    <attList>
      <attDef ident="type" usage="opt">

        <desc>specifies the sublanguage or register to which the word or phrase is being assigned</desc>
        <desc xml:lang="zh-tw" notBefore="2007-05-02">指明所標記的字詞屬於哪一種次要語言或語體層次</desc>

        <valDesc>a semi-open user-defined list</valDesc>
        <valDesc xml:lang="zh-tw" notBefore="2007-05-02">半開放的使用者定義列表</valDesc>
      </attDef>
      <attDef ident="time" usage="opt">

        <desc>specifies how the phrase is distinct diachronically</desc>
        <desc xml:lang="zh-tw" notBefore="2007-05-02">指明該字詞是屬於哪一種時間上的特殊用語</desc>

        <valDesc>a semi-open user-defined list</valDesc>
        <valDesc xml:lang="zh-tw" notBefore="2007-05-02">半開放的使用者定義列表</valDesc>
      </attDef>
      <attDef ident="space" usage="opt">

        <desc>specifies how the phrase is distinct diatopically</desc>
        <desc xml:lang="zh-tw" notBefore="2007-05-02">指明該字詞是屬於哪一種區域上的特殊用語</desc>

        <valDesc>a semi-open user-defined list</valDesc>
        <valDesc xml:lang="zh-tw" notBefore="2007-05-02">半開放的使用者定義列表</valDesc>
      </attDef>
      <attDef ident="social" usage="opt">

        <desc>specifies how the phrase is distinct diastatically</desc>
        <desc xml:lang="zh-tw" notBefore="2007-05-02">指明該字詞是屬於哪一種社會層次分類上的特殊用語</desc>

        <valDesc>a semi-open user-defined list</valDesc>
        <valDesc xml:lang="zh-tw" notBefore="2007-05-02">半開放的使用者定義列表</valDesc>
      </attDef>
    </attList>



  </elementSpec>
  <elementSpec ident="q" module="core">

    <gloss>quoted speech, thought, or writing</gloss>
    <gloss type="gloss" xml:lang="zh-tw" notBefore="2007-05-02">引用的言詞、思想、或文字</gloss>
    <desc>contains material which is marked as (ostensibly) quoted from elsewhere; in narrative,
      this element is used to mark direct or indirect speech; in dictionaries, it may be used to
      mark real or contrived examples of usage; in manuscript descriptions or other metadata, to
      mark extracts quoted from the source being documented.</desc>
    <desc xml:lang="zh-tw" notBefore="2007-05-02">包含標記為 (看似) 引用自他處的內容；在敘述文中，此元素用來標記直接或間接敘述；在字典中，用來標記實例或編者設計的範例；在寫本描述或其他上層資訊中，用來標記由來源文本中所摘錄的引文。</desc>


    <attList>
      <attDef ident="type" usage="rwa">

        <desc>may be used to indicate whether the quoted matter is spoken or thought, or to
          characterize it more finely.</desc>
        <desc xml:lang="zh-tw" notBefore="2007-05-02">可用來指出引文內容為言詞或思想，或者做更詳細的引文描述。</desc>

        <valList type="open">
          <valItem ident="spoken">

            <desc>representation of direct speech, usually marked by quotation marks.</desc>
            <desc xml:lang="zh-tw" notBefore="2007-05-02">表示直接敘述，通常會標上引號。</desc>
          </valItem>
          <valItem ident="thought">

            <desc>representation of thought, e.g. internal monologue.</desc>
            <desc xml:lang="zh-tw" notBefore="2007-05-02">表示思考內容，例如內心獨白。</desc>
          </valItem>
          <valItem ident="written">

            <desc>quotation from a written source.</desc>
            <desc xml:lang="zh-tw" notBefore="2007-05-02">引用自一份書面來源文件。</desc>
          </valItem>
        </valList>
      </attDef>




    </attList>



  </elementSpec>
  <elementSpec ident="quote" module="core">

    <gloss>quotation</gloss>
    <gloss type="gloss" xml:lang="zh-tw" notBefore="2007-05-02">引文</gloss>


    <desc>contains a phrase or passage attributed by the narrator or author to some agency external
      to the text.</desc>
    <desc xml:lang="zh-tw" notBefore="2007-05-02">包含敘述者或作者引用自文本以外來源的字 (句) 詞或段落。</desc>







  </elementSpec>
  <elementSpec ident="cit" module="core">

    <gloss/>
    <gloss type="gloss" xml:lang="zh-tw" notBefore="2007-05-02"/>
    <desc>A quotation from some other document, together with a bibliographic reference to its
      source.</desc>
    <desc xml:lang="zh-tw" notBefore="2007-05-02">從其他文件中引用的內容，並包含引用來源的書目參照資料。</desc>





  </elementSpec>
  <elementSpec ident="mentioned" module="core">

    <gloss/>
    <gloss type="gloss" xml:lang="zh-tw" notBefore="2007-05-02"/>
    <desc>marks words or phrases mentioned, not used.</desc>
    <desc xml:lang="zh-tw" notBefore="2007-05-02">標明被提及但意義上未被使用的字句。 </desc>





  </elementSpec>
  <elementSpec ident="soCalled" module="core">

    <gloss>so called</gloss>
    <gloss type="gloss" xml:lang="zh-tw" notBefore="2007-05-02">另稱</gloss>
    <desc>contains a word or phrase for which the author or narrator indicates a disclaiming of
      responsibility, for example by the use of scare quotes or italics.</desc>
    <desc xml:lang="zh-tw" notBefore="2007-05-02">作者或敘述者使用的字句在意義上另有所指的表現，例如諷刺所使用的引號或斜體標示。</desc>





  </elementSpec>
  <elementSpec ident="altIdent" module="core">

    <desc>supplies the recommended XML name for an element, class, attribute, etc. in some language.</desc>
    <desc xml:lang="zh-tw" notBefore="2007-05-02">標誌用另一種語言來表示的XML元素、元素集、屬性等的名稱。</desc>





  </elementSpec>
  <elementSpec ident="desc" module="core">

    <gloss>description</gloss>
    <gloss type="gloss" xml:lang="zh-tw" notBefore="2007-05-02">描述</gloss>
    <desc>contains a brief description of the purpose and application for an element, attribute, or
      attribute value.</desc>
    <desc xml:lang="zh-tw" notBefore="2007-05-02">包含一段簡短描述，說明一元素、屬性、或屬性值的應用與目的。</desc>






  </elementSpec>
  <elementSpec ident="equiv" module="core">

    <gloss/>
    <gloss type="gloss" xml:lang="zh-tw" notBefore="2007-05-02"/>
    <desc>specifies a component which is considered equivalent to the parent element, either by
      co-reference, or by external link.</desc>
    <desc xml:lang="zh-tw" notBefore="2007-05-02">具體指出一個與父元素同等的名稱，無論是藉由交互參照或是外部連結。</desc>




    <attList>
      <attDef ident="name" usage="opt">
        <desc>names the underlying concept of which the parent is a representation</desc>
        <desc xml:lang="zh-tw" notBefore="2007-05-02">說明父元素所標記的基本概念。</desc>

        <valDesc>any name</valDesc>
        <valDesc xml:lang="zh-tw" notBefore="2007-05-02">任何名稱</valDesc>
      </attDef>
      <attDef ident="uri" usage="opt">
        <desc>references the underlying concept of which the parent is a representation by means of
          some external identifier</desc>
        <desc xml:lang="zh-tw" notBefore="2007-05-02">以外部識別符來說明父元素所標記的基本概念</desc>

        <valDesc>a URI</valDesc>
        <valDesc xml:lang="zh-tw" notBefore="2007-05-02">一個統一資源識別符</valDesc>
      </attDef>
      <attDef ident="filter" usage="opt">
        <desc>references an external script which contains a method to transform instances of this
          element to canonical TEI </desc>
        <desc xml:lang="zh-tw" notBefore="2007-05-02">參照能把該元素實例轉變成標準TEI的外部程式</desc>

        <valDesc>a URI</valDesc>
        <valDesc xml:lang="zh-tw" notBefore="2007-05-02">一個統一資源識別符</valDesc>
      </attDef>
      <attDef ident="mimeType" usage="opt">
        <desc>MIME type of external filter script</desc>
        <desc xml:lang="zh-tw" notBefore="2007-05-02">外部過濾器的多用途網路郵件延伸協定 (MIME)</desc>

        <valDesc>a URI</valDesc>
        <valDesc xml:lang="zh-tw" notBefore="2007-05-02">一個統一資源識別符</valDesc>
      </attDef>
    </attList>



  </elementSpec>
  <elementSpec ident="gloss" module="core">

    <gloss/>
    <gloss type="gloss" xml:lang="zh-tw" notBefore="2007-05-02"/>
    <desc>identifies a phrase or word used to provide a gloss or definition for some other word or
      phrase.</desc>
    <desc xml:lang="zh-tw" notBefore="2007-05-02">標明用來為另一個字詞下定義或提供註解的字詞。</desc>


    <attList org="choice">
      <attDef ident="target" usage="opt">

        <desc>identifies the associated <gi>term</gi> element by an absolute or relative URI
          reference</desc>
        <desc xml:lang="zh-tw" notBefore="2007-05-02">用一個絕對或相對的統一資源識別符參照來標明相關聯的元素<gi>term</gi></desc>

        <valDesc>should be a valid URI reference that resolves to a <gi>term</gi> element</valDesc>
        <valDesc xml:lang="zh-tw" notBefore="2007-05-02">必須是有效的統一資源識別符，可參照到一個元素<gi>term</gi></valDesc>
      </attDef>
      <attDef ident="cRef" usage="opt">

        <desc>identifies the associated <gi>term</gi> element using a canonical reference from a
          scheme defined in a <gi>refsDecl</gi> element in the TEI header</desc>
        <desc xml:lang="zh-tw" notBefore="2007-05-02">用元素<gi>refsDecl</gi>在TEI標頭內所定義的標準參照來指明相關聯的元素<gi>term</gi></desc>

        <valDesc>the result of applying the algorithm for the resolution of canonical references
          (described in section <ptr target="#SACR"/>) should be a valid URI reference that resolves
          to a <gi>term</gi> element</valDesc>
        <valDesc xml:lang="zh-tw" notBefore="2007-05-02">使用解析標準參照演算後的結果 (詳見章節<ptr target="#SACR"/>) 應該是有效的統一資源識別符，可參照到一個元素<gi>term</gi></valDesc>

      </attDef>
    </attList>



  </elementSpec>
  <elementSpec ident="term" module="core">

    <gloss/>
    <gloss type="gloss" xml:lang="zh-tw" notBefore="2007-05-02"/>
    <desc>contains a single-word, multi-word, or symbolic designation which is regarded as a
      technical term.</desc>
    <desc xml:lang="zh-tw" notBefore="2007-05-02">包含作為專有名詞的一個單字、詞彙、或是表示符號。</desc>


    <attList>

      <attList org="choice">
        <attDef ident="target" usage="opt">

          <desc>identifies the associated <gi>gloss</gi> element by an absolute or relative URI
            reference</desc>
          <desc xml:lang="zh-tw" notBefore="2007-05-02">用一個絕對或相對的統一資源識別符參照來指明相關聯的元素<gi>gloss</gi></desc>

          <valDesc>should be a valid URI reference that resolves to a <gi>gloss</gi> element</valDesc>
          <valDesc xml:lang="zh-tw" notBefore="2007-05-02">必須是有效的統一資源識別符參照，並可連結到一個元素<gi>gloss</gi></valDesc>
        </attDef>
        <attDef ident="cRef" usage="opt">

          <desc>identifies the associated <gi>gloss</gi> element using a canonical reference from a
            scheme defined in a <gi>refsDecl</gi> element in the TEI header</desc>
          <desc xml:lang="zh-tw" notBefore="2007-05-02">用元素<gi>refsDecl</gi>在TEI標頭內所定義的標準參照來指明相關聯的元素<gi>gloss</gi></desc>

          <valDesc>the result of applying the algorithm for the resolution of canonical references
            (described in section <ptr target="#SACR"/>) should be a valid URI reference that
            resolves to a <gi>gloss</gi> element</valDesc>
          <valDesc xml:lang="zh-tw" notBefore="2007-05-02">使用解析標準參照演算後的結果 (詳見章節<ptr target="#SACR"/>) 應該是有效的統一資源識別符，可參照到一個元素<gi>gloss</gi></valDesc>

        </attDef>
      </attList>
      <attDef ident="sortKey" usage="opt">

        <desc>supplies the sort key for this term in an index.</desc>
        <desc xml:lang="zh-tw" notBefore="2007-05-02">提供索引中該專有名詞的排序關鍵。</desc>

        <valDesc>any string of Unicode characters.</valDesc>
        <valDesc xml:lang="zh-tw" notBefore="2007-05-02">可用任何連續的統一碼協定 (Unicode) 字串表示。</valDesc>


      </attDef>
    </attList>




  </elementSpec>
  <elementSpec ident="sic" module="core">

    <gloss/>
    <gloss type="gloss" xml:lang="zh-tw" notBefore="2007-05-02"/>
    <desc>contains text reproduced although apparently incorrect or inaccurate.</desc>
    <desc xml:lang="zh-tw" notBefore="2007-05-02">包含看似錯誤但仍照實轉錄的文本。</desc>







  </elementSpec>
  <elementSpec ident="corr" module="core">

    <gloss>correction</gloss>
    <gloss type="gloss" xml:lang="zh-tw" notBefore="2007-05-02">更正</gloss>
    <desc>contains the correct form of a passage apparently erroneous in the copy text.</desc>
    <desc xml:lang="zh-tw" notBefore="2007-05-02">包含文本中看似錯誤並加以更正過後的文字。</desc>





  </elementSpec>
  <elementSpec xmlns:rng="http://relaxng.org/ns/structure/1.0" ident="choice" module="core">
    <gloss/>
    <gloss type="gloss" xml:lang="zh-tw" notBefore="2007-05-02"/>
    <desc>groups a number of alternative encodings for the same point in a text.</desc>
    <desc xml:lang="zh-tw" notBefore="2007-05-02">匯集文件中對於同一部分文字所有可供替換的不同標記。</desc>





  </elementSpec>
  <elementSpec ident="reg" module="core">

    <gloss>regularization</gloss>
    <gloss type="gloss" xml:lang="zh-tw" notBefore="2007-05-02">一般化</gloss>
    <desc>contains a reading which has been regularized or normalized in some sense.</desc>
    <desc xml:lang="zh-tw" notBefore="2007-05-02">標誌一般化或規格化處理過的文字。</desc>






  </elementSpec>
  <elementSpec ident="orig" module="core">

    <gloss>original form</gloss>
    <gloss type="gloss" xml:lang="zh-tw" notBefore="2007-05-02">原文格式</gloss>
    <desc>contains a reading which is marked as following the original, rather than being normalized
      or corrected.</desc>
    <desc xml:lang="zh-tw" notBefore="2007-05-02">標誌原文中呈現的文字，並且未經過任何修改或規格化處理。</desc>






  </elementSpec>
  <elementSpec xmlns:rng="http://relaxng.org/ns/structure/1.0" ident="gap" module="core">

    <gloss>omitted material</gloss>
    <gloss type="gloss" xml:lang="zh-tw" notBefore="2007-05-02">省略的資料</gloss>
    <desc>indicates a point where material has been omitted in a transcription, whether for
      editorial reasons described in the TEI header, as part of sampling practice, or because the
      material is illegible or inaudible.</desc>
    <desc xml:lang="zh-tw" notBefore="2007-05-02">指出轉錄時被省略部分的位置，省略也許是出於 TEI標頭裡描述的編輯上的理由、也許是因為抽樣轉錄而省略、或是因為資料不明難以辨認或聽懂。</desc>


    <attList>
      <attDef ident="reason" usage="opt">

        <desc>gives the reason for omission. Sample values include <mentioned>sampling</mentioned>,
            <mentioned>illegible</mentioned>, <mentioned>inaudible</mentioned>,
            <mentioned>irrelevant</mentioned>, <mentioned>cancelled</mentioned>,
            <mentioned>cancelled and illegible</mentioned>.</desc>
        <desc xml:lang="zh-tw" notBefore="2007-05-02">說明省略的原因。屬性值的例子有<mentioned>sampling</mentioned>、<mentioned>illegible</mentioned>、<mentioned>inaudible</mentioned>、<mentioned>irrelevant</mentioned>、<mentioned>cancelled</mentioned>、<mentioned>cancelled and illegible</mentioned>。</desc>

        <valDesc>any short indication of the reason for the omission.</valDesc>
        <valDesc xml:lang="zh-tw" notBefore="2007-05-02">簡短說明省略的原因。</valDesc>

      </attDef>
      <attDef ident="hand" usage="opt">

        <desc>in the case of text omitted from the transcription because of deliberate deletion by
          an identifiable hand, signifies the hand which made the deletion.</desc>
        <desc xml:lang="zh-tw" notBefore="2007-05-02">若省略的內容是被身分明確的抄寫員由轉錄當中刻意刪除，則在此表明抄寫員的身分。</desc>

        <valDesc>must be one of the hand identifiers declared in the document header (see section
            <ptr target="#PHDH"/>).</valDesc>
        <valDesc xml:lang="zh-tw" notBefore="2007-05-02">必須是文件標頭裡宣告過的人員之一 (詳見章節<ptr target="#PHDH"/>)。</valDesc>

      </attDef>
      <attDef ident="agent" usage="opt">

        <desc>In the case of text omitted because of damage, categorizes the cause of the damage, if
          it can be identified.</desc>
        <desc xml:lang="zh-tw" notBefore="2007-05-02">若省略是由於內容遭受損毀，且可識別損毀原因，則針對損毀原因加以分類。</desc>

        <valList type="open">
          <valItem ident="rubbing">
            <gloss>damage results from rubbing of the leaf edges</gloss>
            <gloss type="gloss" xml:lang="zh-tw" notBefore="2007-05-02">損毀起因於書頁邊緣摩擦受損</gloss>
          </valItem>
          <valItem ident="mildew">
            <gloss>damage results from mildew on the leaf surface</gloss>
            <gloss type="gloss" xml:lang="zh-tw" notBefore="2007-05-02">損毀起因於書頁表面發霉</gloss>
          </valItem>
          <valItem ident="smoke">
            <gloss>damage results from smoke</gloss>
            <gloss type="gloss" xml:lang="zh-tw" notBefore="2007-05-02">損毀起因於煙燻</gloss>
          </valItem>
        </valList>

      </attDef>

      <attDef ident="extent" usage="opt">

        <desc>indicates approximately how much text has been omitted from the transcription, in
          letters, minims, inches, or any appropriate unit, either because of editorial policy or
          because a deletion, damage, or other cause has rendered transcription impossible.</desc>
        <desc xml:lang="zh-tw" notBefore="2007-05-02">約略指出在轉錄當中省略的文字量，可用字母數、公釐、英吋、或其他適當的單位來表示。省略可能是出於編輯策略、來源文本中的刪除、損毀、或其他因素而導致無法轉錄。</desc>

        <valDesc>any string of characters</valDesc>
        <valDesc xml:lang="zh-tw" notBefore="2007-05-02">可用任何字串表示</valDesc>


      </attDef>
    </attList>



  </elementSpec>
  <elementSpec ident="add" module="core">

    <gloss>addition</gloss>
    <gloss type="gloss" xml:lang="zh-tw" notBefore="2007-05-02">插入</gloss>
    <desc>contains letters, words, or phrases inserted in the text by an author, scribe, annotator,
      or corrector.</desc>
    <desc xml:lang="zh-tw" notBefore="2007-05-02">包含由作者、抄寫者、註解者、或更正者在文本中插入的字母、單字或詞彙。</desc>
    
    <attList>
      <attDef ident="place" usage="opt">
        
        <desc>-if the addition is written into the copy text, indicates where the additional text is written..</desc>
        <desc xml:lang="zh-tw" notBefore="2007-05-02">-若插入的內容是寫在文本上，則指明插入的位置。</desc>
        
        <valList type="open">
          <valItem ident="inline">
            
            <gloss>(addition is made in a space left in the witness by an earlier scribe)</gloss>
            <gloss type="gloss" xml:lang="zh-tw" notBefore="2007-05-02">(插入的內容位於寫本之前抄寫者留空的地方)</gloss>
          </valItem>
          <valItem ident="supralinear">
            
            <gloss>(addition is made above the line)</gloss>
            <gloss type="gloss" xml:lang="zh-tw" notBefore="2007-05-02">(插入的內容位於行的上方)</gloss>
          </valItem>
          <valItem ident="infralinear">
            
            <gloss>(addition is made below the line)</gloss>
            <gloss type="gloss" xml:lang="zh-tw" notBefore="2007-05-02">(插入的內容位於行的下方)</gloss>
          </valItem>
          <valItem ident="left">
            
            <gloss>(addition is made in left margin)</gloss>
            <gloss type="gloss" xml:lang="zh-tw" notBefore="2007-05-02">(插入的內容位於頁左方空白處)</gloss>
          </valItem>
          <valItem ident="right">
            
            <gloss>(addition is made in right margin)</gloss>
            <gloss type="gloss" xml:lang="zh-tw" notBefore="2007-05-02">(插入的內容位於頁右方空白處)</gloss>
          </valItem>
          <valItem ident="top">
            
            <gloss>(addition is made in top margin)</gloss>
            <gloss type="gloss" xml:lang="zh-tw" notBefore="2007-05-02">(插入的內容位於頁首空白處)</gloss>
          </valItem>
          <valItem ident="bottom">
            
            <gloss>(addition is made in bottom margin)</gloss>
            <gloss type="gloss" xml:lang="zh-tw" notBefore="2007-05-02">(插入的內容位於頁尾空白處)</gloss>
          </valItem>
          <valItem ident="opposite">
            
            <gloss>(addition is made on opposite page)</gloss>
            <gloss type="gloss" xml:lang="zh-tw" notBefore="2007-05-02">(插入的內容位於對頁頁面上)</gloss>
          </valItem>
          <valItem ident="verso">
            
            <gloss>(addition is made on verso of sheet)</gloss>
            <gloss type="gloss" xml:lang="zh-tw" notBefore="2007-05-02">(插入的內容位於反頁頁面上)</gloss>
          </valItem>
          <valItem ident="mixed">
            
            <gloss>(addition is made somewhere, one or more of other values)</gloss>
            <gloss type="gloss" xml:lang="zh-tw" notBefore="2007-05-02">(插入的內容所在位置符合一個以上其他屬性值的條件</gloss>
          </valItem>
        </valList>
        
      </attDef>
    </attList>




  </elementSpec>
  <elementSpec ident="del" module="core">

    <gloss>deletion</gloss>
    <gloss type="gloss" xml:lang="zh-tw" notBefore="2007-05-02">刪除</gloss>
    <desc>contains a letter, word or passage deleted, marked as deleted, or otherwise indicated as
      superfluous or spurious in the copy text by an author, scribe, annotator, or corrector.</desc>
    <desc xml:lang="zh-tw" notBefore="2007-05-02">標記在文本中，由作者、抄寫者、註解者、或更正者刪除、標上刪除記號、或者標明為多餘或偽造的字母或單字。</desc>





  </elementSpec>
  <elementSpec ident="unclear" module="core">

    <gloss/>
    <gloss type="gloss" xml:lang="zh-tw" notBefore="2007-05-02"/>
    <desc>contains a word, phrase, or passage which cannot be transcribed with certainty because it
      is illegible or inaudible in the source.</desc>
    <desc xml:lang="zh-tw" notBefore="2007-05-02">在來源文本中難以辨認或聽懂而無法確實轉錄的單字、詞組、或段落。</desc>


    <attList>
      <attDef ident="reason" usage="opt">

        <desc>indicates why the material is hard to transcribe.</desc>
        <desc xml:lang="zh-tw" notBefore="2007-05-02">指出資料難以轉錄的原因。</desc>

        <valDesc>any phrase describing the difficulty, e.g. <mentioned>faded</mentioned>,
            <mentioned>ambient noise</mentioned>, <mentioned>passing truck</mentioned>,
            <mentioned>ill formed</mentioned>, <mentioned>eccentric ductus</mentioned>.</valDesc>
        <valDesc xml:lang="zh-tw" notBefore="2007-05-02">任何描述轉錄困難的字詞，例如<mentioned>褪色</mentioned>, <mentioned>週遭噪音</mentioned>, <mentioned>卡車經過</mentioned>, <mentioned>製造缺陷</mentioned>, <mentioned>筆跡偏離</mentioned>。 </valDesc>

      </attDef>

      <attDef ident="hand" usage="opt">

        <desc>Where the difficulty in transcription arises from action (partial deletion, etc.)
          assignable to an identifiable hand, signifies the hand responsible for the action.</desc>
        <desc xml:lang="zh-tw" notBefore="2007-05-02">若轉錄困難是由身分明確的執行者所造成 (例如部分刪除)，則在此表明執行者的身分。</desc>

        <valDesc>must be one of the hand identifiers declared in the document header (see section
            <ptr target="#PHDH"/>).</valDesc>
        <valDesc xml:lang="zh-tw" notBefore="2007-05-02">必須是文件標頭裡宣告過的人員之一 (詳見章節<ptr target="#PHDH"/>)。</valDesc>

      </attDef>
      <attDef ident="agent" usage="opt">

        <desc>Where the difficulty in transcription arises from damage, categorizes the cause of the
          damage, if it can be identified.</desc>
        <desc xml:lang="zh-tw" notBefore="2007-05-02">若因為內容遭受損毀而引起轉錄困難，且可辨別出損毀的導因，則在此加以說明。</desc>

        <valList type="open">
          <valItem ident="rubbing">
            <gloss>damage results from rubbing of the leaf edges</gloss>
            <gloss type="gloss" xml:lang="zh-tw" notBefore="2007-05-02">損毀起因於書頁邊緣摩擦受損</gloss>
          </valItem>
          <valItem ident="mildew">
            <gloss>damage results from mildew on the leaf surface</gloss>
            <gloss type="gloss" xml:lang="zh-tw" notBefore="2007-05-02">損毀起因於書頁表面發霉</gloss>
          </valItem>
          <valItem ident="smoke">
            <gloss>damage results from smoke</gloss>
            <gloss type="gloss" xml:lang="zh-tw" notBefore="2007-05-02">損毀起因於煙燻</gloss>
          </valItem>
        </valList>

      </attDef>
    </attList>



  </elementSpec>
  <elementSpec ident="name" module="core">

    <gloss>name, proper noun</gloss>
    <gloss type="gloss" xml:lang="zh-tw" notBefore="2007-05-02">名稱，特定名稱</gloss>
    <desc>contains a proper noun or noun phrase.</desc>
    <desc xml:lang="zh-tw" notBefore="2007-05-02">包含一個特定名稱 或名詞詞組。</desc>


    <attList>
      <attDef ident="type" usage="rec">

        <desc>indicates the type of the object which is being named by the phrase.</desc>
        <desc xml:lang="zh-tw" notBefore="2007-05-02">說明該名稱所表示項目的種類。</desc>

        <valDesc>Values such as person, place, institution, product, acronym.</valDesc>
        <valDesc xml:lang="zh-tw" notBefore="2007-05-02">屬性值包括人物、地點、機構、產品、字頭語等。</valDesc>
      </attDef>
    </attList>



  </elementSpec>
  <elementSpec ident="rs" module="core">

    <gloss>referencing string</gloss>
    <gloss type="gloss" xml:lang="zh-tw" notBefore="2007-05-02">參照字串</gloss>
    <desc>contains a general purpose name or referring string.</desc>
    <desc xml:lang="zh-tw" notBefore="2007-05-02">包含一般名稱或參照字串。</desc>


    <attList>
      <attDef ident="type" usage="mwa">

        <desc>indicates more specifically the object referred to by the referencing string. Values
          might include <q>person</q>, <q>place</q>, <q>ship</q>, <q>element</q> etc.</desc>
        <desc xml:lang="zh-tw" notBefore="2007-05-02">更詳細指出參照字串所表示的對象。屬性值可包含<q>person</q>、<q>place</q>、<q>ship</q>、<q>element</q>等</desc>

        <valDesc>Any string of characters.</valDesc>
        <valDesc xml:lang="zh-tw" notBefore="2007-05-02">連續的字串。</valDesc>
      </attDef>
    </attList>



  </elementSpec>
  <elementSpec xmlns:rng="http://relaxng.org/ns/structure/1.0" ident="email" module="core">

    <gloss/>
    <gloss type="gloss" xml:lang="zh-tw" notBefore="2007-05-02"/>
    <desc>contains an e-mail address identifying a location to which e-mail messages can be
      delivered. </desc>
    <desc xml:lang="zh-tw" notBefore="2007-05-02">包含一個電子郵件位址，標明電子郵件訊息可傳送的位置。</desc>





  </elementSpec>
  <elementSpec ident="address" module="core">

    <gloss/>
    <gloss type="gloss" xml:lang="zh-tw" notBefore="2007-05-02"/>
    <desc>contains a postal address, for example of a publisher, an organization, or an individual.</desc>
    <desc xml:lang="zh-tw" notBefore="2007-05-02">包含出版者、機構、或是個人的郵寄地址或其他地址。</desc>






  </elementSpec>
  <elementSpec ident="addrLine" module="core">

    <gloss/>
    <gloss type="gloss" xml:lang="zh-tw" notBefore="2007-05-02"/>
    <desc>contains one line of an address.</desc>
    <desc xml:lang="zh-tw" notBefore="2007-05-02">包含郵寄地址或其他地址其的一行。</desc>






  </elementSpec>
  <elementSpec ident="street" module="core">

    <gloss>street</gloss>
    <gloss type="gloss" xml:lang="zh-tw" notBefore="2007-05-02">街道</gloss>
    <desc>a full street address including any name or number identifying a building as well as the
      name of the street or route on which it is located.</desc>
    <desc xml:lang="zh-tw" notBefore="2007-05-02">完整的街道地址，包含任何名稱或數字，用以識別一棟建築物以及所在街道名稱。</desc>






  </elementSpec>
  <elementSpec ident="postCode" module="core">

    <gloss>postCode</gloss>
    <gloss type="gloss" xml:lang="zh-tw" notBefore="2007-05-02">郵遞區號</gloss>
    <desc>contains a numerical or alphanumeric code used as part of a postal address to simplify
      sorting or delivery of mail. </desc>
    <desc xml:lang="zh-tw" notBefore="2007-05-02">包含一個數字或字母加數字的區域代碼，屬於郵寄地址的一部分，用以簡化郵件的分類及寄送工作。</desc>






  </elementSpec>
  <elementSpec ident="postBox" module="core">

    <gloss>postBox</gloss>
    <gloss type="gloss" xml:lang="zh-tw" notBefore="2007-05-02">郵政信箱</gloss>
    <desc>contains a number or other identifier for some postal delivery point other than a street
      address. </desc>
    <desc xml:lang="zh-tw" notBefore="2007-05-02">包含一個數字或其他識別名稱，標示街道地址之外的郵件寄送點。</desc>






  </elementSpec>
  <elementSpec ident="num" module="core">

    <gloss>number</gloss>
    <gloss type="gloss" xml:lang="zh-tw" notBefore="2007-05-02">數字</gloss>
    <desc>contains a number, written in any form.</desc>
    <desc xml:lang="zh-tw" notBefore="2007-05-02">包含一個以任何形式呈現的數字。</desc>


    <attList>
      <attDef ident="type" usage="opt">

        <desc>indicates the type of numeric value.</desc>
        <desc xml:lang="zh-tw" notBefore="2007-05-02">指出數值的種類。</desc>

        <valList type="semi">
          <valItem ident="cardinal">

            <gloss>absolute number, e.g. 21, 21.5</gloss>
            <gloss type="gloss" xml:lang="zh-tw" notBefore="2007-05-02">絕對數，例如21、21.5</gloss>
          </valItem>
          <valItem ident="ordinal">

            <gloss>ordinal number, e.g. 21st</gloss>
            <gloss type="gloss" xml:lang="zh-tw" notBefore="2007-05-02">序數，例如第21</gloss>
          </valItem>
          <valItem ident="fraction">

            <gloss>fraction, e.g. one half or three-quarters</gloss>
            <gloss type="gloss" xml:lang="zh-tw" notBefore="2007-05-02">分數，例如二分之一或是四分之三</gloss>
          </valItem>
          <valItem ident="percentage">

            <gloss>a percentage</gloss>
            <gloss type="gloss" xml:lang="zh-tw" notBefore="2007-05-02">百分比</gloss>
          </valItem>
        </valList>

      </attDef>
      <attDef ident="value" usage="opt">

        <desc>supplies the value of the number in standard form.</desc>
        <desc xml:lang="zh-tw" notBefore="2007-05-02">用標準形式來說明該數字所代表的值。</desc>

        <valDesc>a numeric value.</valDesc>
        <valDesc xml:lang="zh-tw" notBefore="2007-05-02">一個數值。</valDesc>

      </attDef>
    </attList>



  </elementSpec>
  <elementSpec ident="measure" module="core">

    <gloss/>
    <gloss type="gloss" xml:lang="zh-tw" notBefore="2007-05-02"/>
    <desc>contains a word or phrase referring to some quantity of an object or commodity, usually
      comprising a number, a unit, and a commodity name.</desc>
    <desc xml:lang="zh-tw" notBefore="2007-05-02">包含用來表示某物品數量的字詞，通常是由數字、單位和物品名稱所組成。</desc>


    <attList>
      <attDef ident="type" usage="mwa">

        <desc>specifies the type of measurement in any convenient typology.</desc>
        <desc xml:lang="zh-tw" notBefore="2007-05-02">用任何適合的分類方法來說明度量的種類。</desc>


      </attDef>
    </attList>




  </elementSpec>
  <elementSpec ident="date" module="core">

    <gloss/>
    <gloss type="gloss" xml:lang="zh-tw" notBefore="2007-05-02"/>
    <desc>contains a date in any format.</desc>
    <desc xml:lang="zh-tw" notBefore="2007-05-02">包含任何格式的日期表示。</desc>


    <attList>
      <attDef ident="calendar" usage="opt">

        <desc>indicates the system or calendar to which the date belongs.</desc>
        <desc xml:lang="zh-tw" notBefore="2007-05-02">指明該日期表示所使用的曆法計算系統。</desc>

        <valList type="semi">
          <valItem ident="Gregorian">
            <desc>Gregorian calendar</desc>
            <desc xml:lang="zh-tw" notBefore="2007-05-02">格里高里曆</desc>
          </valItem>
          <valItem ident="Julian">
            <desc>Julian calendar</desc>
            <desc xml:lang="zh-tw" notBefore="2007-05-02">凱撒曆</desc>
          </valItem>
          <valItem ident="Islamic">
            <desc>Islamic or Muslim (hijri) lunar calendar</desc>
            <desc xml:lang="zh-tw" notBefore="2007-05-02">伊斯蘭或穆斯林 (哈吉來) 陽曆</desc>
          </valItem>
          <valItem ident="Hebrew">
            <desc>Hebrew or Jewish lunisolar calendar</desc>
            <desc xml:lang="zh-tw" notBefore="2007-05-02">希伯來或猶太陰陽曆</desc>
          </valItem>
          <valItem ident="Revolutionary">
            <desc>French Revolutionary calendar</desc>
            <desc xml:lang="zh-tw" notBefore="2007-05-02">法國共和曆 </desc>
          </valItem>
          <valItem ident="Iranian">
            <desc>Iranian or Persian (Jalaali) solar calendar</desc>
            <desc xml:lang="zh-tw" notBefore="2007-05-02">伊朗或波斯 (Jalaali) 陽曆</desc>
          </valItem>
          <valItem ident="Coptic">
            <desc>Coptic or Alexandrian calendar</desc>
            <desc xml:lang="zh-tw" notBefore="2007-05-02">埃及古曆或亞歷山大曆</desc>
          </valItem>
          <valItem ident="Chinese">
            <desc>Chinese lunisolar calendar</desc>
            <desc xml:lang="zh-tw" notBefore="2007-05-02">中國陰陽曆</desc>
          </valItem>
        </valList>

      </attDef>
    </attList>





  </elementSpec>
  <elementSpec ident="time" module="core">

    <gloss/>
    <gloss type="gloss" xml:lang="zh-tw" notBefore="2007-05-02"/>
    <desc>contains a phrase defining a time of day in any format.</desc>
    <desc xml:lang="zh-tw" notBefore="2007-05-02">包含一組字詞，以任何形式定義時間</desc>





  </elementSpec>
  <elementSpec ident="abbr" module="core">

    <gloss>abbreviation</gloss>
    <gloss type="gloss" xml:lang="zh-tw" notBefore="2007-05-02">縮寫</gloss>
    <desc>contains an abbreviation of any sort.</desc>
    <desc xml:lang="zh-tw" notBefore="2007-05-02">包含任何形式的縮寫。</desc>


    <attList>
      <attDef ident="type" usage="opt">

        <desc>allows the encoder to classify the abbreviation according to some convenient typology.</desc>
        <desc xml:lang="zh-tw" notBefore="2007-05-02">標記者可以用合宜的分類方法將縮寫形式分類。</desc>

        <valList type="open">
          <valItem ident="suspension">

            <gloss>the abbreviation provides the first letter(s) of the word or phrase, omitting the
              remainder.</gloss>
            <gloss type="gloss" xml:lang="zh-tw" notBefore="2007-05-02">僅提供字詞開端的一個或一個以上的字母，並省略其他部分的縮寫形式。</gloss>
          </valItem>
          <valItem ident="contraction">

            <gloss>the abbreviation omits some letter(s) in the middle.</gloss>
            <gloss type="gloss" xml:lang="zh-tw" notBefore="2007-05-02">省略單字當中某些字母的縮寫形式。</gloss>
          </valItem>
          <valItem ident="brevigraph">

            <gloss>the abbreviation comprises a special symbol or mark.</gloss>
            <gloss type="gloss" xml:lang="zh-tw" notBefore="2007-05-02">包含特殊符號或標記的縮寫形式。</gloss>
          </valItem>
          <valItem ident="superscription">

            <gloss>the abbreviation includes writing above the line.</gloss>
            <gloss type="gloss" xml:lang="zh-tw" notBefore="2007-05-02">包含上標文字的縮寫形式。</gloss>
          </valItem>
          <valItem ident="acronym">
           
            <gloss>the abbreviation comprises the initial letters of the words of a phrase.</gloss>
            <gloss type="gloss" xml:lang="zh-tw" notBefore="2007-05-02">僅包含一詞組當中字首字母的縮寫形式。</gloss>
          </valItem>
          <valItem ident="title">

            <gloss>the abbreviation is for a title of address (Dr, Ms, Mr, …)</gloss>
            <gloss type="gloss" xml:lang="zh-tw" notBefore="2007-05-02">用於頭銜稱呼的縮寫 (Dr, Ms, Mr, &#x2026;)。</gloss>
          </valItem>
          <valItem ident="organization">

            <gloss>the abbreviation is for the name of an organization.</gloss>
            <gloss type="gloss" xml:lang="zh-tw" notBefore="2007-05-02">用於機構團體名稱的縮寫。</gloss>
          </valItem>
          <valItem ident="geographic">

            <gloss>the abbreviation is for a geographic name.</gloss>
            <gloss type="gloss" xml:lang="zh-tw" notBefore="2007-05-02">用於地理名稱的縮寫。</gloss>
          </valItem>
        </valList>

      </attDef>
    </attList>




  </elementSpec>
  <elementSpec ident="expan" module="core">

    <gloss>expansion</gloss>
    <gloss type="gloss" xml:lang="zh-tw" notBefore="2008-05-02">縮寫還原</gloss>
    <desc>contains the expansion of an abbreviation.</desc>
    <desc xml:lang="zh-tw" notBefore="2007-05-02">包含一個縮寫詞的還原形式。</desc>





  </elementSpec>
  <elementSpec ident="ptr" module="core">

    <gloss/>
    <gloss type="gloss" xml:lang="zh-tw" notBefore="2007-05-02"/>
    <desc>defines a pointer to another location.</desc>
    <desc xml:lang="zh-tw" notBefore="2007-05-02">標明一個與其他位置相連結的指標。</desc>


    <attList org="choice">
      <attDef ident="target" usage="req">

        <desc>specifies the destination of the pointer by supplying one or more URI References</desc>
        <desc xml:lang="zh-tw" notBefore="2007-05-02">提供一個或多個統一資源識別符參照 (URI References) 來具體說明指標所指的位置。</desc>

        <valDesc>One or more syntactically valid URI references, separated by white space. Because
          whitespace is used to separate URIs, no whitespace is permitted inside a single URI. If a
          whitespace character is required in a URI, it should be escaped with the normal mechanism,
          e.g. <code>TEI%20Consortium</code>.</valDesc>
        <valDesc xml:lang="zh-tw" notBefore="2007-05-02">一個或多個語法正確的統一資源識別符參照 (URI)，且多個統一資源識別符之間必須以空白鍵隔開。單一統一資源識別符之中不允許有空白，若必須有空白，則應該使用標準機制來逸出，例如<code>TEI%20Consortium</code>。</valDesc>
      </attDef>
      <attDef ident="cRef" usage="opt">

        <desc>specifies the destination of the pointer by supplying a canonical reference from a
          scheme defined in a <gi>refsDecl</gi> element in the TEI header</desc>
        <desc xml:lang="zh-tw" notBefore="2007-05-02">用元素<gi>refsDecl</gi>在TEI標頭內所定義的標準參照來說明指標所指位置。</desc>

        <valDesc>the result of applying the algorithm for the resolution of canonical references
          (described in section <ptr target="#SACR"/>) should be a valid URI reference to the
          intended target</valDesc>
        <valDesc xml:lang="zh-tw" notBefore="2007-05-02">使用解析標準參照演算後的結果 (詳見章節<ptr target="#SACR"/>) 應該是有效的統一資源識別符，可參照到目標位置。 </valDesc>

      </attDef>
    </attList>



  </elementSpec>
  <elementSpec ident="ref" module="core">

    <gloss/>
    <gloss type="gloss" xml:lang="zh-tw" notBefore="2007-05-02"/>
    <desc>defines a reference to another location, possibly modified by additional text or comment.</desc>
    <desc xml:lang="zh-tw" notBefore="2007-05-02">標明與其他位置互相參照的符號，或許包含附加的文字或註解。</desc>


    <attList org="choice">
      <attDef ident="target" usage="opt">

        <desc>specifies the destination of the reference by supplying one or more URI References</desc>
        <desc xml:lang="zh-tw" notBefore="2007-05-02">用一個或多個統一資源識別符參照 (URI References) 來說明參照所指位置。</desc>

        <valDesc>One or more syntactically valid URI references, separated by white space. Because
          whitespace is used to separate URIs, no whitespace is permitted inside a single URI. If a
          whitespace character is required in a URI, it should be escaped with the normal mechanism,
          e.g. <code>TEI%20Consortium</code>.</valDesc>
        <valDesc xml:lang="zh-tw" notBefore="2007-05-02">一個或多個語法正確的統一資源識別符參照 (URI)，且多個統一資源識別符之間必須以空白鍵隔開。單一統一資源識別符之中不允許有空白，若必須有空白，則應該使用標準機制來逸出，例如<code>TEI%20Consortium</code>。</valDesc>
      </attDef>
      <attDef ident="cRef" usage="opt">

        <desc>specifies the destination of the reference by supplying a canonical reference from a
          scheme defined in a <gi>refsDecl</gi> element in the TEI header</desc>
        <desc xml:lang="zh-tw" notBefore="2007-05-02">用元素<gi>refsDecl</gi>在TEI標頭內所定義的標準參照來說明參照所指位置。</desc>

        <valDesc>the result of applying the algorithm for the resolution of canonical references
          (described in section <ptr target="#SACR"/>) should be a valid URI reference to the
          intended target</valDesc>
        <valDesc xml:lang="zh-tw" notBefore="2007-05-02">使用解析標準參照演算後的結果 (詳見章節<ptr target="#SACR"/>) 應該是有效的統一資源識別符，可參照到目標位置。</valDesc>

      </attDef>
    </attList>



  </elementSpec>
  <elementSpec ident="list" module="core">

    <gloss/>
    <gloss type="gloss" xml:lang="zh-tw" notBefore="2007-05-02"/>
    <desc>contains any sequence of items organized as a list.</desc>
    <desc xml:lang="zh-tw" notBefore="2007-05-02">包含以列表方式呈現的任何連續項目。</desc>


    <attList>
      <attDef ident="type" usage="opt">

        <desc>describes the form of the list.</desc>
        <desc xml:lang="zh-tw" notBefore="2007-05-02">描述列表的形式。</desc>


        <valList type="semi">
          <valItem ident="ordered">

            <gloss>list items are numbered or lettered. </gloss>
            <gloss type="gloss" xml:lang="zh-tw" notBefore="2007-05-02">列表項目以數字或字母依順序排列。</gloss>
          </valItem>
          <valItem ident="bulleted">

            <gloss>list items are marked with a bullet or other typographic device. </gloss>
            <gloss type="gloss" xml:lang="zh-tw" notBefore="2007-05-02">列表項目以黑點或其他印刷符號排列。</gloss>
          </valItem>
          <valItem ident="simple">

            <gloss>list items are not numbered or bulleted. </gloss>
            <gloss type="gloss" xml:lang="zh-tw" notBefore="2007-05-02">列表項目的排列沒有用數字或任何其他符號作標記。</gloss>
          </valItem>
          <valItem ident="gloss">

            <gloss>each list item glosses some term or concept, which is given by a label element
              preceding the list item.</gloss>
            <gloss type="gloss" xml:lang="zh-tw" notBefore="2007-05-02">各列表項目為一些字詞或概念下註解，每個項目之前並帶有標籤元素。</gloss>
          </valItem>
        </valList>


      </attDef>
    </attList>





  </elementSpec>
  <elementSpec ident="item" module="core">

    <gloss/>
    <gloss type="gloss" xml:lang="zh-tw" notBefore="2007-05-02"/>
    <desc>contains one component of a list.</desc>
    <desc xml:lang="zh-tw" notBefore="2007-05-02">包含列表中的一個項目。</desc>




  </elementSpec>
  <elementSpec ident="label" module="core">

    <gloss/>
    <gloss type="gloss" xml:lang="zh-tw" notBefore="2007-05-02"/>
    <desc>contains the label associated with an item in a list; in glossaries, marks the term being
      defined.</desc>
    <desc xml:lang="zh-tw" notBefore="2007-05-02">包含和列表中某項目相關聯的標號；在詞彙表中則用來標記被定義的字詞。</desc>







  </elementSpec>
  <elementSpec ident="head" module="core">

    <gloss>heading</gloss>
    <gloss type="gloss" xml:lang="zh-tw" notBefore="2007-05-02">標題</gloss>
    <desc>contains any type of heading, for example the title of a section, or the heading of a
      list, glossary, manuscript description, etc.</desc>
    <desc xml:lang="zh-tw" notBefore="2007-05-02">包含任何種類的標題，如章節、列表、詞彙表、寫本描述等的標題。</desc>


    <attList>
      <attDef ident="type" usage="opt">

        <desc>categorizes the heading in any way meaningful to the encoder. </desc>
        <desc xml:lang="zh-tw" notBefore="2007-05-02">標記者可自行用任何方法將標題分類。</desc>

        <valDesc>A set of user-defined keywords may be employed. Their significance should be
          documented in the header. </valDesc>
        <valDesc xml:lang="zh-tw" notBefore="2007-05-02">可使用自行定義的一組關鍵字，其所代表的意義必須在標頭裡註明。</valDesc>
      </attDef>
    </attList>




  </elementSpec>
  <elementSpec ident="headLabel" module="core">

    <gloss>heading for list labels</gloss>
    <gloss type="gloss" xml:lang="zh-tw" notBefore="2007-05-02">列表標籤的標題</gloss>
    <desc>contains the heading for the label or term column in a glossary list or similar structured
      list.</desc>
    <desc xml:lang="zh-tw" notBefore="2007-05-02">包含詞彙列表或結構類似的列表中標籤或專有名詞欄位的標題。</desc>




  </elementSpec>
  <elementSpec ident="headItem" module="core">

    <gloss>heading for list items</gloss>
    <gloss type="gloss" xml:lang="zh-tw" notBefore="2007-05-02">列表項目的標題</gloss>
    <desc>contains the heading for the item or gloss column in a glossary list or similar structured
      list.</desc>
    <desc xml:lang="zh-tw" notBefore="2007-05-02">包含詞彙列表或結構類似的列表中項目或註解欄位的標題。</desc>




  </elementSpec>
  <elementSpec ident="note" module="core">
    <desc>contains a note or annotation.</desc>
    <desc xml:lang="zh-tw" notBefore="2007-05-02">包含附註或註釋。</desc>


    <attList>
      <attDef ident="type" usage="opt">

        <desc>describes the type of note.</desc>
        <desc xml:lang="zh-tw" notBefore="2007-05-02">說明附註的種類。 </desc>

        <valDesc>Values can be taken from any convenient typology of annotation suitable to the work
          in hand; e.g. annotation, gloss, citation, digression, preliminary, temporary</valDesc>
        <valDesc xml:lang="zh-tw" notBefore="2007-05-02">任何適用的註釋分類皆可用作屬性值；例如annotation、gloss、citation、digression、preliminary、temporary</valDesc>
      </attDef>
      <attDef ident="resp" usage="rwa">

        <desc>indicates who is responsible for the annotation: author, editor, translator, etc.</desc>
        <desc xml:lang="zh-tw" notBefore="2007-05-02">指出該註釋的責任歸屬者：作者、編者或譯者等。</desc>

        <valDesc>a pointer to one of the identifiers declared in the document header, associated
          with a person asserted as responsible for some aspect of the text's creation,
          transcription, editing, encoding, or annotation</valDesc>
        <valDesc xml:lang="zh-tw" notBefore="2007-05-02">指出一個文件標頭裡宣告過的人員，該人員負責文本某些層面上的創作、轉錄、編輯、編碼或附註。</valDesc>

      </attDef>
      <attDef ident="anchored" usage="opt">

        <desc>indicates whether the copy text shows the exact place of reference for the note.</desc>
        <desc xml:lang="zh-tw" notBefore="2007-05-02">說明文本是否顯示附註的確切參照位置。</desc>



      </attDef>
      <attDef ident="target" usage="rwa">

        <desc>indicates the point (or points) of attachment for a note, or the beginning of the span
          to which the note is attached.</desc>
        <desc xml:lang="zh-tw" notBefore="2007-05-02">指出一個 (或數個) 附註的所註點，或是所註範圍的起點。</desc>

        <valDesc>reference to the <att>xml:id</att>s of element(s) which begin at the location in
          question (e.g. the <att>xml:id</att> of an <gi>anchor</gi> element).</valDesc>
        <valDesc xml:lang="zh-tw" notBefore="2007-05-02">參照到位於所註處起點的元素之屬性<att>xml:id</att> (例如元素<gi>anchor</gi>的屬性<att>xml:id</att>) 。</valDesc>


      </attDef>
      <attDef ident="targetEnd" usage="rwa">

        <desc>points to the end of the span to which the note is attached, if the note is not
          embedded in the text at that point.</desc>
        <desc xml:lang="zh-tw" notBefore="2007-05-02">如果附註不是嵌在正文中，則用以標明附註所註範圍的終點。 </desc>

        <valDesc>reference to the <att>xml:id</att>(s) of element(s) which <emph>end</emph> at the
          location(s) in question, or to an empty element at the point in question.</valDesc>
        <valDesc xml:lang="zh-tw" notBefore="2007-05-02">參照到<emph>結束</emph>於所註處的元素之屬性<att>xml:id</att>，或參照到位於該處的一個空白元素。</valDesc>


      </attDef>
    </attList>



  </elementSpec>
  <elementSpec xmlns:rng="http://relaxng.org/ns/structure/1.0" ident="index" module="core">

    <gloss>index entry</gloss>
    <gloss type="gloss" xml:lang="zh-tw" notBefore="2007-05-02">索引項目</gloss>
    <desc>marks a location to be indexed for whatever purpose.</desc>
    <desc xml:lang="zh-tw" notBefore="2007-05-02">標誌一個因某種目的而被索引的位置。</desc>


    <attList>
      <attDef ident="indexName" usage="opt">

        <desc>supplies a name to specify which index (of several) the index entry belongs to.</desc>
        <desc xml:lang="zh-tw" notBefore="2007-05-02">提供該索引項目所屬索引名稱。</desc>

        <valDesc>an application-specific name, consisting of Unicode characters only.</valDesc>
        <valDesc xml:lang="zh-tw" notBefore="2007-05-02">僅由統一碼協定 (Unicode) 符號組成的應用專有名稱。</valDesc>

      </attDef>
    </attList>



  </elementSpec>
  <elementSpec xmlns:rng="http://relaxng.org/ns/structure/1.0" ident="divGen" module="core">

    <gloss>automatically generated text division</gloss>
    <gloss type="gloss" xml:lang="zh-tw" notBefore="2007-05-02">自動產生的文字區段</gloss>
    <desc>indicates the location at which a textual division generated automatically by a
      text-processing application is to appear.</desc>
    <desc xml:lang="zh-tw" notBefore="2007-05-02">指出文件處理軟體運作下自動產生的文字區段所出現的位置。</desc>


    <attList>
      <attDef ident="type" usage="opt">

        <desc>specifies what type of generated text division (e.g. index, table of contents, etc.)
          is to appear.</desc>
        <desc xml:lang="zh-tw" notBefore="2007-05-02">具體指明何種文字區段 (如索引、目錄等) 會出現。</desc>

        <valList type="open">
          <valItem ident="index">

            <gloss>an index is to be generated and inserted at this point.</gloss>
            <gloss type="gloss" xml:lang="zh-tw" notBefore="2007-05-02">索引會產生並置入於此處</gloss>
          </valItem>
          <valItem ident="toc">

            <gloss>a table of contents</gloss>
            <gloss type="gloss" xml:lang="zh-tw" notBefore="2007-05-02">目錄</gloss>
          </valItem>
          <valItem ident="figlist">

            <gloss>a list of figures</gloss>
            <gloss type="gloss" xml:lang="zh-tw" notBefore="2007-05-02">圖表列表</gloss>
          </valItem>
          <valItem ident="tablist">

            <gloss>a list of tables</gloss>
            <gloss type="gloss" xml:lang="zh-tw" notBefore="2007-05-02">表格列表</gloss>
          </valItem>
        </valList>

      </attDef>

    </attList>




  </elementSpec>
  <elementSpec ident="graphic" module="core">

    <gloss/>
    <gloss type="gloss" xml:lang="zh-tw" notBefore="2007-05-02"/>
    <desc>indicates the location of an inline graphic, illustration, or figure.</desc>
    <desc xml:lang="zh-tw" notBefore="2007-05-02">指出文字文件中內含的圖形、插圖、或圖表的位置。</desc>


    <attList>
      <attDef ident="width" usage="mwa">

        <desc>The width of the image</desc>
        <desc xml:lang="zh-tw" notBefore="2007-05-02">圖片顯示的寬度</desc>

      </attDef>
      <attDef ident="height" usage="mwa">

        <desc>The display height of the image</desc>
        <desc xml:lang="zh-tw" notBefore="2007-05-02">圖片顯示的高度</desc>

      </attDef>
      <attDef ident="scale" usage="mwa">

        <desc>A scale factor to be applied to the image to make it the desired display size</desc>
        <desc xml:lang="zh-tw" notBefore="2007-05-02">用來調整圖片顯示大小的比例係數</desc>

      </attDef>
      <attDef ident="url" usage="mwa">

        <desc>The target URL</desc>
        <desc xml:lang="zh-tw" notBefore="2007-05-02">目標統一資源識別符</desc>

        <valDesc>The name of a URL which provides the image. </valDesc>
        <valDesc xml:lang="zh-tw" notBefore="2007-05-02">圖片所在位置的統一資源識別符名稱。</valDesc>
      </attDef>
      <attDef ident="mimeType" usage="mwa">

        <desc>The MIME type</desc>
        <desc xml:lang="zh-tw" notBefore="2007-05-02">多用途網路郵件延伸協定 (MIME)</desc>

        <valDesc>The MIME type to be used for the object when it is decoded</valDesc>
        <valDesc xml:lang="zh-tw" notBefore="2007-05-02">檔案解碼時所套用的多用途網路郵件延伸協定 (MIME)</valDesc>
      </attDef>
    </attList>



  </elementSpec>
  <elementSpec xmlns:rng="http://relaxng.org/ns/structure/1.0" ident="binaryObject" module="core">

    <desc>provides encoded binary data representing an inline graphic or other object.</desc>
    <desc xml:lang="zh-tw" notBefore="2007-05-02">標記用來表示文本中圖檔或其他檔案的二進位資料。</desc>


    <attList>
      <attDef ident="width" usage="mwa">

        <desc>The display width of the object</desc>
        <desc xml:lang="zh-tw" notBefore="2007-05-02">檔案顯示的寬度</desc>

      </attDef>
      <attDef ident="height" usage="mwa">

        <desc>The display height of the object</desc>
        <desc xml:lang="zh-tw" notBefore="2007-05-02">檔案顯示的高度</desc>

      </attDef>
      <attDef ident="scale" usage="mwa">

        <desc>A scale factor to be applied to the object to make it the desired display size</desc>
        <desc xml:lang="zh-tw" notBefore="2007-05-02">用來調整檔案顯示大小的比例係數</desc>

      </attDef>
      <attDef ident="mimeType" usage="mwa">

        <desc>The MIME type</desc>
        <desc xml:lang="zh-tw" notBefore="2007-05-02">多用途網路郵件延伸協定 (MIME)</desc>

        <valDesc>The MIME type to be used for the object when it is decoded</valDesc>
        <valDesc xml:lang="zh-tw" notBefore="2007-05-02">檔案解碼時所套用的多用途網路郵件延伸協定 (MIME)</valDesc>
      </attDef>
      <attDef ident="encoding" usage="opt">

        <desc>The encoding used to encode the binary data. If not specified, this is assumed to be
          Base64</desc>
        <desc xml:lang="zh-tw" notBefore="2007-05-02">標記該二進位資料時所使用到的編碼。若未特別指明，則假定為使用Base64編碼</desc>

      </attDef>
    </attList>

  </elementSpec>
  <elementSpec ident="milestone" module="core">

    <gloss/>
    <gloss type="gloss" xml:lang="zh-tw" notBefore="2007-05-02"/>
    <desc>marks a boundary point separating any kind of section of a text, as indicated by changes
      in a standard reference system, where the section is not represented by a structural element.</desc>
    <desc xml:lang="zh-tw" notBefore="2007-05-02">標明文本中由標準參照系統變更所指示的任何區塊分界點，並且該章節未以任何結構性元素標記。</desc>


    <attList>
      <attDef ident="ed" usage="rec">

        <desc>indicates the edition or version to which the milestone applies.</desc>
        <desc xml:lang="zh-tw" notBefore="2007-05-02">指出該分界位於哪一版本。</desc>

        <valDesc>Any string of characters; usually a siglum conventionally used for the edition.</valDesc>
        <valDesc xml:lang="zh-tw" notBefore="2007-05-02">連續的字串；通常是用字母和數字符號來標示版本。</valDesc>
      </attDef>
      <attDef ident="unit" usage="req">

        <desc>provides a conventional name for the kind of section changing at this milestone.</desc>
        <desc xml:lang="zh-tw" notBefore="2007-05-02">提供此分界段落所使用的通用單位名稱。</desc>

        <valList type="semi">
          <valItem ident="page">

            <gloss>physical page breaks (synonymous with the <gi>pb</gi> element).</gloss>
            <gloss type="gloss" xml:lang="zh-tw" notBefore="2007-05-02">分頁 (和元素<gi>pb</gi>同義) 。</gloss>
          </valItem>
          <valItem ident="column">

            <gloss>column breaks.</gloss>
            <gloss type="gloss" xml:lang="zh-tw" notBefore="2007-05-02">分段。</gloss>
          </valItem>
          <valItem ident="line">

            <gloss>line breaks (synonymous with the <gi>lb</gi> element).</gloss>
            <gloss type="gloss" xml:lang="zh-tw" notBefore="2007-05-02">分行 (和元素<gi>lb</gi>同義) 。</gloss>
          </valItem>
          <valItem ident="book">

            <gloss>any units termed book, liber, etc.</gloss>
            <gloss type="gloss" xml:lang="zh-tw" notBefore="2007-05-02">所有稱為書、冊、或函等的單位。</gloss>
          </valItem>
          <valItem ident="poem">

            <gloss>individual poems in a collection.</gloss>
            <gloss type="gloss" xml:lang="zh-tw" notBefore="2007-05-02">詩集中的單首詩。</gloss>
          </valItem>
          <valItem ident="canto">

            <gloss>cantos or other major sections of a poem.</gloss>
            <gloss type="gloss" xml:lang="zh-tw" notBefore="2007-05-02">長詩的詩篇，或詩的大段落。</gloss>
          </valItem>
          <valItem ident="stanza">

            <gloss>stanzas within a poem, book, or canto.</gloss>
            <gloss type="gloss" xml:lang="zh-tw" notBefore="2007-05-02">一首詩、一本書、或一詩篇中的詩節。</gloss>
          </valItem>
          <valItem ident="act">

            <gloss>acts within a play.</gloss>
            <gloss type="gloss" xml:lang="zh-tw" notBefore="2007-05-02">劇本中的幕。</gloss>
          </valItem>
          <valItem ident="scene">

            <gloss>scenes within a play or act.</gloss>
            <gloss type="gloss" xml:lang="zh-tw" notBefore="2007-05-02">劇本中的景。</gloss>
          </valItem>
          <valItem ident="section">

            <gloss>sections of any kind.</gloss>
            <gloss type="gloss" xml:lang="zh-tw" notBefore="2007-05-02">任何種類的段落。</gloss>
          </valItem>
          <valItem ident="absent">

            <gloss>passages not present in the reference edition.</gloss>
            <gloss type="gloss" xml:lang="zh-tw" notBefore="2007-05-02">該段文字未在參照版本中出現。</gloss>
          </valItem>
        </valList>

      </attDef>
    </attList>



  </elementSpec>
  <elementSpec ident="pb" module="core">

    <gloss>page break</gloss>
    <gloss type="gloss" xml:lang="zh-tw" notBefore="2007-05-02">分頁</gloss>
    <desc>marks the boundary between one page of a text and the next in a standard reference system.</desc>
    <desc xml:lang="zh-tw" notBefore="2007-05-02">以標準參照系統來標記頁與頁之間的分界線。</desc>


    <attList>
      <attDef ident="ed" usage="rec">

        <desc>indicates the edition or version in which the page break is located at this point</desc>
        <desc xml:lang="zh-tw" notBefore="2007-05-02">指出該分頁位於哪一版本</desc>

        <valDesc>Any string of characters; usually a siglum conventionally used for the edition.</valDesc>
        <valDesc xml:lang="zh-tw" notBefore="2007-05-02">連續的字串；通常是用字母和數字符號來標示版本。</valDesc>
      </attDef>
    </attList>



  </elementSpec>
  <elementSpec ident="lb" module="core">

    <gloss>line break</gloss>
    <gloss type="gloss" xml:lang="zh-tw" notBefore="2007-05-02">分行</gloss>
    <desc>marks the start of a new (typographic) line in some edition or version of a text.</desc>
    <desc xml:lang="zh-tw" notBefore="2007-05-02">標記某版本文本裡 (在印刷上) 的新起行。</desc>


    <attList>
      <attDef ident="ed" usage="rec">

        <desc>indicates the edition or version in which the line break is located at this point</desc>
        <desc xml:lang="zh-tw" notBefore="2007-05-02">指出該分行位於哪一個版本</desc>

        <valDesc>Any string of characters; usually a siglum conventionally used for the edition.</valDesc>
        <valDesc xml:lang="zh-tw" notBefore="2007-05-02">連續的字串；通常是用字母和數字符號來標示版本。</valDesc>
      </attDef>
    </attList>



  </elementSpec>
  <elementSpec ident="cb" module="core">

    <gloss>column break</gloss>
    <gloss type="gloss" xml:lang="zh-tw" notBefore="2007-05-02">分段</gloss>
    <desc>marks the boundary between one column of a text and the next in a standard reference
      system.</desc>
    <desc xml:lang="zh-tw" notBefore="2007-05-02">用標準參照系統來標明文本段落之間的分界。</desc>


    <attList>
      <attDef ident="ed" usage="rec">

        <desc>indicates the edition or version in which the column break is located at this point</desc>
        <desc xml:lang="zh-tw" notBefore="2007-05-02">指出該分段位於哪一版本</desc>

        <valDesc>Any string of characters; usually a siglum conventionally used for the edition.</valDesc>
        <valDesc xml:lang="zh-tw" notBefore="2007-05-02">連續的字串；通常是用字母和數字符號來標示版本。</valDesc>
      </attDef>
    </attList>



  </elementSpec>
  <elementSpec ident="analytic" module="core">

    <gloss>analytic level</gloss>
    <gloss type="gloss" xml:lang="zh-tw" notBefore="2007-05-02">分析層書目</gloss>
    <desc>contains bibliographic elements describing an item (e.g. an article or poem) published
      within a monograph or journal and not as an independent publication.</desc>
    <desc xml:lang="zh-tw" notBefore="2007-05-02">包含某一項目 (例如詩或文章) 的書目元素，該項目並非獨立出版品，而是刊登在專題著作或是期刊當中。</desc>





  </elementSpec>
  <elementSpec ident="monogr" module="core">

    <gloss>monographic level</gloss>
    <gloss type="gloss" xml:lang="zh-tw" notBefore="2007-05-02">專題層書目</gloss>
    <desc>contains bibliographic elements describing an item (e.g. a book or journal) published as
      an independent item (i.e. as a separate physical object).</desc>
    <desc xml:lang="zh-tw" notBefore="2007-05-02">包含某一項目 (例如書或期刊) 的書目元素， 該項目為一獨立出版品 (即未附屬於其他出版品) 。</desc>





  </elementSpec>
  <elementSpec ident="series" module="core">

    <gloss>series information</gloss>
    <gloss type="gloss" xml:lang="zh-tw" notBefore="2007-05-02">叢書資訊</gloss>
    <desc>contains information about the series in which a book or other bibliographic item has
      appeared.</desc>
    <desc xml:lang="zh-tw" notBefore="2007-05-02">包含某書目項目所屬的叢書資訊。</desc>





  </elementSpec>
  <elementSpec ident="author" module="core">

    <gloss/>
    <gloss type="gloss" xml:lang="zh-tw" notBefore="2007-05-02"/>
    <desc>in a bibliographic reference, contains the name of the author(s), personal or corporate,
      of a work; the primary statement of responsibility for any bibliographic item. </desc>
    <desc xml:lang="zh-tw" notBefore="2007-05-02">在書目參照中，包含一件作品的作者 (群) 姓名，無論是個人或是團體性質；這也是書目項目責任歸屬的主要陳述。</desc>





  </elementSpec>
  <elementSpec ident="editor" module="core">


    <desc>secondary statement of responsibility for a bibliographic item, for example the name of an
      individual, institution or organization, (or of several such) acting as editor, compiler,
      translator, etc. </desc>
    <desc xml:lang="zh-tw" notBefore="2007-05-02">書目項目的次要責任歸屬，例如扮演編輯、編譯、翻譯等角色的個人、機構或組織 (或其他類似者) 的名稱。</desc>


    <attList>
      <attDef ident="role" usage="opt">

        <desc>specifies the nature of the intellectual responsibility</desc>
        <desc xml:lang="zh-tw" notBefore="2007-05-02">具體說明智慧責任的性質</desc>


        <valDesc>semi-open list (examples might include: translator, editor, compiler, illustrator,
          etc.)</valDesc>
        <valDesc xml:lang="zh-tw" notBefore="2007-05-02">半開放列表 (範例可包括：譯者、編輯、編譯、插畫者等。) </valDesc>
      </attDef>
    </attList>



  </elementSpec>
  <elementSpec ident="respStmt" module="core">

    <gloss>statement of responsibility</gloss>
    <gloss type="gloss" xml:lang="zh-tw" notBefore="2007-05-02">責任陳述</gloss>
    <desc>supplies a statement of responsibility for the intellectual content of a text, edition,
      recording, or series, where the specialized elements for authors, editors, etc. do not suffice
      or do not apply.</desc>
    <desc xml:lang="zh-tw" notBefore="2007-05-02">當未使用作者、編輯者等特定元素，或元素內容不足時，在此補充說明文件、版本、記錄、或是叢書的智慧內容所屬負責人的責任陳述。</desc>






  </elementSpec>
  <elementSpec ident="resp" module="core">

    <gloss/>
    <gloss type="gloss" xml:lang="zh-tw" notBefore="2007-05-02"/>
    <desc>contains a phrase describing the nature of a person's intellectual responsibility.</desc>
    <desc xml:lang="zh-tw" notBefore="2007-05-02">包含一個詞彙，來描述個人智慧責任的類型。</desc>




  </elementSpec>
  <elementSpec ident="title" module="core">

    <gloss/>
    <gloss type="gloss" xml:lang="zh-tw" notBefore="2007-05-02"/>
    <desc>contains the full title of a work of any kind.</desc>
    <desc xml:lang="zh-tw" notBefore="2007-05-02">包含任何種類作品的完整題名<!--,不論是文章、書籍、期刊或叢書，其他替代題名或副題名也包含在內-->。</desc>


    <attList>
      <attDef ident="level" usage="rwa">

        <desc>indicates the bibliographic level for a title, that is, whether it identifies an
          article, book, journal, series, or unpublished material.</desc>
        <desc xml:lang="zh-tw" notBefore="2007-05-02">指出題名的書目層次，即該題名之所指可以是文章、書籍、期刊、叢書或未出版的項目。</desc>
        <valList type="closed">
          <valItem ident="a">

            <gloss>analytic title (article, poem, or other item published as part of a larger item) </gloss>
            <gloss type="gloss" xml:lang="zh-tw" notBefore="2007-05-02">分析層題名 (文章、詩、或其他隸屬於一個較大作品的項目) </gloss>
          </valItem>
          <valItem ident="m">

            <gloss>monographic title (book, collection, or other item published as a distinct item,
              including single volumes of multi-volume works) </gloss>
            <gloss type="gloss" xml:lang="zh-tw" notBefore="2007-05-02">專題層題名 (書、選集、或其他獨立出版的項目，包含多冊作品的其中一冊) </gloss>
          </valItem>
          <valItem ident="j">

            <gloss>journal title </gloss>
            <gloss type="gloss" xml:lang="zh-tw" notBefore="2007-05-02">期刊層題名</gloss>
          </valItem>
          <valItem ident="s">

            <gloss>series title </gloss>
            <gloss type="gloss" xml:lang="zh-tw" notBefore="2007-05-02">叢書層題名</gloss>
          </valItem>
          <valItem ident="u">

            <gloss>title of unpublished material (including theses and dissertations unless
              published by a commercial press)</gloss>
            <gloss type="gloss" xml:lang="zh-tw" notBefore="2007-05-02">未出版的項目題名 (包括未經商業刊物發表的專題論文) </gloss>
          </valItem>
        </valList>


      </attDef>
      <attDef ident="type" usage="opt">

        <desc>classifies the title according to some convenient typology.</desc>
        <desc xml:lang="zh-tw" notBefore="2007-05-02">用合適的分類方法將題名分類。</desc>

        <valList type="open">
          <valItem ident="main">

            <gloss>main title </gloss>
            <gloss type="gloss" xml:lang="zh-tw" notBefore="2007-05-02">主要題名</gloss>
          </valItem>
          <valItem ident="sub">

            <gloss>subtitle, title of part </gloss>
            <gloss type="gloss" xml:lang="zh-tw" notBefore="2007-05-02">副題名、部分題名</gloss>
          </valItem>
          <valItem ident="alt">

            <gloss>alternate title, often in another language, by which the work is also known </gloss>
            <gloss type="gloss" xml:lang="zh-tw" notBefore="2007-05-02">替代題名，通常以該作品著名的另一種語言呈現</gloss>
          </valItem>
          <valItem ident="short">

            <gloss>abbreviated form of title</gloss>
            <gloss type="gloss" xml:lang="zh-tw" notBefore="2007-05-02">題名的縮寫形式</gloss>
          </valItem>
          <valItem ident="desc">

            <gloss>descriptive paraphrase of the work functioning as a title</gloss>
            <gloss type="gloss" xml:lang="zh-tw" notBefore="2007-05-02">該作品的描述性改述，可作為題名</gloss>
          </valItem>
        </valList>


      </attDef>
    </attList>






  </elementSpec>
  <elementSpec ident="meeting" module="core">

    <gloss/>
    <gloss type="gloss" xml:lang="zh-tw" notBefore="2007-05-02"/>
    <desc>in bibliographic references, contains a description of the meeting or conference from
      which the bibliographic item derives.</desc>
    <desc xml:lang="zh-tw" notBefore="2007-05-02">在書目參照當中，標記該書目項目來源的會議相關描述。</desc>




  </elementSpec>
  <elementSpec ident="imprint" module="core">

    <gloss/>
    <gloss type="gloss" xml:lang="zh-tw" notBefore="2007-05-02"/>
    <desc>groups information relating to the publication or distribution of a bibliographic item.</desc>
    <desc xml:lang="zh-tw" notBefore="2007-05-02">匯集書目項目的出版或發行相關資訊。</desc>





  </elementSpec>
  <elementSpec ident="publisher" module="core">

    <gloss/>
    <gloss type="gloss" xml:lang="zh-tw" notBefore="2007-05-02"/>
    <desc>provides the name of the organization responsible for the publication or distribution of a
      bibliographic item.</desc>
    <desc xml:lang="zh-tw" notBefore="2007-05-02">提供負責出版或發行書目項目的機構名稱。</desc>





  </elementSpec>
  <elementSpec ident="biblScope" module="core">

    <gloss>scope of citation</gloss>
    <gloss type="gloss" xml:lang="zh-tw" notBefore="2007-05-02">書目引用範圍</gloss>
    <desc>defines the scope of a bibliographic reference, for example as a list of pagenumbers, or a
      named subdivision of a larger work.</desc>
    <desc xml:lang="zh-tw" notBefore="2007-05-02">標明書目參照資訊的範圍，例如標示頁碼列表、或是某著作的分支作品名稱。</desc>


    <attList>
      <attDef ident="type" usage="opt">

        <desc>identifies the type of information conveyed by the element, e.g. <q>pages</q>,
            <q>volume</q>.</desc>
        <desc xml:lang="zh-tw" notBefore="2007-05-02">標明該元素所表達的資訊類型，例如<q>頁</q>、 <q>冊</q>。</desc>

        <valList type="semi">
          <valItem ident="vol">

            <gloss>the element contains a volume number.</gloss>
            <gloss type="gloss" xml:lang="zh-tw" notBefore="2007-05-02">該元素標記的內容為冊號。</gloss>
          </valItem>
          <valItem ident="issue">

            <gloss>the element contains an issue number, or volume and issue numbers.</gloss>
            <gloss type="gloss" xml:lang="zh-tw" notBefore="2007-05-02">該元素標記的內容為一期刊號或冊號與期刊號。</gloss>
          </valItem>
          <valItem ident="pp">

            <gloss>the element contains a page number or page range.</gloss>
            <gloss type="gloss" xml:lang="zh-tw" notBefore="2007-05-02">該元素標記的內容為一頁數或頁數範圍。</gloss>
          </valItem>
          <valItem ident="cap">

            <gloss>the element contains a chapter indication (number and/or title)</gloss>
            <gloss type="gloss" xml:lang="zh-tw" notBefore="2007-05-02">該元素標記的內容為章節 (章節數和 / 或章節名稱) 。</gloss>
          </valItem>
          <valItem ident="part">

            <gloss>the element identifies a part of a book or collection.</gloss>
            <gloss type="gloss" xml:lang="zh-tw" notBefore="2007-05-02">該元素標明的內容為單書或集合作品的一部份。</gloss>
          </valItem>
        </valList>


      </attDef>
    </attList>



  </elementSpec>
  <elementSpec ident="pubPlace" module="core">

    <gloss/>
    <gloss type="gloss" xml:lang="zh-tw" notBefore="2007-05-02"/>
    <desc>contains the name of the place where a bibliographic item was published.</desc>
    <desc xml:lang="zh-tw" notBefore="2007-05-02">包含書目項目的出版地名稱。</desc>





  </elementSpec>
  <elementSpec ident="bibl" module="core">

    <gloss>bibliographic citation</gloss>
    <gloss type="gloss" xml:lang="zh-tw" notBefore="2007-05-02">書目資料</gloss>
    <desc>contains a loosely-structured bibliographic citation of which the sub-components may or
      may not be explicitly tagged. </desc>
    <desc xml:lang="zh-tw" notBefore="2007-05-02">包含結構零散的書目資料，其中次要元件不一定會明確標記。</desc>






  </elementSpec>
  <elementSpec ident="biblStruct" module="core">

    <gloss>structured bibliographic citation</gloss>
    <gloss type="gloss" xml:lang="zh-tw" notBefore="2007-05-02">結構次要書目</gloss>
    <desc>contains a structured bibliographic citation, in which only bibliographic subelements
      appear and in a specified order. </desc>
    <desc xml:lang="zh-tw" notBefore="2007-05-02">包含僅出現子節點的結構書目資料，並以特定順序呈現。</desc>





  </elementSpec>
  <elementSpec ident="biblFull" module="core">

    <gloss/>
    <gloss type="gloss" xml:lang="zh-tw" notBefore="2007-05-02"/>
    <desc>contains a fully-structured bibliographic citation, in which all components of the TEI
      file description are present.</desc>
    <desc xml:lang="zh-tw" notBefore="2007-05-02">包含結構完整的書目資料，其中呈現出TEI檔案描述內的所有元件。</desc>





  </elementSpec>
  <elementSpec ident="listBibl" module="core">

    <gloss>citation list</gloss>
    <gloss type="gloss" xml:lang="zh-tw" notBefore="2007-05-02">書目列表</gloss>
    <desc>contains a list of bibliographic citations of any kind. </desc>
    <desc xml:lang="zh-tw" notBefore="2007-05-02">包含任何種類的書目資料列表。</desc>





  </elementSpec>
  <elementSpec xmlns:rng="http://relaxng.org/ns/structure/1.0" ident="relatedItem" module="core">

    <desc>contains or references some other bibliographic item which is related to the present one
      in some specified manner, for example as a constituent or alternative version of it.</desc>
    <desc xml:lang="zh-tw" notBefore="2007-05-02">包含或參照到其他書目項目，該些項目與目前的書目項目在某種程度上相關，例如作為其組成或者替代項目。</desc>


  </elementSpec>
  <elementSpec ident="l" module="core">

    <gloss>verse line</gloss>
    <gloss type="gloss" xml:lang="zh-tw" notBefore="2007-05-02">詩行</gloss>
    <desc>contains a single, possibly incomplete, line of verse.</desc>
    <desc xml:lang="zh-tw" notBefore="2007-05-02">包含詩文的一行，也許是不完整的詩行。</desc>


    <attList>
      <attDef ident="part" usage="mwa">

        <desc>specifies whether or not the line is metrically complete. </desc>
        <desc xml:lang="zh-tw" notBefore="2007-05-02">說明詩行的韻律表現是否完整。</desc>

        <valList type="closed">
          <valItem ident="Y">

            <gloss>the line is metrically incomplete</gloss>
            <gloss type="gloss" xml:lang="zh-tw" notBefore="2007-05-02">韻律表現不完整的詩行</gloss>
          </valItem>
          <valItem ident="N">

            <gloss>either the line is complete, or no claim is made as to its completeness</gloss>
            <gloss type="gloss" xml:lang="zh-tw" notBefore="2007-05-02">詩行完整或未說明其完整性</gloss>
          </valItem>
          <valItem ident="I">

            <gloss>the initial part of an incomplete line</gloss>
            <gloss type="gloss" xml:lang="zh-tw" notBefore="2007-05-02">不完整詩行的起始部分</gloss>
          </valItem>
          <valItem ident="M">

            <gloss>a medial part of an incomplete line</gloss>
            <gloss type="gloss" xml:lang="zh-tw" notBefore="2007-05-02">不完整詩行的中段部分</gloss>
          </valItem>
          <valItem ident="F">

            <gloss>the final part of an incomplete line</gloss>
            <gloss type="gloss" xml:lang="zh-tw" notBefore="2007-05-02">不完整詩行的末端部分</gloss>
          </valItem>
        </valList>

      </attDef>
    </attList>



  </elementSpec>
  <elementSpec ident="lg" module="core">

    <gloss>line group</gloss>
    <gloss type="gloss" xml:lang="zh-tw" notBefore="2007-05-02">行組</gloss>
    <desc>contains a group of verse lines functioning as a formal unit, e.g. a stanza, refrain,
      verse paragraph, etc.</desc>
    <desc xml:lang="zh-tw" notBefore="2007-05-02">包含形式上視為一組的詩行，例如詩節、疊句、韻文段落等。 </desc>





  </elementSpec>
  <elementSpec ident="sp" module="core">

    <gloss>speech</gloss>
    <gloss type="gloss" xml:lang="zh-tw" notBefore="2007-05-02">演說</gloss>
    <desc>An individual speech in a performance text, or a passage presented as such in a prose or
      verse text.</desc>
    <desc xml:lang="zh-tw" notBefore="2007-05-02">劇本中的個人台詞，或散文、韻文中的個人演說。</desc>






  </elementSpec>
  <elementSpec ident="speaker" module="core">

    <gloss/>
    <gloss type="gloss" xml:lang="zh-tw" notBefore="2007-05-02"/>
    <desc>A specialized form of heading or label, giving the name of one or more speakers in a
      dramatic text or fragment.</desc>
    <desc xml:lang="zh-tw" notBefore="2007-05-02">一種特殊的標題或標籤形式，用來標示劇本中一位或多位講者名稱。</desc>




  </elementSpec>
  <elementSpec ident="stage" module="core">

    <gloss>stage direction</gloss>
    <gloss type="gloss" xml:lang="zh-tw" notBefore="2007-05-02">舞台指示</gloss>
    <desc>contains any kind of stage direction within a dramatic text or fragment.</desc>
    <desc xml:lang="zh-tw" notBefore="2007-05-02">包含劇本中任何一種舞台場景或演出動作指示。</desc>


    <attList>
      <attDef ident="type" usage="rec">

        <desc>indicates the kind of stage direction.</desc>
        <desc xml:lang="zh-tw" notBefore="2007-05-02">指出舞台指示的種類。</desc>

        <valList type="semi">
          <valItem ident="setting">

            <gloss>describes a setting.</gloss>
            <gloss type="gloss" xml:lang="zh-tw" notBefore="2007-05-02">描述舞台佈景。</gloss>
          </valItem>
          <valItem ident="entrance">

            <gloss>describes an entrance.</gloss>
            <gloss type="gloss" xml:lang="zh-tw" notBefore="2007-05-02">描述角色進場。</gloss>
          </valItem>
          <valItem ident="exit">

            <gloss>describes an exit.</gloss>
            <gloss type="gloss" xml:lang="zh-tw" notBefore="2007-05-02">描述角色退場。</gloss>
          </valItem>
          <valItem ident="business">

            <gloss>describes stage business.</gloss>
            <gloss type="gloss" xml:lang="zh-tw" notBefore="2007-05-02">描述演員動作。</gloss>
          </valItem>
          <valItem ident="novelistic">

            <gloss>is a narrative, motivating stage direction.</gloss>
            <gloss type="gloss" xml:lang="zh-tw" notBefore="2007-05-02">敘述性的，積極性的舞台指示。</gloss>
          </valItem>
          <valItem ident="delivery">

            <gloss>describes how a character speaks.</gloss>
            <gloss type="gloss" xml:lang="zh-tw" notBefore="2007-05-02">描述演員說話方式。</gloss>
          </valItem>
          <valItem ident="modifier">

            <gloss>gives some detail about a character.</gloss>
            <gloss type="gloss" xml:lang="zh-tw" notBefore="2007-05-02">提供一個角色的某些細節資訊。</gloss>
          </valItem>
          <valItem ident="location">

            <gloss>describes a location.</gloss>
            <gloss type="gloss" xml:lang="zh-tw" notBefore="2007-05-02">描述場景位置。</gloss>
          </valItem>
          <valItem ident="mixed">

            <gloss>more than one of the above</gloss>
            <gloss type="gloss" xml:lang="zh-tw" notBefore="2007-05-02">包含兩種以上的舞台指示類型。</gloss>
          </valItem>
        </valList>
      </attDef>
    </attList>



  </elementSpec>
  <elementSpec ident="teiCorpus" module="core">

    <gloss>TEI corpus</gloss>
    <gloss type="gloss" xml:lang="zh-tw" notBefore="2007-05-02">TEI文集</gloss>
    <desc>contains the whole of a TEI encoded corpus, comprising a single corpus header and one or
      more TEI elements, each containing a single text header and a text.</desc>
    <desc xml:lang="zh-tw" notBefore="2007-05-02">包含一套用TEI編碼的文件集，由單一文集標頭以及一個  (或多個) TEI元素所組成，各TEI元素包含單一文本標頭和一個文本。</desc>

    <attList>
      <attDef ident="version" usage="opt">

        <desc>The version of the TEI scheme</desc>
        <desc xml:lang="zh-tw" notBefore="2007-05-02">TEI架構的版本</desc>


        <valDesc>A number identifying the version of the TEI guidelines</valDesc>
        <valDesc xml:lang="zh-tw" notBefore="2007-05-02">用一個數字表示TEI指引的版本別</valDesc>
      </attDef>
    </attList>




  </elementSpec>
</moduleSpec>
