<moduleSpec xmlns="http://www.tei-c.org/ns/1.0" ident="corpus">
  <elementSpec ident="firstLang" module="corpus">

    <gloss>First language</gloss><gloss xml:lang="zh-tw" notBefore="2007-05-02">第一語言</gloss>
    <desc>specifies the first language of a participant.</desc><desc xml:lang="zh-tw" notBefore="2007-05-02">說明參與者的第一語言。</desc>
  
  
  
  
  
</elementSpec>
  <elementSpec ident="textDesc" module="corpus">

<gloss>text description</gloss><gloss xml:lang="zh-tw" notBefore="2007-05-02">文本描述</gloss>
<desc>provides a description of a text in terms of its
  situational parameters.</desc><desc xml:lang="zh-tw" notBefore="2007-05-02">提供文本在情境特徵方面的相關描述。</desc>
  
  
  
  
  
</elementSpec>
  <elementSpec ident="particDesc" module="corpus">

    <gloss>participation description</gloss><gloss xml:lang="zh-tw" notBefore="2007-05-02">參與描述</gloss>
<desc>describes the identifiable speakers, voices, or other participants
  in a linguistic interaction. </desc><desc xml:lang="zh-tw" notBefore="2007-05-02">描述在一個語言互動中可辨識的說話者、聲音或其他參與者。</desc>
  
  
  
  
  
</elementSpec>
  <elementSpec ident="settingDesc" module="corpus">

<gloss>setting description</gloss><gloss xml:lang="zh-tw" notBefore="2007-05-02">背景描述</gloss>
<desc>describes the setting or settings within which a language
interaction takes place, either as a prose description or as a
series of setting elements.</desc><desc xml:lang="zh-tw" notBefore="2007-05-02">描述語言互動所發生的一個或多個背景，可用一段散文描述或是一系列的背景元素來表達。</desc>
  
  
  
  
  
</elementSpec>
  <elementSpec ident="channel" module="corpus">

    <gloss>primary channel</gloss><gloss xml:lang="zh-tw" notBefore="2007-05-02">主要途徑</gloss>
<desc>describes the medium or channel by which a text is delivered or
experienced. For a written text, this might be print, manuscript, e-mail, etc.;
for a spoken one, radio, telephone, face-to-face, etc.</desc><desc xml:lang="zh-tw" notBefore="2007-05-02">描述文本傳達的媒介或途徑。書面文本的途徑可能是印製、手稿、寫本、電子郵件等；口說文本則有廣播、電話、面對面交談等。</desc>

  
  <attList>
    <attDef ident="mode" usage="opt">
	
	<desc>specifies the mode of this channel with respect to speech and
         writing.
	</desc><desc xml:lang="zh-tw" notBefore="2007-05-02">說明該途徑為口說或書面模式。</desc>
      
      <valList type="closed">
        <valItem ident="s">
          
          <gloss>spoken
   </gloss><gloss xml:lang="zh-tw" notBefore="2007-05-02">口說</gloss>
        </valItem>
        <valItem ident="w">
          
          <gloss>written
   </gloss><gloss xml:lang="zh-tw" notBefore="2007-05-02">書面</gloss>
        </valItem>
        <valItem ident="sw">
          
          <gloss>spoken to be written (e.g. dictation)
          </gloss><gloss xml:lang="zh-tw" notBefore="2007-05-02">為寫而說 (例如聽寫) 　</gloss>
        </valItem>
        <valItem ident="ws">
          
          <gloss>written to be spoken (e.g. a script)
          </gloss><gloss xml:lang="zh-tw" notBefore="2007-05-02">為說而寫 (例如稿子) 　</gloss>
        </valItem>
        <valItem ident="m">
          
          <gloss>mixed modes
          </gloss><gloss xml:lang="zh-tw" notBefore="2007-05-02">口說書面綜合模式</gloss>
        </valItem>
        <valItem ident="x">
          
          <gloss>unknown or inapplicable
          </gloss><gloss xml:lang="zh-tw" notBefore="2007-05-02">模式不明</gloss>
        </valItem>
      </valList>
    </attDef>
  </attList>
  
  
  
</elementSpec>
  <elementSpec ident="constitution" module="corpus">

<gloss/><gloss xml:lang="zh-tw" notBefore="2007-05-02"/>
<desc>describes the internal composition of a text or text sample,
for example
as fragmentary, complete, etc.</desc><desc xml:lang="zh-tw" notBefore="2007-05-02">描述文本或文本樣本的內部結構，例如零碎的或完整的結構。</desc>

  
  <attList>
    <attDef ident="type" usage="opt">
	
	<desc>specifies how the text was constituted.
	</desc><desc xml:lang="zh-tw" notBefore="2007-05-02">說明文本構成方式。</desc>
      
      <valList type="closed">
        <valItem ident="single">
          
          <gloss>a single complete text
          </gloss><gloss xml:lang="zh-tw" notBefore="2007-05-02">單一完整的文本</gloss>
        </valItem>
        <valItem ident="composite">
          
          <gloss>a text made by combining several smaller
             items, each individually complete
          </gloss><gloss xml:lang="zh-tw" notBefore="2007-05-02">文本由許多小項目所組成，每個個別項目都是完整的</gloss>
        </valItem>
        <valItem ident="frags">
          
          <gloss>a text made by combining several smaller, not
             necessarily complete, items
          </gloss><gloss xml:lang="zh-tw" notBefore="2007-05-02">文本由許多小項目所組成，每個項目不一定完整</gloss>
        </valItem>
        <valItem ident="unknown">
          
          <gloss>composition unknown or unspecified
          </gloss><gloss xml:lang="zh-tw" notBefore="2007-05-02">文本結構未知或未加以說明</gloss>
        </valItem>
      </valList>
    </attDef>
  </attList>
  
  
  
</elementSpec>
  <elementSpec ident="derivation" module="corpus">

<gloss/><gloss xml:lang="zh-tw" notBefore="2007-05-02"/>
    <desc>describes the nature and extent of originality of this text.</desc><desc xml:lang="zh-tw" notBefore="2007-05-02">描述文本的特性與原創性的程度。</desc>

  
  <attList>
    <attDef ident="type" usage="opt">
	
	<desc>categorizes the derivation of the text.
	</desc><desc xml:lang="zh-tw" notBefore="2007-05-02">將文本來歷分類。</desc>
      
      <valList type="open">
        <valItem ident="original">
          
          <gloss>text is original
          </gloss><gloss xml:lang="zh-tw" notBefore="2007-05-02">該文本為原創文本</gloss>
        </valItem>
        <valItem ident="revision">
          
          <gloss>text is a revision of some other text
          </gloss><gloss xml:lang="zh-tw" notBefore="2007-05-02">該文本為另一文本的修訂版</gloss>
        </valItem>
        <valItem ident="translation">
          
          <gloss>text is a translation of some other text
          </gloss><gloss xml:lang="zh-tw" notBefore="2007-05-02">該文本為另一文本的翻譯版</gloss>
        </valItem>
        <valItem ident="abridgment">
          
          <gloss>text is an abridged version of some other text
          </gloss><gloss xml:lang="zh-tw" notBefore="2007-05-02">該文本為另一文本的刪節版</gloss>
        </valItem>
        <valItem ident="plagiarism">
          
          <gloss>text is plagiarized from some other text
          </gloss><gloss xml:lang="zh-tw" notBefore="2007-05-02">該文本抄襲自另一文本</gloss>
        </valItem>
        <valItem ident="traditional">
          
          <gloss>text has no obvious source but is one of a
        number derived from some common ancestor
          </gloss><gloss xml:lang="zh-tw" notBefore="2007-05-02">該文本無明確來源，但和其他文本有共同的衍生來歷</gloss>
        </valItem>
      </valList>
    </attDef>
  </attList>
  
  
  
</elementSpec>
  <elementSpec ident="domain" module="corpus">

    <gloss>Domain of use</gloss><gloss xml:lang="zh-tw" notBefore="2007-05-02">應用領域</gloss>
<desc>describes the most important social context in which the text was
realized or for which it is intended, for example private vs. public,
education, religion, etc.</desc><desc xml:lang="zh-tw" notBefore="2007-05-02">描述該文本最重要的應用領域或是社會用途所在，例如私人與公共、教育、宗教等。</desc>

  
  <attList>
    <attDef ident="type" usage="opt">
	
	<desc>categorizes the domain of use.
	</desc><desc xml:lang="zh-tw" notBefore="2007-05-02">將應用領域分類。</desc>
      
      <valList type="open">
        <valItem ident="art">
          
          <gloss>art and entertainment
          </gloss><gloss xml:lang="zh-tw" notBefore="2007-05-02">藝術和娛樂</gloss>
        </valItem>
        <valItem ident="domestic">
          
          <gloss>domestic and private
    </gloss><gloss xml:lang="zh-tw" notBefore="2007-05-02">家庭和私人</gloss>
        </valItem>
        <valItem ident="religious">
          
          <gloss>religious and ceremonial
    </gloss><gloss xml:lang="zh-tw" notBefore="2007-05-02">宗教和儀式</gloss>
        </valItem>
        <valItem ident="business">
          
          <gloss>business and work place
          </gloss><gloss xml:lang="zh-tw" notBefore="2007-05-02">商業和工作場所</gloss>
        </valItem>
        <valItem ident="education">
          
          <gloss>education
    </gloss><gloss xml:lang="zh-tw" notBefore="2007-05-02">教育</gloss>
        </valItem>
        <valItem ident="govt">
          
          <gloss>government and law
    </gloss><gloss xml:lang="zh-tw" notBefore="2007-05-02">政府和法律</gloss>
        </valItem>
        <valItem ident="public">
          
          <gloss>other forms of public context
          </gloss><gloss xml:lang="zh-tw" notBefore="2007-05-02">其他公共領域</gloss>
        </valItem>
      </valList>
    </attDef>
  </attList>
  
  
  
</elementSpec>
  <elementSpec ident="factuality" module="corpus">

<gloss/><gloss xml:lang="zh-tw" notBefore="2007-05-02"/>
<desc>describes the extent to which the text may be regarded as
imaginative or non-imaginative, that is, as describing a fictional
or a non-fictional world. </desc><desc xml:lang="zh-tw" notBefore="2007-05-02">描述該文本內容可能被認定為想像的程度、所描繪的為虛構或真實的世界。</desc>

  
  <attList>
    <attDef ident="type" usage="opt">
	
	<desc>categorizes the factuality of the text.
	</desc><desc xml:lang="zh-tw" notBefore="2007-05-02">將文本的真實性分類。</desc>
      <valList type="closed">
        <valItem ident="fiction">
          
          <gloss>the text is to be regarded as entirely imaginative
          </gloss><gloss xml:lang="zh-tw" notBefore="2007-05-02">文本為完全虛構</gloss>
        </valItem>
        <valItem ident="fact">
          
          <gloss>the text is to be regarded as entirely informative or factual
          </gloss><gloss xml:lang="zh-tw" notBefore="2007-05-02">文本完全根據事實</gloss>
        </valItem>
        <valItem ident="mixed">
          
          <gloss>the text contains a mixture of fact and fiction
          </gloss><gloss xml:lang="zh-tw" notBefore="2007-05-02">文本內容部分虛構、部分根據事實</gloss>
        </valItem>
        <valItem ident="inapplicable">
          
          <gloss>the fiction/fact distinction is not regarded
    as helpful or appropriate to this text
          </gloss><gloss xml:lang="zh-tw" notBefore="2007-05-02">該文本不適宜使用虛構／真實的區分方法</gloss>
        </valItem>
      </valList>
    </attDef>
  </attList>
  
  
  
  
</elementSpec>
  <elementSpec ident="interaction" module="corpus">

<gloss/><gloss xml:lang="zh-tw" notBefore="2007-05-02"/>
<desc>describes the extant, cardinality and nature of any interaction
among those producing and experiencing the text, for example in the
form of response or interjection, commentary etc.</desc><desc xml:lang="zh-tw" notBefore="2007-05-02">描述文本創作者與體驗者之間互動關係的規範、基數和特性，例如回應或感嘆、評論等。</desc>

  
  <attList>
    <attDef ident="type">
	

	<desc>specifies the degree of interaction between
	  active and passive participants in the text. </desc><desc xml:lang="zh-tw" notBefore="2007-05-02">說明文本中主動與被動參與者之間的互動程度。</desc>
      <valList type="closed">
        <valItem ident="none">
          
          <gloss>no interaction of any kind, e.g. a monologue </gloss><gloss xml:lang="zh-tw" notBefore="2007-05-02">無任何互動，例如獨白</gloss>
        </valItem>
        <valItem ident="partial">
          
          <gloss>some degree of interaction, e.g. a monologue with set responses </gloss><gloss xml:lang="zh-tw" notBefore="2007-05-02">某種程度上的互動，例如具有背景回應的獨白</gloss>
        </valItem>
        <valItem ident="complete">
          
          <gloss>complete interaction, e.g. a face to face conversation </gloss><gloss xml:lang="zh-tw" notBefore="2007-05-02">完全性的互動，例如面對面交談</gloss>
        </valItem>
        <valItem ident="inapplicable">
          
          <gloss>this parameter is inappropriate or inapplicable in this case </gloss><gloss xml:lang="zh-tw" notBefore="2007-05-02">這項特性在此不適當或不適用</gloss>
        </valItem>
      </valList>
    </attDef>
    <attDef ident="active" usage="opt">
	
	<desc>specifies the number of active participants
	  (or <term>addressors</term>) producing parts of the text. </desc><desc xml:lang="zh-tw" notBefore="2007-05-02">說明創作文本部份內容的主動參與者 (或<term>傳達者</term>) 的人數。</desc>
      
      <valList type="semi">
        <valItem ident="singular">
          
          <gloss>a single addressor </gloss><gloss xml:lang="zh-tw" notBefore="2007-05-02">一位傳達者</gloss>
        </valItem>
        <valItem ident="plural">
          
          <gloss>many addressors </gloss><gloss xml:lang="zh-tw" notBefore="2007-05-02">多位傳達者</gloss>
        </valItem>
        <valItem ident="corporate">
          
          <gloss>a corporate addressor </gloss><gloss xml:lang="zh-tw" notBefore="2007-05-02">集體傳達者</gloss>
        </valItem>
        <valItem ident="unknown">
          
          <gloss>number of addressors unknown or unspecifiable </gloss><gloss xml:lang="zh-tw" notBefore="2007-05-02">傳達人數未知或未指明</gloss>
        </valItem>
      </valList>
    </attDef>
    <attDef ident="passive" usage="opt">
	
	<desc>specifies the number of passive participants
   (or <term>addressees</term>) to whom a text is directed
   or in whose presence it is created or performed.
	</desc><desc xml:lang="zh-tw" notBefore="2007-05-02">說明文本內容的被動參與者 (或<term>接收者</term>) 的人數，被動參與者即為文本產生或呈現的對象。</desc>
      
      <valList type="semi">
        <valItem ident="self">
          
          <gloss>text is addressed to the originator e.g. a diary </gloss><gloss xml:lang="zh-tw" notBefore="2007-05-02">文本內容傳遞給原創作者，例如日記</gloss>
        </valItem>
        <valItem ident="single">
          
          <gloss>text is addressed to one other person e.g. a personal letter </gloss><gloss xml:lang="zh-tw" notBefore="2007-05-02">文本內容傳遞給另一個人，例如私人信件</gloss>
        </valItem>
        <valItem ident="many">
          
          <gloss>text is addressed to a countable number of others
            e.g. a conversation in which all participants are identified </gloss><gloss xml:lang="zh-tw" notBefore="2007-05-02">文本內容傳遞給一群人數可計的對象，例如參與者身分皆明確的一場對話</gloss>
        </valItem>
        <valItem ident="group">
          
          <gloss>text is addressed to an undefined but fixed
            number of participants  e.g. a lecture </gloss><gloss xml:lang="zh-tw" notBefore="2007-05-02">文本內容傳遞給一群身分不明確但人數固定的參與者，例如授課</gloss>
        </valItem>
        <valItem ident="world">
          
          <gloss>text is addressed to an undefined and indeterminately
            large number e.g. a published book </gloss><gloss xml:lang="zh-tw" notBefore="2007-05-02">文本內容傳遞給眾多身分不明確、數量亦不固定的參與者，例如出版的書籍</gloss>
        </valItem>
      </valList>
    </attDef>
  </attList>
  
  
  
  
</elementSpec>
  <elementSpec ident="preparedness" module="corpus">

<gloss/><gloss xml:lang="zh-tw" notBefore="2007-05-02"/>
<desc>describes the extent to which a text may be regarded as
  prepared or spontaneous. </desc><desc xml:lang="zh-tw" notBefore="2007-05-02">描述文本可能被視為經過準備或自然呈現的程度。</desc>

  
  <attList>
    <attDef ident="type" usage="opt">
	
	<desc>a keyword characterizing the type of preparedness.
	</desc><desc xml:lang="zh-tw" notBefore="2007-05-02">說明準備程度的類型。</desc>
      
      <valList type="open">
        <valItem ident="none">
          
          <gloss>spontaneous or unprepared
          </gloss><gloss xml:lang="zh-tw" notBefore="2007-05-02">自然呈現或未經準備</gloss>
        </valItem>
        <valItem ident="scripted">
          
          <gloss>follows a script
          </gloss><gloss xml:lang="zh-tw" notBefore="2007-05-02">依照稿子</gloss>
        </valItem>
        <valItem ident="formulaic">
          
          <gloss>follows a predefined set of conventions
          </gloss><gloss xml:lang="zh-tw" notBefore="2007-05-02">依照一套事先定義的常規</gloss>
        </valItem>
        <valItem ident="revised">
          
          <gloss>polished or revised before presentation
          </gloss><gloss xml:lang="zh-tw" notBefore="2007-05-02">文本呈現前事先經過潤飾或修訂</gloss>
        </valItem>
      </valList>
    </attDef>
  </attList>
  
  
  
</elementSpec>
  <elementSpec ident="purpose" module="corpus">

<gloss/><gloss xml:lang="zh-tw" notBefore="2007-05-02"/>
<desc>characterizes a single purpose or communicative function of the
  text.</desc><desc xml:lang="zh-tw" notBefore="2007-05-02">描述該文本的一項目的或溝通功能</desc>
  
  <attList>
    <attDef ident="type" usage="opt">
	
	<desc>specifies a particular kind of purpose.
	</desc><desc xml:lang="zh-tw" notBefore="2007-05-02">說明一項特定類型的目的。</desc>
      
      <valList type="semi">
        <valItem ident="persuade">
          
          <gloss>didactic, advertising, propaganda, etc.
          </gloss><gloss xml:lang="zh-tw" notBefore="2007-05-02">教導、廣告、宣傳等</gloss>
        </valItem>
        <valItem ident="express">
          
          <gloss>self expression, confessional, etc.
          </gloss><gloss xml:lang="zh-tw" notBefore="2007-05-02">自我表達、自白等</gloss>
        </valItem>
        <valItem ident="inform">
          
          <gloss>convey information, educate, etc.
          </gloss><gloss xml:lang="zh-tw" notBefore="2007-05-02">傳達訊息、教育等</gloss>
        </valItem>
        <valItem ident="entertain">
          
          <gloss>amuse, entertain, etc.
          </gloss><gloss xml:lang="zh-tw" notBefore="2007-05-02">消遣、娛樂等</gloss>
        </valItem>
      </valList>
    </attDef>
    <attDef ident="degree" usage="opt">
      
      <desc>specifies the extent to which this purpose predominates.</desc><desc xml:lang="zh-tw" notBefore="2007-05-02">說明該目的所佔的重要性程度。</desc>
      
      
    </attDef>
  </attList>
  
  
  
</elementSpec>
  <elementSpec ident="setting" module="corpus">
  
  <gloss>setting</gloss><gloss xml:lang="zh-tw" notBefore="2007-05-02">背景</gloss>
  <desc>describes one particular setting in which a language
    interaction takes place.</desc><desc xml:lang="zh-tw" notBefore="2007-05-02">描述語言互動發生的一個特定背景。</desc>
    
  
  
  
  
</elementSpec>
  <elementSpec ident="locale" module="corpus">


<desc>contains a brief informal description of the nature of a
  place for example a room, a restaurant, a park bench etc.</desc><desc xml:lang="zh-tw" notBefore="2007-05-02">包含簡短非正式的文字描述地點的性質，例如房間、餐廳、公園長椅等。</desc>

  
  
  
  
</elementSpec>
  <elementSpec ident="activity" module="corpus">


<desc>contains a brief informal description of what a participant in a
  language interaction is doing other than speaking, if anything.</desc><desc xml:lang="zh-tw" notBefore="2007-05-02">包含簡短非正式的文字，描述一個對話參與者除了說話以外其他可能的動作。</desc>

  
  
  
  
</elementSpec>
</moduleSpec>
