<moduleSpec xmlns="http://www.tei-c.org/ns/1.0" ident="declarefs">
  <elementSpec ident="teifsd" module="declarefs">

    <gloss>feature system declaration</gloss><gloss xml:lang="zh-tw" notBefore="2007-05-02">功能系統宣告</gloss>
    <desc>contains a feature system declaration.</desc><desc xml:lang="zh-tw" notBefore="2007-05-02">包含一個功能系統宣告。</desc>
  
  
  
  
</elementSpec>
  <elementSpec ident="fsDecl" module="declarefs">

<gloss>feature structure declaration</gloss><gloss xml:lang="zh-tw" notBefore="2007-05-02">功能結構宣告</gloss>
<desc>declares one type of feature structure.</desc><desc xml:lang="zh-tw" notBefore="2007-05-02">宣告一種功能結構類型。</desc>
  
  <attList>
    <attDef ident="type" usage="req">
	
	<desc>gives a name for the type of feature structure being declared.</desc><desc xml:lang="zh-tw" notBefore="2007-05-02">提供所宣告的功能結構的類型名稱。</desc>
      
      <valDesc>any convenient string of characters.</valDesc><valDesc xml:lang="zh-tw" notBefore="2007-05-02">任何合宜的字串。</valDesc>
      
      
    </attDef>
    <attDef ident="baseTypes" usage="opt">
	

	<desc>gives the name of one or more typed feature structures
	from which this type inherits feature specifications and
	constraints; if this type includes a feature specification
	with the same name as that of any of those specified by this
	attribute, or if more than one specification of the same name
	is inherited, then the set of possible values is defined by
	unification. Similarly, the set of constraints applicable is
	derived by combining those specified explicitly within this
	element with those implied by the <att>baseTypes</att>
	attribute. When no <att>baseType</att> is specified, no
	  feature specification or constraint is inherited.</desc><desc xml:lang="zh-tw" notBefore="2007-05-02">提供一個或多個已分類的功能結構名稱，此類型從該功能結構中獲得功能細節與限制；若該類型包含的功能細節名稱同於此屬性所標明的任一功能細節，或者該類型獲得一個以上同名的功能細節，則所有可能的屬性值是為統一定義。同樣地，適用限制的衍生，是將此元素中所明確標明的和屬性<att>baseType</att>所標明的結合。若未使用屬性<att>baseType</att>，則沒有獲得任何功能細節或限制。</desc>

      
      <valDesc>one or more names as defined by the <ref target="http://www.w3.org/TR/REC-xml/#dt-name">W3C XML
        Specification</ref></valDesc><valDesc xml:lang="zh-tw" notBefore="2007-05-02">一個或多個由<ref target="http://www.w3.org/TR/REC-xml/#dt-name">W3C XML
          Specification</ref>所定義的名稱。</valDesc>
      
      
    </attDef>
  </attList>
  
  
</elementSpec>
  <elementSpec ident="fsDescr" module="declarefs">

<gloss>feature system description (in FSD)</gloss><gloss xml:lang="zh-tw" notBefore="2007-05-02">功能系統描述 (在功能結構宣告中)</gloss>
<desc>describes in prose what is represented by the type of feature
  structure declared in the enclosing fsDecl.</desc><desc xml:lang="zh-tw" notBefore="2007-05-02">描述在功能結構宣告中宣告的功能結構類型所代表的意義。</desc>
  
  
  
  
</elementSpec>
  <elementSpec ident="fDecl" module="declarefs">

<gloss>feature declaration</gloss><gloss xml:lang="zh-tw" notBefore="2007-05-02">功能宣告</gloss>
<desc>declares a single feature, specifying its name, organization,
range of allowed values, and optionally its default value.</desc><desc xml:lang="zh-tw" notBefore="2007-05-02">宣告一項功能，指明名稱、機構、有效值範圍、以及依情況提供預設值。</desc>
  
  <attList>
    <attDef ident="name" usage="req">
	
	<desc>indicates the name of the feature being declared; matches the
	  <att>name</att> attribute of <gi>f</gi> elements in the text.</desc><desc xml:lang="zh-tw" notBefore="2007-05-02">指出所宣告的功能名稱；並符合文件中元素<gi>f</gi>的屬性<att>name</att>。</desc>
      
      <valDesc>any string of characters</valDesc><valDesc xml:lang="zh-tw" notBefore="2007-05-02">任何字串</valDesc>
      
      
    </attDef>
    <attDef usage="opt" ident="optional">
	
	<desc>indicates whether or not the value of this feature may
	be present.</desc><desc xml:lang="zh-tw" notBefore="2007-05-02">指出該功能值是否存在。</desc>
      

      
      
    </attDef>


    <attDef ident="org" usage="opt">
	
	<desc>specifies the organizing discipline of the feature value.</desc><desc xml:lang="zh-tw" notBefore="2007-05-02">具體說明該功能值的組織規範。</desc>
      
      <valList type="closed">
        <valItem ident="unit">
          
          <gloss>unitary atomic value</gloss><gloss xml:lang="zh-tw" notBefore="2007-05-02">單一微小值</gloss>
        </valItem>
        <valItem ident="set">
          
          <gloss>set value (unordered, no duplicates)</gloss><gloss xml:lang="zh-tw" notBefore="2007-05-02">系列值 (非整齊排列，無重複值)</gloss>
        </valItem>
        <valItem ident="bag">
          
          <gloss>bag value (unordered, may have duplicates)</gloss><gloss xml:lang="zh-tw" notBefore="2007-05-02">袋值 (非整齊排列，也許有重複值)</gloss>
        </valItem>
        <valItem ident="list">
          
          <gloss>list value (ordered, may have duplicates)</gloss><gloss xml:lang="zh-tw" notBefore="2007-05-02">條列值 (整齊排列，也許有重複值)</gloss>
        </valItem>
      </valList>
      
      
    </attDef>
  </attList>
  
  
  
</elementSpec>
  <elementSpec ident="fDescr" module="declarefs">

<gloss>feature description (in FSD)</gloss><gloss xml:lang="zh-tw" notBefore="2007-05-02">功能描述 (在功能結構宣告中) </gloss>
<desc>describes in prose what is represented by the feature being
declared and its values.</desc><desc xml:lang="zh-tw" notBefore="2007-05-02">描述被宣告的功能所代表的意義以及其功能值。</desc>
  
  
  
  
</elementSpec>
  <elementSpec ident="vRange" module="declarefs">

<gloss>value range</gloss><gloss xml:lang="zh-tw" notBefore="2007-05-02">功能值範圍</gloss>
<desc>defines the range of allowed values for a feature, in the form of
an fs, vAlt, or primitive value;
for the value of an f to be valid, it must be
subsumed by the specified range; if the f
contains multiple values (as sanctioned by the org attribute),
then each value must be subsumed by the vRange.</desc><desc xml:lang="zh-tw" notBefore="2007-05-02">定義有效功能值的範圍，使用fs、vAlt、或原始值格式；一個有效的功能值必須包含在指定範圍之內；若<gi>f</gi>包含多個值 (由屬性<att>org</att>所認可)，則每個值皆必須以<gi>vRange</gi>納入。</desc>
  
  
  
  
</elementSpec>
  <elementSpec ident="vDefault" module="declarefs">

<gloss>value default</gloss><gloss xml:lang="zh-tw" notBefore="2007-05-02">預設值</gloss>
<desc>declares the default value to be supplied when a feature structure
does not contain an instance of f for this name; if
unconditional, it is specified as one (or, depending on the value of
the org attribute of the enclosing fDecl) more
fs elements or primitive values;
if conditional, it is specified as
one or more if elements; if no default is specified, or no
condition matches, the value none is assumed.</desc><desc xml:lang="zh-tw" notBefore="2007-05-02">在功能結構不包含元素<gi>f</gi>以提供名稱的情況下，宣告使用預設值；若無條件限制，預設值會被指明為一個 (或，取決於所包含的元素<gi>fDecl</gi>中屬性<att>org</att>的屬性值) 多個元素<gi>fs</gi>或原始值；若有條件限制，則被指明為一個或多個元素<gi> if</gi>；若無任何預設值、或無條件符合，則採用屬性值 <val>none</val>。</desc>
  
  
  
  
</elementSpec>
  <elementSpec ident="if" module="declarefs">

<gloss/><gloss xml:lang="zh-tw" notBefore="2007-05-02"/>
<desc>defines a conditional default value for a feature; the condition
is specified as a feature structure, and is met if it
subsumes the feature structure in the text for which a
default value is sought.</desc><desc xml:lang="zh-tw" notBefore="2007-05-02">定義一個功能的條件預設值；該條件被指明為一個功能結構，且若在需要預設值的文本中包含該功能結構時，則表示條件符合。</desc>
  
  
  
  
</elementSpec>
  <elementSpec ident="then" module="declarefs">

<gloss/><gloss xml:lang="zh-tw" notBefore="2007-05-02"/>
<desc>separates the condition from the default in an if, or
  the antecedent and the consequent in a cond element.</desc><desc xml:lang="zh-tw" notBefore="2007-05-02">區分條件和元素<gi>if</gi>中的預設值，或是區分元素<gi>cond</gi>中的前提和結果。</desc>
  
  
  
  
</elementSpec>
  <elementSpec ident="fsConstraints" module="declarefs">

<gloss>feature-structure constraints</gloss><gloss xml:lang="zh-tw" notBefore="2007-05-02">功能結構限制</gloss>
<desc>specifies constraints on the content of well formed feature
structures.</desc><desc xml:lang="zh-tw" notBefore="2007-05-02">指出完善功能結構的內容限制。</desc>
  
  
  
  
</elementSpec>
  <elementSpec ident="cond" module="declarefs">

<gloss>conditional feature-structure constraint</gloss><gloss xml:lang="zh-tw" notBefore="2007-05-02">條件功能結構限制</gloss>
<desc>defines a conditional feature-structure constraint; the consequent
and the antecedent are specified as feature structures or
feature-structure groups; the constraint is satisfied if both the
antecedent and the consequent subsume a given feature
  structure, or if the antecedent does not.</desc><desc xml:lang="zh-tw" notBefore="2007-05-02">定義一個條件功能結構限制；結果和前提被指明為功能結構或功能結構群組；若前提和結果皆包含一個已知功能結構、或前提不包含，則結果符合需求。</desc>
  
  
  
  
</elementSpec>
  <elementSpec ident="bicond" module="declarefs">

    <gloss>bi-conditional feature-structure constraint</gloss><gloss xml:lang="zh-tw" notBefore="2007-05-02">雙條件功能結構限制</gloss>
<desc>defines a biconditional feature-structure constraint; both
consequent and antecedent are specified as feature structures or groups
of feature structures; the constraint is satisfied if both
  subsume a given feature structure, or if both do not.</desc><desc xml:lang="zh-tw" notBefore="2007-05-02">定義一個雙條件功能結構限制；結果和前提被指明為功能結構或功能結構群組；若兩者皆包含一個已知功能結構、或兩者皆不包含，則結果符合需求。</desc>
  
  
  
  
</elementSpec>
  <elementSpec ident="iff" module="declarefs">

<gloss/><gloss xml:lang="zh-tw" notBefore="2007-05-02"/>
<desc>separates the condition from the consequence in a bicond
  element.</desc><desc xml:lang="zh-tw" notBefore="2007-05-02">區分條件和元素<gi>bicond</gi> 裡的結果。</desc>
  
  
  
  
</elementSpec>
</moduleSpec>
