<moduleSpec xmlns="http://www.tei-c.org/ns/1.0" ident="dictionaries">
  <classSpec ident="model.entryLike" module="dictionaries" type="model">
<desc>groups those component-level elements which are unique to the base tag set for dictionaries.</desc><desc xml:lang="zh-tw" notBefore="2007-05-02">匯集字典的基礎標籤組所獨有的元件層次元素。</desc>
    
    
</classSpec>
  <macroSpec ident="mix.dictionaries" module="dictionaries">
<gloss>mixed-base dictionary components</gloss><gloss xml:lang="zh-tw" notBefore="2007-05-02">混合基礎字典元件</gloss>
<desc>contains a string used in constructing the definition of<term>macro.component</term> used
        in the mixed base tag set.</desc><desc xml:lang="zh-tw" notBefore="2007-05-02">包含一字串，用來定義混合基礎標籤組中的<term>巨集指令‧元件</term>。</desc>
    
    
</macroSpec>
  <classSpec ident="att.entryLike" module="dictionaries" type="atts">
<gloss>dictionary entries</gloss><gloss xml:lang="zh-tw" notBefore="2007-05-02">字典辭條</gloss>
<desc>groups the different styles of dictionary entries.</desc><desc xml:lang="zh-tw" notBefore="2007-05-02">匯集不同格式的字典辭條</desc>
    <attList>
        <attDef ident="type" usage="rwa">
	
	<desc>indicates type of entry, in dictionaries with multiple types.</desc><desc xml:lang="zh-tw" notBefore="2007-05-02">指出複合類型字典中的辭條類型。</desc>
            
            
            <valList type="semi">
                <valItem ident="main">
                    
                    <gloss>a main entry (default).</gloss><gloss xml:lang="zh-tw" notBefore="2007-05-02">主要辭條 (預設) 。</gloss>
                </valItem>
                <valItem ident="hom">
                    
                    <gloss>a homograph with a separate entry.</gloss><gloss xml:lang="zh-tw" notBefore="2007-05-02">個別的同形義異字辭條。</gloss>
                </valItem>
                <valItem ident="xref">
                    
                    <gloss>a reduced entry whose only function is to point to another main entry
                        (e.g. for forms of an irregular verb or for variant spellings:
                        <mentioned>was</mentioned> pointing to <mentioned>be</mentioned>, or
                        <mentioned>esthete</mentioned> to <mentioned>aesthete</mentioned>).</gloss><gloss xml:lang="zh-tw" notBefore="2007-05-02">縮減的辭條，其唯一作用為指向另一個主要辭條 (例如不規則動辭形式或不同拼法的字) </gloss>
                </valItem>
                <valItem ident="affix">
                    
                    <gloss>an entry for a prefix, infix, or suffix.</gloss><gloss xml:lang="zh-tw" notBefore="2007-05-02">字首、字中或字尾的辭條</gloss>
                </valItem>
                <valItem ident="abbr">
                    
                    <gloss>an entry for an abbreviation.</gloss><gloss xml:lang="zh-tw" notBefore="2007-05-02">縮寫辭條</gloss>
                </valItem>
                <valItem ident="supplemental">
                    
                    <gloss>a supplemental entry (for use in dictionaries which issue supplements to
                        their main work in which they include updated information about entries).</gloss><gloss xml:lang="zh-tw" notBefore="2007-05-02">補充辭條 () </gloss>
                </valItem>
                <valItem ident="foreign">
                    
                    <gloss>an entry for a foreign word in a monolingual dictionary.</gloss><gloss xml:lang="zh-tw" notBefore="2007-05-02">單語字典中的外來語辭條。</gloss>
                </valItem>
            </valList>
        </attDef>
        <attDef ident="sortKey" usage="opt">
	
	<desc>contains a (sortable) character sequence reflecting the entry's alphabetical
                position in the printed dictionary.</desc><desc xml:lang="zh-tw" notBefore="2007-05-02">包含一 (合適的) 符號序列，呈現該辭條在字典裡的字母次序相關位置。</desc>
            
            <valDesc>any sequence of characters which, when sorted with the other values, will
                produced the desired order; specifics of sort key construction are application-dependent.</valDesc><valDesc xml:lang="zh-tw" notBefore="2007-05-02">任何以其他屬性值分類時會產生順序的符號序列；排序關鍵構成的細節依據應用軟體而定。</valDesc>
            
        </attDef>
    </attList>
    
    
</classSpec>
  <elementSpec ident="superEntry" module="dictionaries">

<gloss/><gloss xml:lang="zh-tw" notBefore="2007-05-02"/>
      <desc>groups successive entries for a set of homographs.</desc><desc xml:lang="zh-tw" notBefore="2007-05-02">匯集一組同形異義字的連續辭條。</desc>
    
    
    
    
    
</elementSpec>
  <elementSpec ident="entry" module="dictionaries">

<gloss/><gloss xml:lang="zh-tw" notBefore="2007-05-02"/>
      <desc>contains a reasonably well-structured dictionary entry.</desc><desc xml:lang="zh-tw" notBefore="2007-05-02">包含字典中一個結構完善的辭條項目。</desc>
    
    
    
    
</elementSpec>
  <elementSpec ident="entryFree" module="dictionaries">
    
    <gloss/><gloss xml:lang="zh-tw" notBefore="2007-05-02"/>
    <desc>contains a dictionary entry which does not necessarily conform to the constraints imposed
        by the <gi>entry</gi> element.</desc><desc xml:lang="zh-tw" notBefore="2007-05-02">所包含的辭條項目未必符合元素<gi>entry</gi>該有的限制條件。</desc>
    
    
    
    
    
    
    
</elementSpec>
  <elementSpec ident="hom" module="dictionaries">

      <gloss>homograph</gloss><gloss xml:lang="zh-tw" notBefore="2007-05-02">同形義異字</gloss>
      <desc>groups information relating to one homograph within an entry.</desc><desc xml:lang="zh-tw" notBefore="2007-05-02">匯集辭條中一個同形義異字的相關資訊。</desc>
    
    
    
    
    
</elementSpec>
  <elementSpec ident="sense" module="dictionaries">

      <gloss>sense information group</gloss><gloss xml:lang="zh-tw" notBefore="2007-05-02">字義資訊群</gloss>
<desc>groups together all information relating to one word sense in a dictionary entry
    (definitions, examples, translation equivalents, etc.)</desc><desc xml:lang="zh-tw" notBefore="2007-05-02">匯集辭條中一個字義的所有相關資訊(定義、範例、翻譯等)。</desc>
  
  
  <attList>
    <attDef ident="level" usage="opt">
	
        <desc>gives the nesting depth of this sense.</desc><desc xml:lang="zh-tw" notBefore="2007-05-02">說明該字義在辭條中的層次。</desc>
      
        <valDesc>a positive integer</valDesc><valDesc xml:lang="zh-tw" notBefore="2007-05-02">一個正整數</valDesc>
    </attDef>
  </attList>
  
  
</elementSpec>
  <elementSpec ident="dictScrap" module="dictionaries">

<gloss/><gloss xml:lang="zh-tw" notBefore="2007-05-02"/>
<desc>encloses a part of a dictionary entry in which other phrase-level dictionary elements are
    freely combined.</desc><desc xml:lang="zh-tw" notBefore="2007-05-02">字典辭條的片段，包含自由組合的詞組層次字典元素。</desc>
    
    
    
    
    
</elementSpec>
  <elementSpec ident="form" module="dictionaries">

      <gloss>form information group</gloss><gloss xml:lang="zh-tw" notBefore="2007-05-02">形式資訊群</gloss>
      <desc>groups all the information on the written and spoken forms of one headword.</desc><desc xml:lang="zh-tw" notBefore="2007-05-02">匯集一個標題字在書寫及發音形式方面的所有資訊。</desc>
    
    
    <attList>
        <attDef ident="type" usage="opt">
	
            <desc>classifies form as simple, compound, etc.</desc><desc xml:lang="zh-tw" notBefore="2007-05-02">形式的類型有單一字彙、複合字等。</desc>
            
            <valList type="semi">
                <valItem ident="simple">
                    
                    <gloss>single free lexical item</gloss><gloss xml:lang="zh-tw" notBefore="2007-05-02">單一字彙項目</gloss>
                </valItem>
                <valItem ident="lemma">
                    
                    <gloss>the headword itself</gloss><gloss xml:lang="zh-tw" notBefore="2007-05-02">標題字本身</gloss>
                </valItem>
                <valItem ident="variant">
                    
                    <gloss>a variant form</gloss><gloss xml:lang="zh-tw" notBefore="2007-05-02">變體形式</gloss>
                </valItem>
                <valItem ident="compound">
                    
                    <gloss>word formed from simple lexical items</gloss><gloss xml:lang="zh-tw" notBefore="2007-05-02">由不同單一字彙項目組成的複合字</gloss>
                </valItem>
                <valItem ident="derivative">
                    
                    <gloss>word derived from headword</gloss><gloss xml:lang="zh-tw" notBefore="2007-05-02">由標題字衍生出的派生詞</gloss>
                </valItem>
                <valItem ident="inflected">
                    
                    <gloss>word in other than usual dictionary form</gloss><gloss xml:lang="zh-tw" notBefore="2007-05-02">字尾有屈折變化的形式</gloss>
                </valItem>
                <valItem ident="phrase">
                    
                    <gloss>multiple-word lexical item</gloss><gloss xml:lang="zh-tw" notBefore="2007-05-02">多重字彙項目組成的片語</gloss>
                </valItem>
            </valList>
            
        </attDef>
    </attList>
    
    
    
</elementSpec>
  <elementSpec ident="orth" module="dictionaries">

      <gloss>orthographic form</gloss><gloss xml:lang="zh-tw" notBefore="2007-05-02">拼字形式</gloss>
      <desc>gives the orthographic form of a dictionary headword.</desc><desc xml:lang="zh-tw" notBefore="2007-05-02">提供字典標題字的拼字形式。</desc>
    
    
    <attList>
        <attDef ident="type" usage="opt">
	
            <desc>gives the type of spelling.</desc><desc xml:lang="zh-tw" notBefore="2007-05-02">提供拼字的類型。</desc>
            
            <valDesc>Any convenient word or phrase, e.g. <mentioned>lat</mentioned>
                (latinate),<mentioned>std</mentioned> (standard), <mentioned>trans</mentioned>
                (transliterated), etc.</valDesc><valDesc xml:lang="zh-tw" notBefore="2007-05-02">任何合適的字詞，例如拉 (拉丁文) 、標 (標準) 、譯 (音譯) 等。</valDesc>
            
            
        </attDef>
        <attDef ident="extent" usage="opt">
	
            <desc>gives the extent of the orthographic information provided.</desc><desc xml:lang="zh-tw" notBefore="2007-05-02">顯示拼字資訊的完整程度。</desc>
            
            
            <valList type="open">
                <valItem ident="full">
                    
                    <gloss>full form</gloss><gloss xml:lang="zh-tw" notBefore="2007-05-02">完整形式</gloss>
                </valItem>
                <valItem ident="pref">
                    
                    <gloss>prefix</gloss><gloss xml:lang="zh-tw" notBefore="2007-05-02">字首</gloss>
                </valItem>
                <valItem ident="suff">
                    
                    <gloss>suffix</gloss><gloss xml:lang="zh-tw" notBefore="2007-05-02">字尾</gloss>
                </valItem>
                <valItem ident="part">
                    
                    <gloss>partial</gloss><gloss xml:lang="zh-tw" notBefore="2007-05-02">部分</gloss>
                </valItem>
            </valList>
            
            
        </attDef>
    </attList>
    
    
    
</elementSpec>
  <elementSpec ident="pron" module="dictionaries">

      <gloss>pronunciation</gloss><gloss xml:lang="zh-tw" notBefore="2007-05-02">發音</gloss>
      <desc>contains the pronunciation(s) of the word.</desc><desc xml:lang="zh-tw" notBefore="2007-05-02">包含該字的一種或多種發音方法。</desc>
    
    
    <attList>
        <attDef ident="extent" usage="opt">
	
            <desc>indicates whether the pronunciation is for whole word or part. </desc><desc xml:lang="zh-tw" notBefore="2007-05-02">指出該發音為完整或部分發音。</desc>
            
            
            <valList type="open">
                <valItem ident="full">
                    
                    <gloss>full form</gloss><gloss xml:lang="zh-tw" notBefore="2007-05-02">完整形式</gloss>
                </valItem>
                <valItem ident="pref">
                    
                    <gloss>prefix</gloss><gloss xml:lang="zh-tw" notBefore="2007-05-02">字首</gloss>
                </valItem>
                <valItem ident="suff">
                    
                    <gloss>suffix</gloss><gloss xml:lang="zh-tw" notBefore="2007-05-02">字尾</gloss>
                </valItem>
                <valItem ident="part">
                    
                    <gloss>partial</gloss><gloss xml:lang="zh-tw" notBefore="2007-05-02">部分</gloss>
                </valItem>
            </valList>
            
            
        </attDef>
        <attDef ident="notation" usage="rwa">
	
	<desc>indicates what notation is used for the pronunciation, if more than one occurs in
	    the machine-readable dictionary. </desc><desc xml:lang="zh-tw" notBefore="2007-05-02">若機讀詞典中出現一個以上的發音記號，在此指出用於該發音的記號。</desc>
            
            <valDesc>Sample values: IPA, Murray, ... </valDesc><valDesc xml:lang="zh-tw" notBefore="2007-05-02">屬性值範例: IPA、Murray等 </valDesc>
            
            
        </attDef>
    </attList>
    
    
    
</elementSpec>
  <elementSpec ident="hyph" module="dictionaries">

      <gloss>hyphenation</gloss><gloss xml:lang="zh-tw" notBefore="2007-05-02">連字符號</gloss>
<desc>contains a hyphenated form of a dictionary headword, or hyphenation information in some
    other form.</desc><desc xml:lang="zh-tw" notBefore="2007-05-02">包含一個標題字的連字符號形式，或者以其他形式呈現的連字符號資訊。</desc>
    
    
    
    
    
</elementSpec>
  <elementSpec ident="syll" module="dictionaries">

      <gloss>syllabification</gloss><gloss xml:lang="zh-tw" notBefore="2007-05-02">音節劃分</gloss>
      <desc>contains the syllabification of the headword.</desc><desc xml:lang="zh-tw" notBefore="2007-05-02">包含標題字的音節劃分。</desc>
    
    
    
    
    
</elementSpec>
  <elementSpec ident="stress" module="dictionaries">

<gloss/><gloss xml:lang="zh-tw" notBefore="2007-05-02"/>
      <desc>contains the stress pattern for a dictionary headword, if given separately.</desc><desc xml:lang="zh-tw" notBefore="2007-05-02">包含個別標明的標題字重音模式。</desc>
    
    
    
    
    
</elementSpec>
  <elementSpec ident="gram" module="dictionaries">

      <gloss>grammatical information</gloss><gloss xml:lang="zh-tw" notBefore="2007-05-02">文法資訊</gloss>
<desc>within an entry in a dictionary or a terminological data file, contains grammatical
    information relating to a term, word, or form.</desc><desc xml:lang="zh-tw" notBefore="2007-05-02">在字典辭條或專有名詞檔案中，包含某一術語、單字或字彙形式的相關文法資訊。</desc>
    
    
    <attList>
        <attDef ident="type" usage="opt">
	
	<desc>classifies the grammatical information given according to some convenient typology
                — in the case of terminological information, preferably the dictionary of
                data element types specified in ISO WD 12 620.</desc><desc xml:lang="zh-tw" notBefore="2007-05-02">用合適的分類方法將不同的文法資訊加以分類－若是專門術語，可參照 ISO WD 12620 所指定資料元素類別。</desc>
            
            <valList type="open">
                <valItem ident="pos">
                    
                    <gloss>part of speech (any of the word classes to which a word may be assigned
                        in a given language, based on form, meaning, or a combination of features,
                        e.g. noun, verb, adjective, etc.)</gloss><gloss xml:lang="zh-tw" notBefore="2007-05-02">詞性 (在已知語言中的詞性分類，根據字詞的形式、意義或特性組合而有所不同。例如名詞、動詞、形容詞等。) </gloss>
                </valItem>
                <valItem ident="gen">
                    
                    <gloss>gender (formal classification by which nouns and pronouns, and often
                        accompanying modifiers, are grouped and inflected, or changed in form, so as
                        to control certain syntactic relationships)</gloss><gloss xml:lang="zh-tw" notBefore="2007-05-02">性別 (名詞、代名詞、或伴隨的修飾詞透過這樣的規則系統在表現形式上被加以分組、或產生屈折變化，以展現特定的語法關係。) </gloss>
                </valItem>
                <valItem ident="num">
                    
                    <gloss>number (e.g. singular, plural, dual, ...)</gloss><gloss xml:lang="zh-tw" notBefore="2007-05-02">單複數  (例如單數、複數、雙數詞等) </gloss>
                </valItem>
                <valItem ident="animate">
                    
                    <gloss>animate or inanimate</gloss><gloss xml:lang="zh-tw" notBefore="2007-05-02">活的或非活的</gloss>
                </valItem>
                <valItem ident="proper">
                    
                    <gloss>proper noun or common noun</gloss><gloss xml:lang="zh-tw" notBefore="2007-05-02">特定名稱或一般名詞</gloss>
                </valItem>
            </valList>
            
            
        </attDef>
    </attList>
    
    
    
</elementSpec>
  <elementSpec ident="gen" module="dictionaries">

<gloss>gender</gloss><gloss xml:lang="zh-tw" notBefore="2007-05-02">性別</gloss>
      <desc>identifies the morphological gender of a lexical item, as given in the dictionary.</desc><desc xml:lang="zh-tw" notBefore="2007-05-02">說明字彙項目的性別。</desc>
    
    
    
    
    
</elementSpec>
  <elementSpec ident="number" module="dictionaries">

<gloss/><gloss xml:lang="zh-tw" notBefore="2007-05-02"/>
      <desc>indicates grammatical number associated with a form, as given in a dictionary.</desc><desc xml:lang="zh-tw" notBefore="2007-05-02">指出單複數形式。</desc>
    
    
    
    
    
</elementSpec>
  <elementSpec ident="case" module="dictionaries">

<gloss/><gloss xml:lang="zh-tw" notBefore="2007-05-02"/>
      <desc>contains grammatical case information given by a dictionary for a given form.</desc><desc xml:lang="zh-tw" notBefore="2007-05-02">包含文法上格的資訊。 </desc>
    
    
    
    
    
</elementSpec>
  <elementSpec ident="per" module="dictionaries">

<gloss>person</gloss><gloss xml:lang="zh-tw" notBefore="2007-05-02">人稱</gloss>
<desc>contains an indication of the grammatical person (1st, 2nd, 3rd, etc.) associated with a
    given inflected form in a dictionary.</desc><desc xml:lang="zh-tw" notBefore="2007-05-02">包含字典中有屈折變化單字的人稱形式 (第一、第二、第三等)  。</desc>
    
    
    
    
    
</elementSpec>
  <elementSpec ident="tns" module="dictionaries">

<gloss>tense</gloss><gloss xml:lang="zh-tw" notBefore="2007-05-02">時態</gloss>
      <desc>indicates the grammatical tense associated with a given inflected form in a dictionary.</desc><desc xml:lang="zh-tw" notBefore="2007-05-02">說明某屈折形式的時態。</desc>
    
    
    
    
    
</elementSpec>
  <elementSpec ident="mood" module="dictionaries">

<gloss/><gloss xml:lang="zh-tw" notBefore="2007-05-02"/>
      <desc>contains information about the grammatical mood of verbs (e.g. indicative, subjunctive, imperative)</desc><desc xml:lang="zh-tw" notBefore="2007-05-02">包含動詞語氣資訊 (例如直述、假設、祈使語氣等) 。</desc>
    
    
    
    
    
</elementSpec>
  <elementSpec ident="iType" module="dictionaries">

      <gloss>inflectional class</gloss><gloss xml:lang="zh-tw" notBefore="2007-05-02">屈折變化種類</gloss>
      <desc>indicates the inflectional class associated with a lexical item.</desc><desc xml:lang="zh-tw" notBefore="2007-05-02">指明單字的屈折變化種類。</desc>
    
    
    <attList>
        <attDef ident="type" usage="opt">
	
	<desc>indicates the type of indicator used to specify the inflection class, when it is
                necessary to distinguish between the usual abbreviated indications (e.g.
                <mentioned>inv</mentioned>) and other kinds of indicators, such as special codes
	    referring to conjugation patterns, etc.</desc><desc xml:lang="zh-tw" notBefore="2007-05-02">若需要區別曲折變化種類的一般縮寫指標 (例：inv) 以及其他指標，像是詞形變化模式的特殊代碼等，則在此說明指示標記類型。</desc>
            
            <valList type="open">
                <valItem ident="abbrev">
                    
                    <gloss>abbreviated indicator</gloss><gloss xml:lang="zh-tw" notBefore="2007-05-02">縮寫指標</gloss>
                </valItem>
                <valItem ident="verbTable">
                    
                    <gloss>coded reference to a table of verbs</gloss><gloss xml:lang="zh-tw" notBefore="2007-05-02">動詞表的編碼參照</gloss>
                </valItem>
            </valList>
            
            
        </attDef>
    </attList>
    
    
    
</elementSpec>
  <classSpec ident="model.morphLike" module="dictionaries" type="model">
<gloss>morphological elements</gloss><gloss xml:lang="zh-tw" notBefore="2007-05-02">型態元素</gloss>
<desc>groups elements which provide morphological information within the dictionary tag set.</desc><desc xml:lang="zh-tw" notBefore="2007-05-02">匯集字典標籤組中提供型態資訊的元素。</desc>
    
    
    
</classSpec>
  <classSpec ident="model.formPart" module="dictionaries" type="model">
<gloss>form information</gloss><gloss xml:lang="zh-tw" notBefore="2007-05-02">形式資訊</gloss>
<desc>groups elements allowed within a <gi>form</gi> element in a dictionary.</desc><desc xml:lang="zh-tw" notBefore="2007-05-02">匯集字典中元素<gi>form</gi>內的有效元素。</desc>
    
</classSpec>
  <elementSpec ident="gramGrp" module="dictionaries">

      <gloss>grammatical information group</gloss><gloss xml:lang="zh-tw" notBefore="2007-05-02">文法資訊群</gloss>
<desc>groups morpho-syntactic information about a lexical item, e.g. <gi>pos</gi>, <gi>gen</gi>, <gi>number</gi>, <gi>case</gi>, or
    <gi>iType</gi> (inflectional class).</desc><desc xml:lang="zh-tw" notBefore="2007-05-02">匯集文字的型態及句法資訊，例如詞性、性別、單複數、格、或屈折變化種類。</desc>
    
    
    
    
    
</elementSpec>
  <elementSpec ident="pos" module="dictionaries">

      <gloss>part of speech</gloss><gloss xml:lang="zh-tw" notBefore="2007-05-02">詞性</gloss>
      <desc>indicates the part of speech assigned to a dictionary headword (noun, verb, adjective, etc.)</desc><desc xml:lang="zh-tw" notBefore="2007-05-02">指明標題字的詞性 (名詞、動詞、形容詞等) </desc>
    
    
    
    
    
</elementSpec>
  <elementSpec ident="subc" module="dictionaries">

      <gloss>subcategorization</gloss><gloss xml:lang="zh-tw" notBefore="2007-05-02">次要分類</gloss>
      <desc>contains subcategorization information (transitive/intransitive, countable/non-countable, etc.)</desc><desc xml:lang="zh-tw" notBefore="2007-05-02">包含次要分類資訊 (及物 / 不及物、可數 / 不可數等) </desc>
    
    
    
    
    
</elementSpec>
  <elementSpec ident="colloc" module="dictionaries">

      <gloss>collocate</gloss><gloss xml:lang="zh-tw" notBefore="2007-05-02">組合字</gloss>
      <desc>contains a collocate of the headword.</desc><desc xml:lang="zh-tw" notBefore="2007-05-02">包含標題字的組合字。</desc>
    
    
    <attList>
        <attDef ident="type" usage="opt">
	
            <desc>classifies the collocation, using any convenient typology.</desc><desc xml:lang="zh-tw" notBefore="2007-05-02">用合適的分類方法將組合字分類。</desc>
            
            <valDesc>any string of XML name characters, e.g. <mentioned>preposition</mentioned>.</valDesc><valDesc xml:lang="zh-tw" notBefore="2007-05-02">任何XML名稱符號的字串，例如介係詞。 </valDesc>
            
            
        </attDef>
    </attList>
    
    
    
</elementSpec>
  <classSpec ident="model.gramPart" module="dictionaries" type="model">
<gloss>grammatical information</gloss><gloss xml:lang="zh-tw" notBefore="2007-05-02">文法資訊</gloss>
      <desc>groups those elements allowed within a <gi>gramGrp</gi> element in a dictionary.</desc><desc xml:lang="zh-tw" notBefore="2007-05-02">匯集字典中元素<gi>gramGrp</gi>內的有效元素。</desc>
    
</classSpec>
  <elementSpec ident="def" module="dictionaries">

      <gloss>definition</gloss><gloss xml:lang="zh-tw" notBefore="2007-05-02">定義</gloss>
      <desc>contains definition text in a dictionary entry.</desc><desc xml:lang="zh-tw" notBefore="2007-05-02">包含詞條中的定義文。</desc>
    
    
    
    
    
</elementSpec>
  <elementSpec ident="tr" module="dictionaries">

<gloss>translation equivalent</gloss><gloss xml:lang="zh-tw" notBefore="2007-05-02">翻譯</gloss>
      <desc>contains a translation of the headword or an example.</desc><desc xml:lang="zh-tw" notBefore="2007-05-02">包含標題字或範例的翻譯。 </desc>
    
    
    
    
    
</elementSpec>
  <elementSpec ident="trans" module="dictionaries">

      <gloss>translation information</gloss><gloss xml:lang="zh-tw" notBefore="2007-05-02">翻譯資訊</gloss>
      <desc>contains translation text and related information (within an entry in a multilingual dictionary).</desc><desc xml:lang="zh-tw" notBefore="2007-05-02">包含翻譯文字以及相關資訊 (在多語字典的辭條中) 。</desc>
    
    
    
    
    
</elementSpec>
  <elementSpec ident="etym" module="dictionaries">

      <gloss>etymology</gloss><gloss xml:lang="zh-tw" notBefore="2007-05-02">詞源</gloss>
      <desc>encloses the etymological information in a dictionary entry.</desc><desc xml:lang="zh-tw" notBefore="2007-05-02">包含詞源學資訊。</desc>
    
    
    
    
    
</elementSpec>
  <elementSpec ident="lang" module="dictionaries">
  
  <gloss>language name</gloss><gloss xml:lang="zh-tw" notBefore="2007-05-02">語言名稱</gloss>
      <desc>name of a language mentioned in etymological or other linguistic discussion.</desc><desc xml:lang="zh-tw" notBefore="2007-05-02">在詞源學或其他語言學相關訊息中所提到的語言。</desc>
  
  
  
  
  
</elementSpec>
  <elementSpec ident="dicteg" module="dictionaries">

      <gloss>example (exempli gratia)</gloss><gloss xml:lang="zh-tw" notBefore="2007-05-02">字典中的範例</gloss>
<desc>(in a dictionary) contains an example text containing at least one occurrence of the word
    form, used in the sense being described; examples may be quoted from (named) authors or contrived.</desc><desc xml:lang="zh-tw" notBefore="2007-05-02">範例文字中至少出現一次被解釋的單字形式；也許為引用範例或是設計範例。</desc>
    
    
    
    
    
</elementSpec>
  <elementSpec ident="usg" module="dictionaries">

      <gloss>usage</gloss><gloss xml:lang="zh-tw" notBefore="2007-05-02">字詞使用資訊</gloss>
      <desc>contains usage information in a dictionary entry.</desc><desc xml:lang="zh-tw" notBefore="2007-05-02">包含辭條中的使用資訊。</desc>
    
    
    <attList>
        <attDef ident="type" usage="opt">
	
            <desc>classifies the usage information using any convenient typology.</desc><desc xml:lang="zh-tw" notBefore="2007-05-02">用合適的分類方法將不同的使用資訊分類。</desc>
            
            <valList type="open">
                <valItem ident="geo">
                    
                    <gloss>geographic area</gloss><gloss xml:lang="zh-tw" notBefore="2007-05-02">地理範圍</gloss>
                </valItem>
                <valItem ident="time">
                    
                    <gloss>temporal, historical era (archaic, old, etc.)</gloss><gloss xml:lang="zh-tw" notBefore="2007-05-02">不同時期、歷史年代 (古體、老式等。) </gloss>
                </valItem>
                <valItem ident="dom">
                    
                    <gloss>domain</gloss><gloss xml:lang="zh-tw" notBefore="2007-05-02">領域</gloss>
                </valItem>
                <valItem ident="reg">
                    
                    <gloss>register</gloss><gloss xml:lang="zh-tw" notBefore="2007-05-02">語域</gloss>
                </valItem>
                <valItem ident="style">
                    
                    <gloss>style (figurative, literal, etc.)</gloss><gloss xml:lang="zh-tw" notBefore="2007-05-02">語體 (象徵性、字面原義等) </gloss>
                </valItem>
                <valItem ident="plev">
                    
                    <gloss>preference level (chiefly, usually, etc.)</gloss><gloss xml:lang="zh-tw" notBefore="2007-05-02">優先程度 (主要、慣用等) </gloss>
                </valItem>
                <valItem ident="lang">
                    
                    <gloss>lang (language for foreign words, spellings pronunciations, etc.)</gloss><gloss xml:lang="zh-tw" notBefore="2007-05-02">語言 (外來文字、拼音、發音等的語言) </gloss>
                </valItem>
                <valItem ident="gram">
                    
                    <gloss>grammatical usage</gloss><gloss xml:lang="zh-tw" notBefore="2007-05-02">文法上的使用</gloss>
                </valItem>
                <valItem ident="syn">
                    
                    <gloss>synonym given to show use</gloss><gloss xml:lang="zh-tw" notBefore="2007-05-02">同義詞</gloss>
                </valItem>
                <valItem ident="hyper">
                    
                    <gloss>hypernym given to show usage</gloss><gloss xml:lang="zh-tw" notBefore="2007-05-02">上層文字</gloss>
                </valItem>
                <valItem ident="colloc">
                    
                    <gloss>collocation given to show usage</gloss><gloss xml:lang="zh-tw" notBefore="2007-05-02">組合字</gloss>
                </valItem>
                <valItem ident="comp">
                    
                    <gloss>typical complement</gloss><gloss xml:lang="zh-tw" notBefore="2007-05-02">典型補語</gloss>
                </valItem>
                <valItem ident="obj">
                    
                    <gloss>typical object</gloss><gloss xml:lang="zh-tw" notBefore="2007-05-02">典型受詞</gloss>
                </valItem>
                <valItem ident="subj">
                    
                    <gloss>typical subject</gloss><gloss xml:lang="zh-tw" notBefore="2007-05-02">典型主詞</gloss>
                </valItem>
                <valItem ident="verb">
                    
                    <gloss>typical verb</gloss><gloss xml:lang="zh-tw" notBefore="2007-05-02">典型動詞</gloss>
                </valItem>
                <valItem ident="hint">
                    
                    <gloss>unclassifiable piece of information to guide sense choice</gloss><gloss xml:lang="zh-tw" notBefore="2007-05-02">無法分類的釋義資訊</gloss>
                </valItem>
            </valList>
            
            
        </attDef>
    </attList>
    
    
    
</elementSpec>
  <elementSpec ident="lbl" module="dictionaries">

<gloss>label</gloss><gloss xml:lang="zh-tw" notBefore="2007-05-02">標籤</gloss>
<desc>in dictionaries, contains a label for a form, example, translation, or other piece of
    information, e.g. abbreviation for, contraction of, literally, approximately, synonyms:, etc.</desc><desc xml:lang="zh-tw" notBefore="2007-05-02">包含字詞形式、範例、翻譯、或其他資訊的標籤，例如縮寫、省略、字面、約略、同義等。</desc>
    
    
    <attList>
        <attDef ident="type" usage="opt">
	
            <desc>classifies the label using any convenient typology.</desc><desc xml:lang="zh-tw" notBefore="2007-05-02">用合適的分類方法將標籤分類。</desc>
            
            <valDesc>any string of characters, such as <mentioned>usage</mentioned>,
                <mentioned>sense restriction</mentioned>, etc.</valDesc><valDesc xml:lang="zh-tw" notBefore="2007-05-02">任何文字描述，像是使用說明、意義限制等。</valDesc>
            
        </attDef>
    </attList>
    
    
    
</elementSpec>
  <elementSpec ident="xr" module="dictionaries">

      <gloss>cross-reference phrase</gloss><gloss xml:lang="zh-tw" notBefore="2007-05-02">交互參照</gloss>
<desc>contains a phrase, sentence, or icon referring the reader to
    some other location in this or another text.</desc><desc xml:lang="zh-tw" notBefore="2007-05-02">包含一字詞、句子、或圖象，用以參照到相同文本或不同文本中的其他位置。</desc>
  
  
  <attList>
    <attDef ident="type" usage="rec">
	
	<desc>indicates the type of cross reference, using any convenient
	    typology.</desc><desc xml:lang="zh-tw" notBefore="2007-05-02">用合適的分類方法指出交互參照的種類。</desc>
      
      <valList type="open">
        <valItem ident="syn">
          
            <gloss>cross reference for synonym information</gloss><gloss xml:lang="zh-tw" notBefore="2007-05-02">用合適的分類方法指出交互參照的種類。</gloss>
        </valItem>
        <valItem ident="etym">
          
            <gloss>etymological information</gloss><gloss xml:lang="zh-tw" notBefore="2007-05-02">詞源資訊</gloss>
        </valItem>
        <valItem ident="cf">
          
            <gloss>related or similar term</gloss><gloss xml:lang="zh-tw" notBefore="2007-05-02">相關或相似的字詞</gloss>
        </valItem>
        <valItem ident="illus">
          
            <gloss>illustration of an object</gloss><gloss xml:lang="zh-tw" notBefore="2007-05-02">物體圖像</gloss>
        </valItem>
      </valList>
      
    </attDef>
  </attList>
  
  
  
  
</elementSpec>
  <elementSpec ident="re" module="dictionaries">

      <gloss>related entry</gloss><gloss xml:lang="zh-tw" notBefore="2007-05-02">相關辭條</gloss>
<desc>contains a dictionary entry for a lexical item related to the headword, such as a compound
    phrase or derived form, embedded inside a larger entry.</desc><desc xml:lang="zh-tw" notBefore="2007-05-02">和標題字相關聯的字典辭條，像是包括在一個更大辭條中的複合片語或衍生字。  </desc>
    
    
    <attList>
        <attDef ident="type" usage="opt">
	
            <desc>classifies the related entry according to any convenient typology.</desc><desc xml:lang="zh-tw" notBefore="2007-05-02">用合適的分類方法將相關聯的辭條分類。</desc>
            
            <valDesc>any string of XML name characters</valDesc><valDesc xml:lang="zh-tw" notBefore="2007-05-02">任何XML名稱符號的字串</valDesc>
            
        </attDef>
    </attList>
    
    
    
    
    
</elementSpec>
  <classSpec ident="model.ptrLike.form" module="dictionaries" type="model">
<gloss>form pointers</gloss><gloss xml:lang="zh-tw" notBefore="2007-05-02">形式指標</gloss>
<desc>groups elements in the dictionary base which point at orthographic or pronunciation forms
        of the headword.</desc><desc xml:lang="zh-tw" notBefore="2007-05-02">匯集該字典中的元素，這些元素指向標題字的拼字或發音形式。</desc>
    
    
    
</classSpec>
  <classSpec ident="att.ptrLike.form" module="dictionaries" type="atts">
<gloss>form pointers</gloss><gloss xml:lang="zh-tw" notBefore="2007-05-02">形式指標</gloss>
<desc>common attributes for elements in the dictionary base which point at orthographic or pronunciation forms
    of the headword.</desc><desc xml:lang="zh-tw" notBefore="2007-05-02">用於該字典中元素的通用屬性，這些元素指向標題字的拼字或發音形式。</desc>
    <attList>
        <attDef ident="target" usage="opt">
	
	<desc>identifies the orthographic form or pronunciation referred to.</desc><desc xml:lang="zh-tw" notBefore="2007-05-02">標明所參照的拼字形式或發音。</desc>
            
            <valDesc>a valid identifier, used on some <gi>orth</gi>, <gi>pron</gi> or <gi>form</gi>
                element elsewhere in the current document.</valDesc><valDesc xml:lang="zh-tw" notBefore="2007-05-02">一個有效識別符碼，用於目前文件中的元素<gi>orth</gi>、元素<gi>pron</gi>或者元素<gi>form</gi>上。</valDesc>
            
            
        </attDef>
    </attList>
    
</classSpec>
  <elementSpec ident="oRef" module="dictionaries">

      <gloss>orthographic-form reference</gloss><gloss xml:lang="zh-tw" notBefore="2007-05-02">拼字參照</gloss>
      <desc>in a dictionary example, indicates a reference to the orthographic form(s) of the headword.</desc><desc xml:lang="zh-tw" notBefore="2007-05-02">在字典範例中，參照出標題字的拼字形式。</desc>
    
    
    <attList>
        <attDef ident="type" usage="opt">
	
            <desc>indicates the kind of typographic modification made to the headword in the reference.</desc><desc xml:lang="zh-tw" notBefore="2007-05-02">指出為參照出標題字所做的印刷修飾。</desc>
            
            <valList type="open">
                <valItem ident="cap">
                    
                    <gloss>indicates first letter is given as capital</gloss><gloss xml:lang="zh-tw" notBefore="2007-05-02">首字母大寫</gloss>
                </valItem>
                <valItem ident="nohyph">
                    
                    <gloss>indicates that the headword, though a prefix or suffix, loses its hyphen</gloss><gloss xml:lang="zh-tw" notBefore="2007-05-02">標題字在字根或字首的連字符號省略</gloss>
                </valItem>
            </valList>
            
            
        </attDef>
    </attList>
    
    
    
</elementSpec>
  <elementSpec ident="oVar" module="dictionaries">

      <gloss>orthographic-variant reference</gloss><gloss xml:lang="zh-tw" notBefore="2007-05-02">拼字變化參照</gloss>
      <desc>in a dictionary example, indicates a reference to variant orthographic form(s) of the headword.</desc><desc xml:lang="zh-tw" notBefore="2007-05-02">在字典範例中，參照出標題字的拼字變化形式。</desc>
    
    
    <attList>
        <attDef ident="type" usage="opt">
	
            <desc>indicates the kind of variant involved.</desc><desc xml:lang="zh-tw" notBefore="2007-05-02">指出變化種類。</desc>
            
            <valList type="open">
                <valItem ident="pt">
                    
                    <gloss>past tense</gloss><gloss xml:lang="zh-tw" notBefore="2007-05-02">過去式</gloss>
                </valItem>
                <valItem ident="pp">
                    
                    <gloss>past participle</gloss><gloss xml:lang="zh-tw" notBefore="2007-05-02">過去分詞</gloss>
                </valItem>
                <valItem ident="prp">
                    
                    <gloss>present participle</gloss><gloss xml:lang="zh-tw" notBefore="2007-05-02">現在分詞</gloss>
                </valItem>
                <valItem ident="f">
                    
                    <gloss>feminine</gloss><gloss xml:lang="zh-tw" notBefore="2007-05-02">陰性</gloss>
                </valItem>
                <valItem ident="pl">
                    
                    <gloss>plural</gloss><gloss xml:lang="zh-tw" notBefore="2007-05-02">多數</gloss>
                </valItem>
            </valList>
            
            
        </attDef>
    </attList>
    
    
    
</elementSpec>
  <elementSpec ident="pRef" module="dictionaries">

      <gloss>pronunciation reference</gloss><gloss xml:lang="zh-tw" notBefore="2007-05-02">發音參照</gloss>
      <desc>in a dictionary example, indicates a reference to the pronunciation(s) of the headword.</desc><desc xml:lang="zh-tw" notBefore="2007-05-02">在字典範例中，參照出標題字的發音形式。</desc>
    
    
    
    
    
</elementSpec>
  <elementSpec ident="pVar" module="dictionaries">

      <gloss>pronunciation-variant reference</gloss><gloss xml:lang="zh-tw" notBefore="2007-05-02">發音變化參照</gloss>
      <desc>in a dictionary example, indicates a reference to variant pronunciation(s) of the headword.</desc><desc xml:lang="zh-tw" notBefore="2007-05-02">在字典範例中，參照出標題字的發音變化形式。</desc>
    
    
    
    
    
</elementSpec>
  <classSpec ident="att.lexicographic" module="dictionaries" type="atts">
<desc>defines a set of global attributes available on elements in the base tag set for dictionaries.</desc><desc xml:lang="zh-tw" notBefore="2007-05-02">定義一組全域屬性值，可用於字典的基礎標籤組之元素上。</desc>
    <attList>
        <attDef ident="expand" usage="opt">
	
	<desc>gives an expanded form of information presented more concisely in the dictionary</desc><desc xml:lang="zh-tw" notBefore="2007-05-02">提供一形式擴充的資訊，其以較簡潔的方式呈現於字典中</desc>
            
            <valDesc>any string of characters</valDesc><valDesc xml:lang="zh-tw" notBefore="2007-05-02">任何字串</valDesc>
            
        </attDef>
        <attDef ident="norm" usage="opt">
	
	<desc>gives a normalized form of information given by the source text in a
                non-normalized form</desc><desc xml:lang="zh-tw" notBefore="2007-05-02">提供一規格化形式的資訊，其來源文件為非規格化形式</desc>
            
            <valDesc>any string of characters</valDesc><valDesc xml:lang="zh-tw" notBefore="2007-05-02">任何字串</valDesc>
            
        </attDef>
        <attDef ident="split" usage="opt">
	
	<desc>gives the list of split values for a merged form</desc><desc xml:lang="zh-tw" notBefore="2007-05-02">提供一合併形式的split值列表</desc>
            
            <valDesc>any string of characters</valDesc><valDesc xml:lang="zh-tw" notBefore="2007-05-02">任何字串</valDesc>
            
        </attDef>
        <attDef ident="value" usage="opt">
	
	<desc>gives a value which lacks any realization in the printed source text.</desc><desc xml:lang="zh-tw" notBefore="2007-05-02">提供一個尚未在書面來源文件中呈現的屬性值</desc>
            
            <valDesc>any string of characters</valDesc><valDesc xml:lang="zh-tw" notBefore="2007-05-02">任何字串</valDesc>
            
        </attDef>
        <attDef ident="orig" usage="opt">
	
	<desc>gives the original string or is the empty string when the element does not appear
                in the source text.</desc><desc xml:lang="zh-tw" notBefore="2007-05-02">當該元素未出現於來源文件中，提供其原文字串或空白字串。</desc>
            
            <valDesc>any string of characters</valDesc><valDesc xml:lang="zh-tw" notBefore="2007-05-02">任何字串</valDesc>
            
        </attDef>
        <attDef ident="location" usage="opt">
	
	<desc>provides a reference to an <gi>anchor</gi> element elsewhere in the document
	    indicating the original location of this component.</desc><desc xml:lang="zh-tw" notBefore="2007-05-02">參照到文件中的元素<gi>anchor</gi>，指出此元件的原文位置。</desc>
            
            <valDesc>a valid identifier for an <gi>anchor</gi> element elsewhere in the current document.</valDesc><valDesc xml:lang="zh-tw" notBefore="2007-05-02">目前文件中元素<gi>anchor</gi>的有效識別符碼。</valDesc>
            
        </attDef>
        <attDef ident="mergedin" usage="opt">
	
            <desc>gives a reference to another element, where the original appears as a merged form.</desc><desc xml:lang="zh-tw" notBefore="2007-05-02">參照到另一元素，顯示原文以合併形式呈現。</desc>
            
            <valDesc>any valid identifier.</valDesc><valDesc xml:lang="zh-tw" notBefore="2007-05-02">任何有效識別符碼。</valDesc>
            
        </attDef>
        <attDef ident="opt" usage="opt">
	
	<desc>indicates whether the element is optional or not</desc><desc xml:lang="zh-tw" notBefore="2007-05-02">指出該元素是否必備</desc>
            
            
            <valDesc>any string of characters</valDesc><valDesc xml:lang="zh-tw" notBefore="2007-05-02">任何字串</valDesc>
        </attDef>
    </attList>
    
</classSpec>
</moduleSpec>
