<moduleSpec xmlns="http://www.tei-c.org/ns/1.0" ident="drama">
  <classSpec ident="model.divPart.stage" module="drama" type="model">
    <desc>groups those component-level elements which are specific to performance texts.</desc><desc xml:lang="zh-tw" notBefore="2007-05-02">匯集劇本所獨有的元件層次元素。</desc>
  
  
</classSpec>
  <macroSpec ident="mix.drama" module="drama">
<gloss>mixed-base drama components</gloss><gloss xml:lang="zh-tw" notBefore="2007-05-02">混合基礎戲劇元件</gloss>
<desc>contains a string used in constructing the definition of
  <term>macro.component</term> used in the mixed base tag set.</desc><desc xml:lang="zh-tw" notBefore="2007-05-02">包含一字串，用來定義混合基礎標籤組中的<term>巨集指令‧元件</term>。</desc>
  
</macroSpec>
  <elementSpec ident="set" module="drama">

<gloss/><gloss xml:lang="zh-tw" notBefore="2007-05-02"/>
<desc>contains a description of the setting, time, locale, appearance,
etc., of the action of a play, typically found in the front matter of
a printed performance text (not a stage direction).</desc><desc xml:lang="zh-tw" notBefore="2007-05-02">包含一段演出的場景描述，像是佈景、時間、地點、景象等，這段描述通常出現在劇本中的前頁部分 (並非舞台動作指示) 。</desc>
  
  
  
  
  
  
  
</elementSpec>
  <elementSpec ident="prologue" module="drama">

<gloss/><gloss xml:lang="zh-tw" notBefore="2007-05-02"/>
<desc>contains the prologue to a drama,  typically spoken by an actor out of
  character, possibly in association with a particular performance or venue.</desc><desc xml:lang="zh-tw" notBefore="2007-05-02">包含戲劇開場白，可能和特定演出或故事場景相關，一般是由一個演員脫離劇中身份來朗讀。</desc>
  
  
  
  
  
</elementSpec>
  <elementSpec ident="epilogue" module="drama">

<gloss/><gloss xml:lang="zh-tw" notBefore="2007-05-02"/>
<desc>contains the epilogue to a drama,  typically spoken by an actor
out of character, possibly in association with a particular performance
or venue.</desc><desc xml:lang="zh-tw" notBefore="2007-05-02">包含戲劇收場白，可能和特定演出或故事場景相關，一般是由一個演員脫離劇中身份來朗讀。</desc>
  
  
  
  
  
</elementSpec>
  <elementSpec ident="performance" module="drama">

<gloss/><gloss xml:lang="zh-tw" notBefore="2007-05-02"/>
<desc>contains a section of front or back matter describing how a
dramatic piece is to be performed in general or how it was performed
on some specific occasion. </desc><desc xml:lang="zh-tw" notBefore="2007-05-02">包含前頁或後頁部分，描述戲劇作品的一般演出方式、或曾經在某些特定場合的演出方式。</desc>
  
  
  
  
  
  
</elementSpec>
  <elementSpec ident="castList" module="drama">

<gloss>cast list</gloss><gloss xml:lang="zh-tw" notBefore="2007-05-02">角色清單</gloss>
    <desc>contains a single cast list or dramatis personae.</desc><desc xml:lang="zh-tw" notBefore="2007-05-02">包含單一角色名單或出場人物列表。</desc>
  
  
  
  
  
</elementSpec>
  <elementSpec ident="castGroup" module="drama">

    <gloss>Cast list grouping</gloss><gloss xml:lang="zh-tw" notBefore="2007-05-02">角色群組</gloss>
<desc>groups one or more individual castItem
  elements within a cast list.</desc><desc xml:lang="zh-tw" notBefore="2007-05-02">匯集角色清單中一個或多個角色項目元素。</desc>
  
  
  
  
</elementSpec>
  <elementSpec ident="castItem" module="drama">

<gloss>Cast list item</gloss><gloss xml:lang="zh-tw" notBefore="2007-05-02">角色項目</gloss>
<desc>contains a single entry within a cast list, describing
  either a single role or a list of non-speaking roles.</desc><desc xml:lang="zh-tw" notBefore="2007-05-02">包含角色清單中的一個項目，描述單一角色或無台詞角色的列表。</desc>
  
  <attList>
    <attDef ident="type" usage="opt">
	
	<desc>characterizes the cast item.
	</desc><desc xml:lang="zh-tw" notBefore="2007-05-02">說明角色項目的特性。</desc>
      
      <valList type="closed">
        <valItem ident="role">
          
          <gloss>the item describes a single role.
          </gloss><gloss xml:lang="zh-tw" notBefore="2007-05-02">該項目為單一角色</gloss>
        </valItem>
        <valItem ident="list">
          
          <gloss>the item describes a list of non-speaking roles.
          </gloss><gloss xml:lang="zh-tw" notBefore="2007-05-02">該項目為無台詞角色的列表</gloss>
        </valItem>
      </valList>
    </attDef>
  </attList>
  
  
  
  
</elementSpec>
  <elementSpec ident="role" module="drama">

<gloss/><gloss xml:lang="zh-tw" notBefore="2007-05-02"/>
    <desc>the name of a dramatic role, as given in a cast list.</desc><desc xml:lang="zh-tw" notBefore="2007-05-02">角色名單所列的劇中角色名稱。</desc>



  

  
  
  
</elementSpec>
  <elementSpec ident="roleDesc" module="drama">

<gloss>role description</gloss><gloss xml:lang="zh-tw" notBefore="2007-05-02">角色描述</gloss>
    <desc>describes a character's role in a drama.</desc><desc xml:lang="zh-tw" notBefore="2007-05-02">描述劇中人物所扮演的角色。</desc>

  
  
  
  
</elementSpec>
  <elementSpec ident="actor" module="drama">

<gloss>actor</gloss><gloss xml:lang="zh-tw" notBefore="2007-05-02">演員</gloss>
    <desc>Name of an actor appearing within a cast list.</desc><desc xml:lang="zh-tw" notBefore="2007-05-02">角色名單中的演員姓名。</desc>

  
  
  
  
</elementSpec>
  <elementSpec ident="move" module="drama">

<gloss>Movement</gloss><gloss xml:lang="zh-tw" notBefore="2007-05-02">動作</gloss>
    <desc>marks the actual entrance or exit of one or more characters on stage.</desc><desc xml:lang="zh-tw" notBefore="2007-05-02">標記舞台上人物的實際進場或退場。</desc>
  
  
  <attList>
    <attDef ident="type" usage="opt">
	
      <desc>characterizes the movement, for example as an entrance or exit.</desc><desc xml:lang="zh-tw" notBefore="2007-05-02">說明舞台動作，例如進場或退場。</desc>
      
      <valList type="semi">
        <valItem ident="entrance">
          
          <gloss>character is entering the stage.</gloss><gloss xml:lang="zh-tw" notBefore="2007-05-02">角色進場</gloss>
        </valItem>
        <valItem ident="exit">
          
          <gloss>character is exiting the stage.</gloss><gloss xml:lang="zh-tw" notBefore="2007-05-02">角色退場</gloss>
        </valItem>
        <valItem ident="onstage">
          
          <gloss>character moves on stage</gloss><gloss xml:lang="zh-tw" notBefore="2007-05-02">角色在舞台上的動作</gloss>
        </valItem>
      </valList>
    </attDef>
    <attDef ident="where" usage="opt">
	
      <desc>specifies the direction of a stage movement.</desc><desc xml:lang="zh-tw" notBefore="2007-05-02">說明舞台動作的方向。</desc>
      
      <valList type="open">
        <valItem ident="L">
          
          <gloss>stage left</gloss><gloss xml:lang="zh-tw" notBefore="2007-05-02">舞台左側</gloss>
        </valItem>
        <valItem ident="R">
          
          <gloss>stage right</gloss><gloss xml:lang="zh-tw" notBefore="2007-05-02">舞台右側</gloss>
        </valItem>
        <valItem ident="C">
          
          <gloss>centre stage</gloss><gloss xml:lang="zh-tw" notBefore="2007-05-02">舞台中央</gloss>
        </valItem>
      </valList>
      
    </attDef>
    <attDef ident="perf" usage="opt">
	
	<desc>identifies the performance or performances in which this movement
	  occurred as specified.</desc><desc xml:lang="zh-tw" notBefore="2007-05-02">指明這項舞台動作出現在哪些演出中。</desc>
      
      <valDesc>The references are derived from the <att>xml:id</att> attribute
        on a <gi>performance</gi> element.</valDesc><valDesc xml:lang="zh-tw" notBefore="2007-05-02">所使用的參照來自於元素<gi>performance</gi>的屬性<att>xml:id</att>。</valDesc>
    </attDef>
  </attList>
  
  
  
</elementSpec>
  <elementSpec ident="view" module="drama">

<gloss/><gloss xml:lang="zh-tw" notBefore="2007-05-02"/>
<desc>describes the visual context of some part of a screen play in
terms of what the spectator sees, generally independent of any
dialogue.</desc><desc xml:lang="zh-tw" notBefore="2007-05-02">劇本中描述觀眾所看到的景象，一般不包含任何對話內容。</desc>
  
  
  
  
  
  
</elementSpec>
  <elementSpec ident="camera" module="drama">

<gloss/><gloss xml:lang="zh-tw" notBefore="2007-05-02"/>
    <desc>describes a particular camera angle or viewpoint in a screen play.</desc><desc xml:lang="zh-tw" notBefore="2007-05-02">描述電影視劇本中攝影機的某特定視角或觀看角度。</desc>
  
  
  
  
  
  
</elementSpec>
  <elementSpec ident="sound" module="drama">

<gloss/><gloss xml:lang="zh-tw" notBefore="2007-05-02"/>
<desc>describes a sound effect or musical sequence specified within a
  screen play or radio script.</desc><desc xml:lang="zh-tw" notBefore="2007-05-02">描述電影或廣播劇本中的音效或配樂。</desc>
  
  
  <attList>
    <attDef ident="type" usage="opt">
      
      <desc>categorizes the sound in some respect, e.g. as music,
        special effect, etc.</desc><desc xml:lang="zh-tw" notBefore="2007-05-02">將聲音從某方面來分類，例如音樂，特殊音效等。</desc>
      
      
    </attDef>
    <attDef ident="discrete" usage="opt">
      
      <desc>indicates whether the sound overlaps the surrounding
        speeches or interrupts them.</desc><desc xml:lang="zh-tw" notBefore="2007-05-02">指出該聲音是否和週遭說話聲音重疊或單獨穿插於其間。</desc>
      
      
      
      
    </attDef>
  </attList>
  
  
  
</elementSpec>
  <elementSpec ident="caption" module="drama">

<gloss/><gloss xml:lang="zh-tw" notBefore="2007-05-02"/>
<desc>contains the text of a caption or other text displayed as part of
  a film script or screenplay.</desc><desc xml:lang="zh-tw" notBefore="2007-05-02">包含呈現在對白本或電影視劇本中的字幕或其他文字。</desc>
  
  
  
  
  
</elementSpec>
  <elementSpec ident="tech" module="drama">

    <gloss>Technical stage direction</gloss><gloss xml:lang="zh-tw" notBefore="2007-05-02">技術性舞台指示</gloss>
<desc>describes a special-purpose stage direction that is not
  meant for the actors.</desc><desc xml:lang="zh-tw" notBefore="2007-05-02">描述一個具有特殊目的，但並非針對演員的舞台指示。</desc>
  
  
  <attList>
    <attDef ident="type" usage="opt">
	
      <desc>categorizes the technical stage direction.</desc><desc xml:lang="zh-tw" notBefore="2007-05-02">技術性舞台指示類型</desc>
      <valList type="closed">
        <valItem ident="light">
          
          <gloss>a lighting cue</gloss><gloss xml:lang="zh-tw" notBefore="2007-05-02">燈光提示</gloss>
        </valItem>
        <valItem ident="sound">
          
          <gloss>a sound cue</gloss><gloss xml:lang="zh-tw" notBefore="2007-05-02">音效提示</gloss>
        </valItem>
        <valItem ident="prop">
          
          <gloss>a prop cue</gloss><gloss xml:lang="zh-tw" notBefore="2007-05-02">道具提示</gloss>
        </valItem>
        <valItem ident="block">
          
          <gloss>a blocking instruction</gloss><gloss xml:lang="zh-tw" notBefore="2007-05-02">舞台調度指示</gloss>
        </valItem>
      </valList>
    </attDef>
    <attDef ident="perf" usage="opt">
	
	<desc>identifies the performance or performances to which this
	  technical direction applies.</desc><desc xml:lang="zh-tw" notBefore="2007-05-02">指出該技術性舞台指示適用於哪些演出中。</desc>
      
      <valDesc>The IDREFS are derived from the <att>xml:id</att> attribute on a <gi>performance</gi> element.</valDesc><valDesc xml:lang="zh-tw" notBefore="2007-05-02">識別碼參照 (IDREFS) 來自於元素<gi>performance</gi>的屬性<att>xml:id</att>。</valDesc>
    </attDef>
  </attList>
  
  
  
</elementSpec>
</moduleSpec>
