<moduleSpec xmlns="http://www.tei-c.org/ns/1.0" ident="figures">
  <elementSpec ident="table" module="figures">

<gloss/><gloss xml:lang="zh-tw" notBefore="2007-05-02"/>
<desc>contains text displayed in tabular form, in
  rows and columns.</desc><desc xml:lang="zh-tw" notBefore="2007-05-02">以表格形式呈現、包含在直行橫列中的文字內容。</desc>
  
  
  <attList>
    <attDef ident="rows" usage="opt">
	
      <desc>indicates the number of rows in the table.</desc><desc xml:lang="zh-tw" notBefore="2007-05-02">指出表格中的列數。</desc>
      
      <valDesc>If no number is supplied, an application must calculate the
        number of rows.</valDesc><valDesc xml:lang="zh-tw" notBefore="2007-05-02">若無提供數字，則應以應用程式來計算行數。 </valDesc>
      
    </attDef>
    <attDef ident="cols" usage="opt">
	
      <desc>indicates the number of columns in each row of the table.</desc><desc xml:lang="zh-tw" notBefore="2007-05-02">指出表格中每一列所包含的行數。</desc>
      
      <valDesc>If no number is supplied, an application must calculate the
        number of columns.</valDesc><valDesc xml:lang="zh-tw" notBefore="2007-05-02">若無提供數字，則應以應用程式來計算行數。</valDesc>
      
    </attDef>
  </attList>
  
  
  
</elementSpec>
  <elementSpec ident="row" module="figures">

<gloss/><gloss xml:lang="zh-tw" notBefore="2007-05-02"/>
    <desc>contains one row of a table. </desc><desc xml:lang="zh-tw" notBefore="2007-05-02">包含表格中的一列。</desc>


  

  
  
  
</elementSpec>
  <elementSpec ident="cell" module="figures">

<gloss/><gloss xml:lang="zh-tw" notBefore="2007-05-02"/>
    <desc>contains one cell of a table. </desc><desc xml:lang="zh-tw" notBefore="2007-05-02">包含表格中的一個儲存格。</desc>



  
  
  
  
  
</elementSpec>
  <elementSpec ident="formula" module="figures">

<gloss/><gloss xml:lang="zh-tw" notBefore="2007-05-02"/>
    <desc>contains a mathematical or other formula.</desc><desc xml:lang="zh-tw" notBefore="2007-05-02">包含數學或其他方程式。</desc>
  
  
  <attList>
    <attDef ident="notation" usage="opt">
	
	<desc>supplies the name of a previously defined notation used for the
content of the
element.</desc><desc xml:lang="zh-tw" notBefore="2007-05-02">提供先前已定義過、適用於該元素內容的記號名稱。</desc>
      
      <valDesc>The
        name of a formal notation previously declared in the document type declaration.</valDesc><valDesc xml:lang="zh-tw" notBefore="2007-05-02">先前在文件類別宣告中定義過的正式記號名稱。 </valDesc>
      
    </attDef>
  </attList>
  
  
  
</elementSpec>
  <elementSpec ident="figure" module="figures">

<gloss/><gloss xml:lang="zh-tw" notBefore="2007-05-02"/>
    <desc>contains a block containing graphics, illustrations, or figures.</desc><desc xml:lang="zh-tw" notBefore="2007-05-02">所標記的區塊包含圖示、插圖、或圖表。</desc>
  
  
  
  
  
  
</elementSpec>
  <elementSpec ident="figDesc" module="figures">

<gloss>Description of Figure</gloss><gloss xml:lang="zh-tw" notBefore="2007-05-02">圖表描述</gloss>
<desc>contains a brief prose description of the appearance or content
of a graphic figure, for use when documenting an image without
displaying it.</desc><desc xml:lang="zh-tw" notBefore="2007-05-02">包含圖表內容的簡短文字描述，用於紀錄圖像但未呈現圖像的情況。</desc>
  
  
  
  
</elementSpec>
</moduleSpec>
