<moduleSpec xmlns="http://www.tei-c.org/ns/1.0" ident="gaiji">
  <elementSpec xmlns:rng="http://relaxng.org/ns/structure/1.0" ident="g" module="gaiji">

<gloss>character or glyph</gloss><gloss xml:lang="zh-tw" notBefore="2007-05-02">文字或字體</gloss>
    <desc>represents a non-standard character or glyph.</desc><desc xml:lang="zh-tw" notBefore="2007-05-02">非標準的文字或字體。</desc>
  
  
  <attList>
    <attDef ident="ref">
	
      <desc>points to a description of the  character or glyph intended.</desc><desc xml:lang="zh-tw" notBefore="2007-05-02">連結到該文字或字體的描述。</desc>
      
      <valDesc>a pointer to some another element.</valDesc><valDesc xml:lang="zh-tw" notBefore="2007-05-02">連結到另一個元素的指標。</valDesc>
    </attDef>
</attList>
  
  
</elementSpec>
  <elementSpec xmlns:rng="http://relaxng.org/ns/structure/1.0" ident="char" module="gaiji">

<gloss>character</gloss><gloss xml:lang="zh-tw" notBefore="2007-05-02">文字</gloss>
    <desc>provides descriptive information about a character. </desc><desc xml:lang="zh-tw" notBefore="2007-05-02">提供一個文字的描述性資訊。</desc>


  

</elementSpec>
  <elementSpec ident="charName" module="gaiji">

<gloss>character name</gloss><gloss xml:lang="zh-tw" notBefore="2007-05-02">文字名稱</gloss>
    <desc>contains the name of a character, expressed following Unicode conventions. </desc><desc xml:lang="zh-tw" notBefore="2007-05-02">包含一文字名稱，其表示法根據統一碼協定 (Unicode)。</desc>


  

</elementSpec>
  <elementSpec ident="charProp" module="gaiji">

    <gloss>character property</gloss><gloss xml:lang="zh-tw" notBefore="2007-05-02">文字性質</gloss>
<desc>provides a name and value for some property of the parent
  character or glyph. </desc><desc xml:lang="zh-tw" notBefore="2007-05-02">提供父文字或字體的性質名稱與性質值。</desc>


  


</elementSpec>
  <elementSpec ident="charDesc" module="gaiji">

<gloss>character description</gloss><gloss xml:lang="zh-tw" notBefore="2007-05-02">文字描述</gloss>
<desc>provides descriptive information about characters or
  glyphs. </desc><desc xml:lang="zh-tw" notBefore="2007-05-02">提供文字或字體的描述性資訊。</desc>


  

</elementSpec>
  <elementSpec xmlns:rng="http://relaxng.org/ns/structure/1.0" ident="glyph" module="gaiji">

    <gloss>character glyph</gloss><gloss xml:lang="zh-tw" notBefore="2007-05-02">文字的形體</gloss>
    <desc>provides descriptive information about a character glyph. </desc><desc xml:lang="zh-tw" notBefore="2007-05-02">提供一種字體的描述性資訊。</desc>


  


</elementSpec>
  <elementSpec ident="glyphName" module="gaiji">

    <gloss>character glyph name</gloss><gloss xml:lang="zh-tw" notBefore="2007-05-02">字體名稱</gloss>
<desc>contains the name of a glyph, expressed following Unicode
  conventions for character names. </desc><desc xml:lang="zh-tw" notBefore="2007-05-02">包含一字體名稱，其表示法根據統一碼協定 (Unicode)。</desc>


  

 </elementSpec>
  <elementSpec ident="localName" module="gaiji">

    <gloss>Locally-defined Property Name</gloss><gloss xml:lang="zh-tw" notBefore="2007-05-02">當地定義的性質名稱</gloss>
    <desc>contains a locally defined name for some property. </desc><desc xml:lang="zh-tw" notBefore="2007-05-02">包含某性質的地方性定義名稱。</desc>


  


</elementSpec>
  <elementSpec ident="mapping" module="gaiji">

<gloss>character mapping</gloss><gloss xml:lang="zh-tw" notBefore="2007-05-02">文字對應</gloss>
<desc>contains one or more
	 characters which are related to the parent character or glyph
	 in some respect, as specified by the <att>type</att>
	 attribute.
</desc><desc xml:lang="zh-tw" notBefore="2007-05-02">包含與父文字或字體在某方面有所關聯的一個或多個文字，在屬性<att>type</att>中加以說明。</desc>


  

</elementSpec>
  <elementSpec xmlns:rng="http://relaxng.org/ns/structure/1.0" ident="unicodeName" module="gaiji">

    <gloss>Unicode Property Name</gloss><gloss xml:lang="zh-tw" notBefore="2007-05-02">統一碼性質名稱</gloss>
<desc>contains the name of a registered Unicode normative or
  informative property. </desc><desc xml:lang="zh-tw" notBefore="2007-05-02">包含一個統一碼規範性質之註冊名稱。</desc>


  <attList>
<attDef ident="version" usage="opt">
	
	<desc>specifies the version number of the Unicode Standard in
	  which this property name is defined.</desc><desc xml:lang="zh-tw" notBefore="2007-05-02">說明該性質名稱是定義在哪一版本的統一碼標準 (Unicode Standard) 中。</desc>
      
  <valDesc>a valid version number.</valDesc><valDesc xml:lang="zh-tw" notBefore="2007-05-02">有效的版本數。</valDesc>
    </attDef>
</attList>


</elementSpec>
  <elementSpec ident="value" module="gaiji">

<gloss>value</gloss><gloss xml:lang="zh-tw" notBefore="2007-05-02">性質值</gloss>
<desc>contains a single value for some property, attribute, or other
  analysis.</desc><desc xml:lang="zh-tw" notBefore="2007-05-02">包含一個性質值、屬性值、或其他分析值。</desc>
  
  
  
  
</elementSpec>
</moduleSpec>
