<moduleSpec xmlns="http://www.tei-c.org/ns/1.0" ident="header">
  <classSpec ident="model.headerPart" module="header" type="model">
<desc>groups elements which may be used inside <gi>teiHeader</gi>
  and appear multiple times</desc><desc xml:lang="zh-tw" notBefore="2007-05-02">匯集可在<gi>teiHeader</gi>中使用並且可多次出現的元素</desc>
  
</classSpec>
  <elementSpec ident="teiHeader" module="header">
  
  <gloss>TEI Header</gloss><gloss xml:lang="zh-tw" notBefore="2007-05-02">TEI標頭</gloss>
  
  
  <desc>supplies the descriptive and declarative information making
	up an electronic title page prefixed to every TEI-conformant
	text.</desc><desc xml:lang="zh-tw" notBefore="2007-05-02">在所有符合TEI標準的文本起始的電子題名頁當中提供敘述性以及宣告性的資訊。</desc>
  
  
  
  <attList>
    <attDef ident="type" usage="opt">
      
      <desc>specifies the kind of document to which the header is
      attached, for example whether it is a corpus or individual text.</desc><desc xml:lang="zh-tw" notBefore="2007-05-02">標明標頭所附屬於的文件類型，例如文集或單一文本。</desc>
      
      
      
      <valList type="open">
        <valItem ident="text">
          
          <gloss>the header is attached to a single text.</gloss><gloss xml:lang="zh-tw" notBefore="2007-05-02">標頭附屬於單一文本中。</gloss>
          
        </valItem>
        <valItem ident="corpus">
          
          <gloss>the header is attached to a corpus.</gloss><gloss xml:lang="zh-tw" notBefore="2007-05-02">標頭附屬於文集中。</gloss>
          
        </valItem>
      </valList>
    </attDef>

  </attList>
  
  
  
  
  
</elementSpec>
  <elementSpec ident="fileDesc" module="header">
  
    <gloss>File Description</gloss><gloss xml:lang="zh-tw" notBefore="2007-05-02">檔案描述</gloss>
  
  
  <desc>contains a full bibliographic description of an electronic
    file.</desc><desc xml:lang="zh-tw" notBefore="2007-05-02">包含對電子檔案的完整書目敘述。</desc>
  
  
  
  
  
  
  
</elementSpec>
  <elementSpec ident="titleStmt" module="header">
  
    <gloss>title statement</gloss><gloss xml:lang="zh-tw" notBefore="2007-05-02">題名陳述</gloss>
  
  
  <desc>groups information about the title of a work and those
    responsible for its intellectual content.</desc><desc xml:lang="zh-tw" notBefore="2007-05-02">匯集關於作品標題與作品智慧內容責任歸屬的資訊。</desc>
  
  
  
  
  
  
  
</elementSpec>
  <elementSpec ident="sponsor" module="header">
  
  <gloss/><gloss xml:lang="zh-tw" notBefore="2007-05-02"/>
  
  
  <desc>specifies the name of a sponsoring organization or
    institution.</desc><desc xml:lang="zh-tw" notBefore="2007-05-02">標明贊助的組織或機構名稱。</desc>
  
  
  
  
  
  
  
</elementSpec>
  <elementSpec ident="funder" module="header">
  
    <gloss>Funding body</gloss><gloss xml:lang="zh-tw" notBefore="2007-05-02">資助者</gloss>
  
  
  <desc>specifies the name of an individual, institution, or organization
    responsible for the funding of a project or text.</desc><desc xml:lang="zh-tw" notBefore="2007-05-02">標明負責資助一項計畫或文件製作的個人、機構或組織名稱。</desc>
  
  
  
  
  
  
  
  
</elementSpec>
  <elementSpec ident="principal" module="header">
  
    <gloss>principal researcher</gloss><gloss xml:lang="zh-tw" notBefore="2007-05-02">主導研究者</gloss>
  
  
  <desc>supplies the name of the principal researcher responsible for the
    creation of an electronic text.</desc><desc xml:lang="zh-tw" notBefore="2007-05-02">提供負責電子文件製作的主導研究者的姓名。</desc>
  
  
  
  
  
  
</elementSpec>
  <elementSpec ident="editionStmt" module="header">
  
    <gloss>edition statement</gloss><gloss xml:lang="zh-tw" notBefore="2007-05-02">版本陳述</gloss>
  
  
    <desc>groups information relating to one edition of a text.</desc><desc xml:lang="zh-tw" notBefore="2007-05-02">匯集文件某一版本的相關資訊。</desc>
  
  
  
  
  
  
  
  
  
  
</elementSpec>
  <elementSpec ident="edition" module="header">
  
    <gloss>Edition</gloss><gloss xml:lang="zh-tw" notBefore="2007-05-02">版本</gloss>
  
  
    <desc>describes the particularities of one edition of a text.</desc><desc xml:lang="zh-tw" notBefore="2007-05-02">描述文件某一版本的特質。</desc>
  
  
  
  
  
  
  
  
</elementSpec>
  <elementSpec ident="extent" module="header">
  
  <gloss/><gloss xml:lang="zh-tw" notBefore="2007-05-02"/>
  
  
  <desc>describes the approximate size of a text as stored on
    some carrier medium, whether digital or non-digital, specified in any convenient units.</desc><desc xml:lang="zh-tw" notBefore="2007-05-02">描述電子文件儲存在某一承載媒介時的約略大小，標以任何適用的單位。</desc>
  
  
  
  
  
  
  
  
</elementSpec>
  <elementSpec ident="publicationStmt" module="header">
  
    <gloss>publication statement</gloss><gloss xml:lang="zh-tw" notBefore="2007-05-02">出版陳述</gloss>
  
  
  <desc>groups information concerning the publication or distribution
    of an electronic or other text. </desc><desc xml:lang="zh-tw" notBefore="2007-05-02">匯集電子文件或其他類型文件的出版或發行相關資訊。</desc>
  
  
  
  
  
  
  
  
  
  
</elementSpec>
  <elementSpec ident="distributor" module="header">
  
  <gloss/><gloss xml:lang="zh-tw" notBefore="2007-05-02"/>
  
  
  <desc>supplies the name of a person or other agency responsible for the
    distribution of a text.</desc><desc xml:lang="zh-tw" notBefore="2007-05-02">提供負責發行文件的個人或其他經銷商的名稱。</desc>
  
  
  
  
  
  
  
</elementSpec>
  <elementSpec ident="authority" module="header">
  
    <gloss>release authority</gloss><gloss xml:lang="zh-tw" notBefore="2007-05-02">供應機構</gloss>
  
  
  <desc>supplies the name of a person or other agency responsible for
  making an electronic file available, other than a publisher or
  distributor.</desc><desc xml:lang="zh-tw" notBefore="2007-05-02">說明除了出版者或發行者之外，負責提供電子檔案的個人或其他經銷商的名稱。</desc>
  
  
  
  
  
  
  
</elementSpec>
  <elementSpec ident="idno" module="header">
  
    <gloss>identifying number</gloss><gloss xml:lang="zh-tw" notBefore="2007-05-02">識別代碼</gloss>
  
  
  <desc>supplies any standard or non-standard number used to identify a
    bibliographic item.</desc><desc xml:lang="zh-tw" notBefore="2007-05-02">提供任何用來識別書目項目的標準或非標準編碼。</desc>
  
  
  
  
  <attList>
    <attDef ident="type" usage="opt">
      
      <desc>categorizes the number, for example as an ISBN or other
         standard series.
      </desc><desc xml:lang="zh-tw" notBefore="2007-05-02">表明編碼的種類，例如國際標準書號 (ISBN) 或其他標準系列編碼。</desc>
      
      
      <valDesc>A name or abbreviation indicating what type of identifying
        number is given (e.g. ISBN, LCCN).</valDesc><valDesc xml:lang="zh-tw" notBefore="2007-05-02">一個名稱或縮寫，表示所提供的識別代碼類型 (例如ISBN、LCCN) 。</valDesc>
    </attDef>
  </attList>
  
  
  
</elementSpec>
  <elementSpec ident="availability" module="header">
  
  <gloss/><gloss xml:lang="zh-tw" notBefore="2007-05-02"/>
  
  
  <desc>supplies information about the availability of a text, for
  example any restrictions on its use or distribution, its copyright
  status, etc.</desc><desc xml:lang="zh-tw" notBefore="2007-05-02">提供關於文件可利用性的資訊，例如使用或發行上的任何限制、版權狀態等。</desc>
  
  
  
  
  <attList>
    <attDef ident="status" usage="opt">
      
      <desc>supplies a code identifying the current availability of the
text.
      </desc><desc xml:lang="zh-tw" notBefore="2007-05-02">提供一個代號，用來確認文件目前的可利用性。</desc>
      
      
      <valList type="closed">
        <valItem ident="free">
          
          <gloss>the text is freely available.
          </gloss><gloss xml:lang="zh-tw" notBefore="2007-05-02">文件的可利用性不受限。</gloss>
          
        </valItem>
        <valItem ident="unknown">
          
          <gloss>the status of the text is unknown.
    </gloss><gloss xml:lang="zh-tw" notBefore="2007-05-02">文件狀態不明。</gloss>
          
        </valItem>
        <valItem ident="restricted">
          
          <gloss>the text is not freely available.
          </gloss><gloss xml:lang="zh-tw" notBefore="2007-05-02">文件的可利用性受限制。</gloss>
          
        </valItem>
      </valList>
    </attDef>
  </attList>
  
  
  
  
  
</elementSpec>
  <elementSpec ident="seriesStmt" module="header">
  
    <gloss>series statement</gloss><gloss xml:lang="zh-tw" notBefore="2007-05-02">集叢陳述</gloss>
  
  
  <desc>groups information about the series, if any, to which
    a publication belongs.</desc><desc xml:lang="zh-tw" notBefore="2007-05-02">若出版品隸屬於某叢書，則在此匯集該叢書的相關資訊。</desc>
  
  
  
  
  
  
  
</elementSpec>
  <elementSpec ident="notesStmt" module="header">
  
    <gloss>Notes statement</gloss><gloss xml:lang="zh-tw" notBefore="2007-05-02">附註陳述</gloss>
  
  
  <desc>collects together any notes providing information about a text
additional to that recorded in other parts of the bibliographic
description.</desc><desc xml:lang="zh-tw" notBefore="2007-05-02">收集其他部分的書目描述中所未記載的任何文件相關附註。</desc>
  
  
  
  
  
  
  
  
</elementSpec>
  <classSpec ident="model.sourceDescPart" module="header" type="model">
  <desc>groups elements which may be used inside <gi>sourceDesc</gi>
    and appear multiple times</desc><desc xml:lang="zh-tw" notBefore="2007-05-02">匯集可在<gi>sourceDesc</gi>中使用並且可多次出現的元素</desc>
  
  
</classSpec>
  <elementSpec ident="sourceDesc" module="header">
  
  <gloss/><gloss xml:lang="zh-tw" notBefore="2007-05-02"/>
  
  
  <desc>supplies a description of the source text(s) from
    which an electronic text was derived or generated.</desc><desc xml:lang="zh-tw" notBefore="2007-05-02">提供所製電子文件的一個或數個來源文件的書目描述。</desc>
  
  
  
  
  
  
  
  
</elementSpec>
  <elementSpec ident="scriptStmt" module="header">
  
    <gloss>script statement</gloss><gloss xml:lang="zh-tw" notBefore="2007-05-02">腳本陳述</gloss>
  
  
  <desc>contains a citation giving details of the script used for
    a spoken text.</desc><desc xml:lang="zh-tw" notBefore="2007-05-02">包含口說文本的來源腳本相關細節。</desc>
  
  
  
  
  
  
  
</elementSpec>
  <elementSpec ident="recordingStmt" module="header">
  
    <gloss>recording statement</gloss><gloss xml:lang="zh-tw" notBefore="2007-05-02">影音陳述</gloss>
  
  
  <desc>describes a set of recordings used as the basis for transcription of a
    spoken text.</desc><desc xml:lang="zh-tw" notBefore="2007-05-02">當所轉錄的口說文本來源為影音檔案時，在此描述影音錄製的相關資訊。</desc>
  
  
  
  
  
  
  
</elementSpec>
  <elementSpec ident="recording" module="header">
  
    <gloss>recording event</gloss><gloss xml:lang="zh-tw" notBefore="2007-05-02">影音錄製</gloss>
  
  
  <desc>details of an audio or video recording event
used as the source of a spoken text, either directly or from
a public broadcast. </desc><desc xml:lang="zh-tw" notBefore="2007-05-02">包含口說文本的影像或聲音來源錄製細節，該來源可以是直接錄製或是經由公開播放的管道取得。</desc>
  
  
  
  
  <attList>
    <attDef ident="type" usage="opt">
      
      <desc>the kind of recording.</desc><desc xml:lang="zh-tw" notBefore="2007-05-02">錄製類型</desc>
      
      
      <valList type="closed">
        <valItem ident="audio">
          
          <gloss>audio recording</gloss><gloss xml:lang="zh-tw" notBefore="2007-05-02">聲音錄製</gloss>
          
        </valItem>
        <valItem ident="video">
          
          <gloss>audio and video recording</gloss><gloss xml:lang="zh-tw" notBefore="2007-05-02">聲音及影像錄製</gloss>
          
        </valItem>
      </valList>
    </attDef>
  </attList>
  
  
  
  
  
  
  
</elementSpec>
  <elementSpec ident="equipment" module="header">
  
  <gloss>equipment</gloss><gloss xml:lang="zh-tw" notBefore="2007-05-02">設備</gloss>
  
  
  <desc>provides technical details of the equipment and media used for
    an audio or video recording used as the source for a spoken text.</desc><desc xml:lang="zh-tw" notBefore="2007-05-02">提供錄製設備及媒介的技術性細節，該設備及媒介用於口說文本來源之影像或聲音錄製。</desc>
  
  
  
  
  
  
  
  
  
  
  
</elementSpec>
  <elementSpec ident="broadcast" module="header">
  
    <gloss>broadcast</gloss><gloss xml:lang="zh-tw" notBefore="2007-05-02">公開播放</gloss>
  
  
    <desc>describes a broadcast used as the source of a spoken text.</desc><desc xml:lang="zh-tw" notBefore="2007-05-02">描述口說文本的公開播送影音來源相關資訊。</desc>
  
  
  
  
  
  
  
  
</elementSpec>
  <classSpec ident="model.encodingPart" module="header" type="model">
  <desc>groups elements which may be used inside <gi>encodingDesc</gi>
    and appear multiple times</desc><desc xml:lang="zh-tw" notBefore="2007-05-02">匯集可在<gi>encodingDesc</gi>中使用並且可多次出現的元素</desc>
  
  
</classSpec>
  <elementSpec ident="encodingDesc" module="header">
  
    <gloss>Encoding description</gloss><gloss xml:lang="zh-tw" notBefore="2007-05-02">編碼描述</gloss>
  
  
  <desc>documents the relationship between an electronic text and the
    source or sources from which it was derived.</desc><desc xml:lang="zh-tw" notBefore="2007-05-02">記錄電子文件和其ㄧ個或多個文件來源之間的關係。</desc>
  
  
  
  
  
  
  
</elementSpec>
  <elementSpec ident="projectDesc" module="header">
  
    <gloss>project description</gloss><gloss xml:lang="zh-tw" notBefore="2007-05-02">計畫描述</gloss>
  
  
  <desc>describes in detail the aim or purpose for which an electronic
file was encoded, together with any other relevant information
concerning the process by which it was assembled or collected.</desc><desc xml:lang="zh-tw" notBefore="2007-05-02">詳述將電子檔案編碼的目標或目的，以及其他關於檔案匯集或收集程序的任何資訊。</desc>
  
  
  
  
  
  
  
  
</elementSpec>
  <elementSpec ident="samplingDecl" module="header">
  
    <gloss>sampling declaration</gloss><gloss xml:lang="zh-tw" notBefore="2007-05-02">取樣宣告</gloss>
  
  
  <desc>contains a prose description of the rationale and methods used
    in sampling texts in the creation of a corpus or collection.</desc><desc xml:lang="zh-tw" notBefore="2007-05-02">以篇章描述的方式說明建立文集或文選時文件取樣的原理與方法。</desc>
  
  
  
  
  
  
  
  
</elementSpec>
  <classSpec ident="model.editorialDeclPart" module="header" type="model">
  <desc>groups elements which may be used inside
    <gi>editorialDecl</gi> and appear multiple times</desc><desc xml:lang="zh-tw" notBefore="2007-05-02">匯集可在<gi>editorialDecl</gi>中使用並且可多次出現的元素</desc>
  
  
  
</classSpec>
  <elementSpec ident="editorialDecl" module="header">
  
    <gloss>editorial practice declaration</gloss><gloss xml:lang="zh-tw" notBefore="2007-05-02">編輯實行宣告</gloss>
  
  
  <desc>provides details of editorial principles and practices applied
    during the encoding of a text.</desc><desc xml:lang="zh-tw" notBefore="2007-05-02">提供文件編碼時使用的編輯原則與實行方法的細節。</desc>
  
  
  
  
  
  
  
  
</elementSpec>
  <elementSpec ident="correction" module="header">
  
  <gloss>correction principles</gloss><gloss xml:lang="zh-tw" notBefore="2007-05-02">更正原則</gloss>
  
  
  <desc>states how and under what circumstances corrections have been
    made in the text.</desc><desc xml:lang="zh-tw" notBefore="2007-05-02">說明文本中的更正是在什麼情況下、如何產生的。</desc>
  
  
  
  
  <attList>
    <attDef ident="status" usage="opt">
      
      <desc>indicates the degree of correction applied to the text.
   </desc><desc xml:lang="zh-tw" notBefore="2007-05-02">指出文本更正的程度。</desc>
      
      
      <valList type="closed">
        <valItem ident="high">
          
          <gloss>the text has been thoroughly checked and
                       proofread.
    </gloss><gloss xml:lang="zh-tw" notBefore="2007-05-02">該文本以被徹底檢查校對過。</gloss>
          
        </valItem>
        <valItem ident="medium">
          
          <gloss>the text has been checked at least once.
          </gloss><gloss xml:lang="zh-tw" notBefore="2007-05-02">該文本被檢查過至少一次。</gloss>
          
        </valItem>
        <valItem ident="low">
          
          <gloss>the text has not been checked.
          </gloss><gloss xml:lang="zh-tw" notBefore="2007-05-02">該文本從未被檢查過。</gloss>
          
        </valItem>
        <valItem ident="unknown">
          
          <gloss>the correction status of the text is unknown.
   </gloss><gloss xml:lang="zh-tw" notBefore="2007-05-02">更正狀態不明</gloss>
          
        </valItem>
      </valList>
    </attDef>
    <attDef ident="method" usage="opt">
      
      <desc>indicates the method adopted to indicate corrections within the
         text.
   </desc><desc xml:lang="zh-tw" notBefore="2007-05-02">說明標示更正所採取的方法。</desc>
      
      
      <valList type="closed">
        <valItem ident="silent">
          
          <gloss>corrections have been made silently
    </gloss><gloss xml:lang="zh-tw" notBefore="2007-05-02">直接在文本中更正</gloss>
          
        </valItem>
        <valItem ident="tags">
          
          <gloss>corrections have been represented using editorial tags
   </gloss><gloss xml:lang="zh-tw" notBefore="2007-05-02">利用標籤編輯來更正</gloss>
          
        </valItem>
      </valList>
    </attDef>
  </attList>
  
  
  
  
  
</elementSpec>
  <elementSpec xmlns:rng="http://relaxng.org/ns/structure/1.0" ident="normalization" module="header">
  
  <gloss/><gloss xml:lang="zh-tw" notBefore="2007-05-02"/>
  
  
  <desc>indicates the extent of normalization or regularization of the
    original source carried out in converting it to electronic form.</desc><desc xml:lang="zh-tw" notBefore="2007-05-02">指出來源文件轉換成電子文本時規格化或標準化的程度。</desc>
  
  
  
  
  <attList>
    <attDef ident="source" usage="opt">
      
      <desc>indicates the authority for any normalization carried out.
      </desc><desc xml:lang="zh-tw" notBefore="2007-05-02">指出任何規格化所實行的依據。</desc>
      
      
      <valDesc>Points to a bibliographic
      description or other resource documenting the principles
      underlying the normalization which has been applied.
   </valDesc><valDesc xml:lang="zh-tw" notBefore="2007-05-02">指向一個書目描述或其他記錄該規格化原則的資料來源。</valDesc>
    </attDef>
    <attDef ident="method" usage="opt">
      
      <desc>indicates the method adopted to indicate normalizations within
         the text.
      </desc><desc xml:lang="zh-tw" notBefore="2007-05-02">指出標示規格化所採取的方法。</desc>
      
      
      <valList type="closed">
        <valItem ident="silent">
          
          <gloss>normalization made silently
          </gloss><gloss xml:lang="zh-tw" notBefore="2007-05-02">直接在文本中實行規格化</gloss>
          
        </valItem>
        <valItem ident="tags">
          
          <gloss>normalization represented using editorial tags
          </gloss><gloss xml:lang="zh-tw" notBefore="2007-05-02">利用標籤編輯來實行規格化</gloss>
          
        </valItem>
      </valList>
    </attDef>
  </attList>
  
  
  
  
</elementSpec>
  <elementSpec ident="quotation" module="header">
  
  <gloss/><gloss xml:lang="zh-tw" notBefore="2007-05-02"/>
  
  
  <desc>specifies editorial practice adopted with respect to quotation
    marks in the original. </desc><desc xml:lang="zh-tw" notBefore="2007-05-02">說明在編輯上是如何處理來源文件中的引文符號。</desc>
  
  
  
  
  <attList>
    <attDef ident="marks" usage="opt">
      
      <desc>indicates whether or not quotation marks have been retained as
        content within the text. </desc><desc xml:lang="zh-tw" notBefore="2007-05-02">指出引文符號是否在文本中被保留為內容的一部份。</desc>
      
      
      <valList type="closed">
        <valItem ident="none">
          
          <gloss>no quotation marks have been retained </gloss><gloss xml:lang="zh-tw" notBefore="2007-05-02">不保留任何引文符號</gloss>
          
        </valItem>
        <valItem ident="some">
          
          <gloss>some quotation marks have been retained </gloss><gloss xml:lang="zh-tw" notBefore="2007-05-02">保留部分引文符號</gloss>
          
        </valItem>
        <valItem ident="all">
          
          <gloss>all quotation marks have been retained </gloss><gloss xml:lang="zh-tw" notBefore="2007-05-02">保留所有引文符號</gloss>
          
        </valItem>
      </valList>
    </attDef>
    <attDef ident="form" usage="opt">
      
      <desc>specifies how quotation marks are indicated within the
        text.</desc><desc xml:lang="zh-tw" notBefore="2007-05-02">說明引文符號如何標示於文本中。</desc>
      
      
      <valList type="closed">
        <valItem ident="data">
          
          <gloss>quotation marks are retained as data.</gloss><gloss xml:lang="zh-tw" notBefore="2007-05-02">引文符號以數據形式來保留。</gloss>
          
        </valItem>
        <valItem ident="rend">
          
          <gloss>the rendition attribute is consistently used to
            indicate the form of quotation marks.</gloss><gloss xml:lang="zh-tw" notBefore="2007-05-02">引文符號的形式固定以屬性<att>rendition</att>來表示。</gloss>
          
        </valItem>
        <valItem ident="std">
          
          <gloss>use of quotation marks has been standardized.</gloss><gloss xml:lang="zh-tw" notBefore="2007-05-02">引文符號的使用已被標準化。</gloss>
          
        </valItem>
        <valItem ident="nonstd">
          
          <gloss>quotation marks are represented inconsistently.</gloss><gloss xml:lang="zh-tw" notBefore="2007-05-02">引文符號的呈現並無一致性。</gloss>
          
        </valItem>
        <valItem ident="unknown">
          
          <gloss>use of quotation marks is unknown.</gloss><gloss xml:lang="zh-tw" notBefore="2007-05-02">引文符號的使用情形不明。</gloss>
          
        </valItem>
      </valList>
    </attDef>
  </attList>
  
  
  
  
  
  
  
  
</elementSpec>
  <elementSpec ident="hyphenation" module="header">
  
    <gloss>Hyphenation</gloss><gloss xml:lang="zh-tw" notBefore="2007-05-02">連字符號</gloss>
  
  
  
  <desc>summarizes the way in which hyphenation in a source text has been
    treated in an encoded version of it.</desc><desc xml:lang="zh-tw" notBefore="2007-05-02">概述來源文件裡的連字符號在電子化的版本中是如何被處理的。</desc>
  
  
  
  
  
  <attList>
    <attDef ident="eol" usage="opt">
      
      <desc>indicates whether or not end-of-line hyphenation has been
        retained in a text.</desc><desc xml:lang="zh-tw" notBefore="2007-05-02">指出行末連字符號是否在文本中被保留。</desc>
      
      
      
      <valList type="closed">
        <valItem ident="all">
          
          <gloss>all end-of-line hyphenation has been retained,
                   even though the lineation of the original
                   may not have been.
          </gloss><gloss xml:lang="zh-tw" notBefore="2007-05-02">保留所有行末連字符號，即使原文中的不被保留。</gloss>
          
          
        </valItem>
        <valItem ident="some">
          
          <gloss>end-of-line hyphenation has been retained in some
                   cases.
          </gloss><gloss xml:lang="zh-tw" notBefore="2007-05-02">行末連字符號在某些情況下被保留。</gloss>
          
          
        </valItem>
        <valItem ident="hard">
          
          <gloss>all soft end-of-line hyphenation has been removed:
                   any remaining end-od-line hyphenation should be retained.
          </gloss><gloss xml:lang="zh-tw" notBefore="2007-05-02">所有軟音的行末連字符號皆被移除：任何剩下的行末連字符號應該被保留。</gloss>
          
          
        </valItem>
        <valItem ident="none">
          
          <gloss>all end-of-line hyphenation has been removed:
                  any remaining hyphenation occurred within the line.
          </gloss><gloss xml:lang="zh-tw" notBefore="2007-05-02">所有行末連字符號皆被移除：剩下的是行中出現的行末連字符號。</gloss>
          
          
        </valItem>
      </valList>
    </attDef>
  </attList>
  
  
  
  
  
</elementSpec>
  <elementSpec ident="segmentation" module="header">
  
  <gloss/><gloss xml:lang="zh-tw" notBefore="2007-05-02"/>
  
  
  <desc>describes the principles according to which the text has been
segmented, for example into sentences, tone-units, graphemic strata,
etc.</desc><desc xml:lang="zh-tw" notBefore="2007-05-02">描述文件分割的原理方法，例如分割成句子、音調單位、字形層次等。</desc>
  
  
  
  
  
  
  
</elementSpec>
  <elementSpec ident="stdVals" module="header">
  
  <gloss>Standard values</gloss><gloss xml:lang="zh-tw" notBefore="2007-05-02">標準值</gloss>
  
  
  <desc>specifies the format used when standardized date or number
    values are supplied.</desc><desc xml:lang="zh-tw" notBefore="2007-05-02">明確說明文本中標準化日期或數值所使用的格式。</desc>
  
  
  
  
  
  
  
  
</elementSpec>
  <elementSpec ident="interpretation" module="header">
  
  <gloss/><gloss xml:lang="zh-tw" notBefore="2007-05-02"/>
  
  
  <desc>describes the scope of any analytic or interpretive information
    added to the text in addition to the transcription. </desc><desc xml:lang="zh-tw" notBefore="2007-05-02">指出除了轉錄之外，文件中加入哪些分析性或詮釋性的資訊。</desc>
  
  
  
  
  
  
  
  
</elementSpec>
  <elementSpec ident="tagsDecl" module="header">
  
    <gloss>tagging declaration</gloss><gloss xml:lang="zh-tw" notBefore="2007-05-02">標誌宣告</gloss>
  
  
    <desc>provides detailed information about the tagging applied to a document.</desc><desc xml:lang="zh-tw" notBefore="2007-05-02">提供關於應用在XML文件中的標誌的詳細資訊。</desc>
  
  
  
  
  
  
  
</elementSpec>
  <elementSpec ident="tagUsage" module="header">
  
  <gloss>tag usage</gloss><gloss xml:lang="zh-tw" notBefore="2007-05-02">標籤使用</gloss>
  
  
  <desc>supplies information about the usage of a specific element
    within a text. </desc><desc xml:lang="zh-tw" notBefore="2007-05-02">提供文件中某個特定元素的使用資訊。</desc>
  
  
  
  <attList>
    <attDef ident="gi" usage="req">
      
      <desc>the name (generic identifier) of the element indicated by
      the tag.</desc><desc xml:lang="zh-tw" notBefore="2007-05-02">該標籤所指明的元素名稱 (通用識別符碼)。</desc>
      
      
      
      <valDesc>the name of an element within the namespace indicated
        by the parent <gi>namespace</gi> element</valDesc><valDesc xml:lang="zh-tw" notBefore="2007-05-02">上層元素<gi>namespace</gi>所指的元素在名稱空間中的名稱</valDesc>
    </attDef>
    <attDef ident="occurs" usage="rec">
      
      <desc>specifies the number of occurrences of this element within the text.</desc><desc xml:lang="zh-tw" notBefore="2007-05-02">指出該元素在文本中出現的次數。</desc>
      
      
      
      <valDesc>an integer number greater than zero</valDesc><valDesc xml:lang="zh-tw" notBefore="2007-05-02">大於零的整數。</valDesc>
    </attDef>
    <attDef ident="withId" usage="rec">
      
      <desc>specifies the number of occurrences of this element within
      the text which bear a distinct value for the global
        <att>xml:id</att> attribute. </desc><desc xml:lang="zh-tw" notBefore="2007-05-02">指出帶有明確全域屬性<att>xml:id</att>屬性值的元素在文本中的出現次數。</desc>
      
      
      
      <valDesc>an integer number greater than zero</valDesc><valDesc xml:lang="zh-tw" notBefore="2007-05-02">大於零的整數。</valDesc>
    </attDef>
    <attDef ident="render" usage="opt">
      
      <desc>specifies the identifier of a <gi>rendition</gi> element
        which defines how this element is to be rendered.</desc><desc xml:lang="zh-tw" notBefore="2007-05-02">標明元素<gi>rendition</gi>的識別符號，該符號定義此元素的呈現方法。</desc>
      
      
      
      <valDesc>an identifier specified as the value of the
      <att>xml:id</att> attribute on some <gi>rendition</gi> element
        in the current document.</valDesc><valDesc xml:lang="zh-tw" notBefore="2007-05-02">識別符號為文件中某個元素<gi>rendition</gi>所帶有的全域屬性<att>xml:id</att>的屬性值。</valDesc>
    </attDef>
  </attList>
  
  
  
  
</elementSpec>
  <elementSpec xmlns:rng="http://relaxng.org/ns/structure/1.0" ident="namespace" module="header">
  
  <desc>supplies the formal name of the namespace to which the elements
    documented by its children belong. </desc><desc xml:lang="zh-tw" notBefore="2007-05-02">提供其子元素所描述的元素所屬的名稱空間之正式名稱。 </desc>
  
  
  
  <attList>
    <attDef ident="name" usage="req">
      
      <desc>the full formal name of the namespace concerned.</desc><desc xml:lang="zh-tw" notBefore="2007-05-02">名稱空間的正式完整名稱。</desc>
      
      
    </attDef>
  </attList>
  
  
  
  
</elementSpec>
  <elementSpec ident="rendition" module="header">
  
  <gloss>rendition</gloss><gloss xml:lang="zh-tw" notBefore="2007-05-02">呈現</gloss>
  
  
  <desc>supplies information about the intended rendition of one or more
    elements.</desc><desc xml:lang="zh-tw" notBefore="2007-05-02">提供關於一個或多個元素預定呈現方式的資訊。</desc>
  
  
  
  
  
  
  
</elementSpec>
  <elementSpec ident="refsDecl" module="header">
  
    <gloss>references declaration</gloss><gloss xml:lang="zh-tw" notBefore="2007-05-02">參照宣告</gloss>
  
  
  <desc>specifies how canonical references are constructed for this
    text.</desc><desc xml:lang="zh-tw" notBefore="2007-05-02">標明本文件與某一個權威參照標準的關係。</desc>
  
  
  
  
  <attList>
    <attDef ident="doctype" usage="opt">
      
      <desc>identifies the document type within which
      this reference declaration is used.</desc><desc xml:lang="zh-tw" notBefore="2007-05-02">標明該參照宣告使用在那一種文件類型中。</desc>
      
      
      
      <valDesc>must be the name of a document type</valDesc><valDesc xml:lang="zh-tw" notBefore="2007-05-02">必須是一文件類型名稱。</valDesc>
    </attDef>
  </attList>
  
  
  
  
  
  
  
</elementSpec>
  <elementSpec ident="cRefPattern" module="header">
  
  <gloss>defines how to convert a canonical reference into a
    URI</gloss><gloss xml:lang="zh-tw" notBefore="2007-05-02">定義如何將標準參照轉換成統一資源識別符 (URI) 。</gloss>
  
  
  <desc>specifies an expression and replacement pattern for
    tranforming a canonical reference into a URI. </desc><desc xml:lang="zh-tw" notBefore="2007-05-02">標明將標準參照轉換成統一資源識別符的表示方法與取代模式。 </desc>
  
  
  
  <attList>
    <attDef ident="matchPattern" usage="req">
      
      <desc>specifies a regular expression against which the values of
        <att>cRef</att> attributes can be matched.</desc><desc xml:lang="zh-tw" notBefore="2007-05-02">標明一個表示屬性<att>cRef</att>屬性值的固定方法。</desc>
      
      
      <valDesc>must be a regular expression according to the <ref target="http://www.w3.org/TR/xmlschema-2/#regexs">W3C XML Schema
        Language</ref></valDesc><valDesc xml:lang="zh-tw" notBefore="2007-05-02">必須是一個根據<ref target="http://www.w3.org/TR/xmlschema-2/#regexs">W3C XML Schema
          Language</ref>的固定表示法。</valDesc>
      
      
    </attDef>
    <attDef ident="replacementPattern" usage="req">
      
      <desc>specifies a <soCalled>replacement pattern</soCalled>
      which, once subpattern substitution has been performed, provides
      a URI.</desc><desc xml:lang="zh-tw" notBefore="2007-05-02">標明一個<soCalled>取代模式</soCalled>，一旦進行次要模式的替換，會自動提供統一資源識別符 (URI)  。</desc>
      
      
      <valDesc>Should be the skeleton of a relative or absolute URI,
        with references to groups in the <att>matchPattern</att>.</valDesc><valDesc xml:lang="zh-tw" notBefore="2007-05-02">應為一個相對或絕對統一資源識別符 (URI) 的基本架構，可參照到屬性<att>matchPattern</att>裡的群組。</valDesc>
      
      
    </attDef>
  </attList>
  
  
  
  
</elementSpec>
  <elementSpec ident="state" module="header">
  
  <gloss/><gloss xml:lang="zh-tw" notBefore="2007-05-02"/>
  
  
  <desc>specifies one component of a canonical reference defined by
    the milestone method.</desc><desc xml:lang="zh-tw" notBefore="2007-05-02">標明分界方法所定義的權威參照標準裡其中ㄧ個組件。</desc>
  
  
  
  <attList>
    <attDef ident="ed" usage="opt">
      
      <desc>indicates which edition or version the milestone applies to.</desc><desc xml:lang="zh-tw" notBefore="2007-05-02">用來指出該分界適用於哪一個版本。</desc>
      
      
      <valDesc>Any string of characters; usually a siglum conventionally used
for the edition.</valDesc><valDesc xml:lang="zh-tw" notBefore="2007-05-02">任何字串；通常是一般代表該版本的符碼。</valDesc>
      
      
    </attDef>
    <attDef ident="unit" usage="req">
      
      <desc>indicates what kind of state is changing at this milestone.</desc><desc xml:lang="zh-tw" notBefore="2007-05-02">標明在該分界上變更的文字段落種類。</desc>
      
      
      <valList type="semi">
        <valItem ident="page">
          
          <gloss>page breaks in the reference edition.
    </gloss><gloss xml:lang="zh-tw" notBefore="2007-05-02">參照版本中的分頁。</gloss>
          
        </valItem>
        <valItem ident="column">
          
          <gloss>column breaks.
    </gloss><gloss xml:lang="zh-tw" notBefore="2007-05-02">分段。</gloss>
          
        </valItem>
        <valItem ident="line">
          
          <gloss>line breaks.
    </gloss><gloss xml:lang="zh-tw" notBefore="2007-05-02">分行。</gloss>
          
        </valItem>
        <valItem ident="book">
          
          <gloss>any units termed book, liber, etc.
    </gloss><gloss xml:lang="zh-tw" notBefore="2007-05-02">書或冊的單位。</gloss>
          
        </valItem>
        <valItem ident="poem">
          
          <gloss>individual poems in a collection.
    </gloss><gloss xml:lang="zh-tw" notBefore="2007-05-02">詩集中的單首詩。</gloss>
          
        </valItem>
        <valItem ident="canto">
          
          <gloss>cantos or other major sections of a poem.
    </gloss><gloss xml:lang="zh-tw" notBefore="2007-05-02">詩篇或其他詩的主要部份。</gloss>
          
        </valItem>
        <valItem ident="stanza">
          
          <gloss>stanzas within a poem, book, or canto.
    </gloss><gloss xml:lang="zh-tw" notBefore="2007-05-02">一首詩、一本書、或詩篇中的詩節。</gloss>
          
        </valItem>
        <valItem ident="act">
          
          <gloss>acts within a play.
    </gloss><gloss xml:lang="zh-tw" notBefore="2007-05-02">戲劇中的幕。</gloss>
          
        </valItem>
        <valItem ident="scene">
          
          <gloss>scenes within a play or act.
    </gloss><gloss xml:lang="zh-tw" notBefore="2007-05-02">戲劇或表演中的場景。</gloss>
          
        </valItem>
        <valItem ident="section">
          
          <gloss>sections of any kind.
    </gloss><gloss xml:lang="zh-tw" notBefore="2007-05-02">任何種類的段落。</gloss>
          
        </valItem>
        <valItem ident="absent">
          
          <gloss>passages not present in the reference edition.</gloss><gloss xml:lang="zh-tw" notBefore="2007-05-02">參照版本中未呈現的段落。</gloss>
          
        </valItem>
      </valList>
      
    </attDef>
    <attDef ident="length" usage="opt">
      
      <desc>specifies the fixed length of the reference component.</desc><desc xml:lang="zh-tw" notBefore="2007-05-02">標明參照部份的固定長度。</desc>
      
      
      <valDesc>Should be a positive integer; if no value is provided,
    the length is unlimited and goes to the next delimiter or to the
    end of the value.</valDesc><valDesc xml:lang="zh-tw" notBefore="2007-05-02">應為一個正整數；若無提供任何值，則長度無限制，並延伸到下一個界線或是到屬性值的結束。</valDesc>
      
      
    </attDef>
    <attDef ident="delim" usage="opt">
      
      <desc>supplies a delimiting string following the reference
          component.</desc><desc xml:lang="zh-tw" notBefore="2007-05-02">提供一個參照部份中的定界字串。</desc>
      
      
      <valDesc>If a single space is used it is interpreted as
          whitespace.</valDesc><valDesc xml:lang="zh-tw" notBefore="2007-05-02">若使用一個間隔，則看作為空白。</valDesc>
      
    </attDef>
  </attList>
  
  
  
</elementSpec>
  <elementSpec ident="classDecl" module="header">
  
    <gloss>classification declarations</gloss><gloss xml:lang="zh-tw" notBefore="2007-05-02">分類宣告</gloss>
  
  
  <desc>contains one or more taxonomies defining any classificatory
    codes used elsewhere in the text.</desc><desc xml:lang="zh-tw" notBefore="2007-05-02">包含一個或多個分類法，用來定義在文件中他處所使用之任何分類碼。</desc>
  
  
  
  
  
  
  
</elementSpec>
  <elementSpec ident="taxonomy" module="header">
  
    <gloss>taxonomy</gloss><gloss xml:lang="zh-tw" notBefore="2007-05-02">分類學法</gloss>
  
  
  <desc>defines a typology used to classify texts either implicitly, by
means of a bibliographic citation, or explicitly by a structured
taxonomy.</desc><desc xml:lang="zh-tw" notBefore="2007-05-02">定義文件分類的類型學，可以是潛在地以書目資料的方式，或是明確地以結構分類法的方式來分類。</desc>
  
  
  
  
  
  
</elementSpec>
  <elementSpec ident="category" module="header">
  
    <gloss>category</gloss><gloss xml:lang="zh-tw" notBefore="2007-05-02">類目</gloss>
  
  
  <desc>contains an individual descriptive category, possibly nested
    within a superordinate category, within a user-defined taxonomy.</desc><desc xml:lang="zh-tw" notBefore="2007-05-02">在使用者定義之分類法當中，此元素包含一項個別的描述性類目，該類目可能位於一個更上層的類目之中。</desc>
  
  
  
  
  
  
  
  
  
</elementSpec>
  <elementSpec ident="catDesc" module="header">
  
    <gloss>category description</gloss><gloss xml:lang="zh-tw" notBefore="2007-05-02">類目描述</gloss>
  
  
  <desc>describes some category within a taxonomy
or text typology, either in the form of a brief prose description
or in terms of the situational parameters used by the TEI
formal textDesc.</desc><desc xml:lang="zh-tw" notBefore="2007-05-02">描述分類法中或文件類型學中的某些類目，可用短文描述的型式，或是用TEI正式元素<gi>textDesc</gi>所使用的狀況參數。</desc>
  
  
  
  
  
  
  
  
  
</elementSpec>
  <elementSpec ident="fsdDecl" module="header">
  
    <gloss>FSD (feature-system declaration) declaration</gloss><gloss xml:lang="zh-tw" notBefore="2007-05-02">功能系統宣告</gloss>
  
  
  <desc>identifies the feature system declaration which contains
    definitions for a particular type of feature structure.</desc><desc xml:lang="zh-tw" notBefore="2007-05-02">明確指出規範某特定功能結構類型的功能系統宣告。</desc>
  
  
  
  
  <attList>
    <attDef ident="type" usage="req">
      
      <desc>identifies the type of feature structure documented by the FSD;
this will be the value of the <att>type</att> attribute on at least one
        feature structure.</desc><desc xml:lang="zh-tw" notBefore="2007-05-02">說明功能系統宣告中所記錄的功能結構類型；這會和至少一個功能結構中屬性<att>type</att>的屬性值相同。</desc>
      
      
      <valDesc>any string of characters.</valDesc><valDesc xml:lang="zh-tw" notBefore="2007-05-02">任何字串。</valDesc>
      
      
      
    </attDef>

    <attDef ident="url" usage="req">
      
      <desc>supplies a link to the entity containing the feature system
        declaration. </desc><desc xml:lang="zh-tw" notBefore="2007-05-02">提供一個連結，指向一個包含功能系統宣告的實體。</desc>
      
      
    </attDef>
  </attList>
  
  
  
</elementSpec>
  <elementSpec ident="metDecl" module="header">
  
  <gloss/><gloss xml:lang="zh-tw" notBefore="2007-05-02"/>
  
  
  <desc>documents the notation employed to represent a metrical
  pattern when this is specified as the value of a <att>met</att>,
  <att>real</att>, or <att>rhyme</att> attribute on any structural
  element of a metrical text (e.g. <gi>lg</gi>, <gi>l</gi>, or
    <gi>seg</gi>).</desc><desc xml:lang="zh-tw" notBefore="2007-05-02">在標記韻文時所用到的結構性元素 (例如<gi>lg</gi>、<gi>l</gi>、或<gi>seg</gi>) 當中，若使用<att>met</att>、<att>real</att>、或<att>rhyme</att>等屬性的屬性值來表示文章的韻律模式，則在此宣告標記韻律模式的方法。</desc>
  
  
  
  
  
  <attList>
    <attDef ident="type" usage="mwa">
      
      <desc>indicates whether the notation conveys the abstract
      metrical form, its actual prosodic realization, or the rhyme
      scheme, or some combination thereof.</desc><desc xml:lang="zh-tw" notBefore="2007-05-02">指出該標記所傳達的為抽象韻律形式、實際韻律實踐、或者押韻形式，或任幾項之結合。</desc>
      
      
      
      
      <valList>
	<valItem ident="met">
	  <gloss><att>met</att> attribute</gloss><gloss xml:lang="zh-tw" notBefore="2007-05-02">屬性<att>met</att></gloss>
	  <desc>declaration applies to the abstract metrical form
	    recorded on the <att>met</att> attriubte</desc><desc xml:lang="zh-tw" notBefore="2007-05-02">屬性 <att>met</att>宣告適用於該屬性所紀錄的抽象韻律形式。</desc>
	</valItem>
	<valItem ident="real">
	  <gloss><att>real</att> attribute</gloss><gloss xml:lang="zh-tw" notBefore="2007-05-02">屬性<att>real</att></gloss>
	  <desc>declaration applies to the actual realization of the
	  conventional metrical structure recorded on the
	    <att>real</att> attriubte</desc><desc xml:lang="zh-tw" notBefore="2007-05-02">屬性<att>real</att>宣告適用於該屬性所紀錄的通用韻律結構之實際實踐</desc>
	</valItem>
	<valItem ident="met">
	  <gloss><att>rhyme</att> attribute</gloss><gloss xml:lang="zh-tw" notBefore="2007-05-02">屬性<att>rhyme</att></gloss>
	  <desc>declaration applies to the rhyme scheme
	    recorded on the <att>rhyme</att> attriubte</desc><desc xml:lang="zh-tw" notBefore="2007-05-02">屬性<att>rhyme</att>宣告適用於該屬性所紀錄的押韻形式</desc>
	</valItem>
      </valList>
      
      
      
    </attDef>
    <attDef ident="pattern" usage="opt">
      
      <desc>specifies a regular expression defining any value that
        is legal for this notation.</desc><desc xml:lang="zh-tw" notBefore="2007-05-02">標明一種固定表示法，用來定義任何合用於此標記的屬性值。</desc>
      
      
      <valDesc>the value must be a valid regular expression per the
      World Wide Web Consortium's <title>XML Schema Part 2: Datatypes
      Second Edition</title>, <ref target="http://www.w3.org/TR/xmlschema-2/#regexs">Appendix
        F</ref></valDesc><valDesc xml:lang="zh-tw" notBefore="2007-05-02">該屬性值必須為一個有效的固定表示法，依據World Wide Web Consortium's  <title>XML Schema Part 2: Datatypes
          Second Edition</title>, <ref target="http://www.w3.org/TR/xmlschema-2/#regexs">Appendix
            F</ref></valDesc>
      
    </attDef>
  </attList>
  
  
  
  
  
</elementSpec>
  <elementSpec ident="metSym" module="header">
  
  <gloss/><gloss xml:lang="zh-tw" notBefore="2007-05-02"/>
  
  
  <desc>documents the intended significance of a particular character or
character sequence within a metrical notation, either explicitly or in
terms of other symbol elements in the same metDecl.</desc><desc xml:lang="zh-tw" notBefore="2007-05-02">說明在標記韻律模式時使用的特定符號或符號序列所代表的意義，可以是明確的文字闡釋，或是加以解釋同ㄧ個韻律宣告中其他韻律符號元素的內容。</desc>
  
  
  
  <attList>
    <attDef ident="value" usage="req">
      
      <desc>specifies the character or character sequence being documented.</desc><desc xml:lang="zh-tw" notBefore="2007-05-02">標明所紀錄的符號或符號序列。</desc>
      
      
      <valDesc>any available character or character sequence.</valDesc><valDesc xml:lang="zh-tw" notBefore="2007-05-02">任何可用的符號或符號序列。</valDesc>
    </attDef>
    <attDef ident="terminal" usage="mwa">
      
      <desc>specifies whether the symbol is defined in terms of other
symbols (<att>terminal</att> is set to <val>false</val>) or in prose
        (<att>terminal</att> is set to <val>true</val>).</desc><desc xml:lang="zh-tw" notBefore="2007-05-02">標明該符號是否以其他符號來定義 (<att>terminal</att>為<val>false</val>) 或以散文描述 (<att>terminal</att>為<val>true</val>)</desc>
      
      
      
      
    </attDef>
  </attList>
  
  
  
  
</elementSpec>
  <elementSpec ident="variantEncoding" module="header">
  
  <gloss/><gloss xml:lang="zh-tw" notBefore="2007-05-02"/>
  
  
    <desc>declares the method used to encode text-critical variants.</desc><desc xml:lang="zh-tw" notBefore="2007-05-02">宣告在標記不同版本中的變異字體時所使用的方法。</desc>
  
  
  
  
  <attList>
    <attDef ident="method" usage="req">
      
      <desc>indicates which method is used to encode the apparatus of
        variants.</desc><desc xml:lang="zh-tw" notBefore="2007-05-02">指明標記變異的學術編輯註解時所使用的方法。</desc>
      
      <valList type="closed">
        <valItem ident="location-referenced">
          
          <gloss>apparatus uses line numbers or other canonical reference scheme
            referenced in a base text.</gloss><gloss xml:lang="zh-tw" notBefore="2007-05-02">學術編輯註解使用基礎文件中被參照的行數或其他標準參照架構。</gloss>
          
        </valItem>
        <valItem ident="double-end-point">
          
          <gloss>apparatus indicates the precise locations of the beginning and
            ending of each lemma relative to a base text.</gloss><gloss xml:lang="zh-tw" notBefore="2007-05-02">學術編輯註解指出與基礎文件相關的各主題起始與結束的確切位置</gloss>
          
        </valItem>
        <valItem ident="parallel-segmentation">
          
          <gloss>alternate readings of a passage are given in parallel in the
            text; no notion of a base text is necessary.</gloss><gloss xml:lang="zh-tw" notBefore="2007-05-02">文件中一個段落的多個替代讀本以平行方式呈現；不需要基礎文件</gloss>
          
        </valItem>
      </valList>
      
      
    </attDef>
    <attDef ident="location" usage="req">
      
      <desc>indicates whether the apparatus appears within the running text
        or external to it.</desc><desc xml:lang="zh-tw" notBefore="2007-05-02">指出該學術編輯註解出現在連續文字內部或其外部。</desc>
      
      <valList type="closed">
        <valItem ident="internal">
          
          <gloss>apparatus appears within the running text.</gloss><gloss xml:lang="zh-tw" notBefore="2007-05-02">學術編輯註解出現在連續文字內部</gloss>
          
        </valItem>
        <valItem ident="external">
          
          <gloss>apparatus appears outside the base text.</gloss><gloss xml:lang="zh-tw" notBefore="2007-05-02">學術編輯註解出現在基礎文件外部</gloss>
          
        </valItem>
      </valList>
      
      
    </attDef>
  </attList>
  
  
  
</elementSpec>
  <classSpec ident="model.profileDescPart" module="header" type="model">
  <desc>groups elements which may be used inside <gi>profileDesc</gi>
    and appear multiple times</desc><desc xml:lang="zh-tw" notBefore="2007-05-02">匯集可用於元素<gi>profileDesc</gi>內，且多次出現的元素</desc>
  
  
</classSpec>
  <elementSpec ident="profileDesc" module="header">
  
    <gloss>text-profile description</gloss><gloss xml:lang="zh-tw" notBefore="2007-05-02">文件背景描述</gloss>
  
  
  <desc>provides a detailed description of non-bibliographic aspects of a
text, specifically the languages and sublanguages used, the situation in
which it was produced, the participants and their setting.</desc><desc xml:lang="zh-tw" notBefore="2007-05-02">提供文件非書目性方面的細節描述，特別是所使用的語言及次要語言、在何種情況下製作、參與人員及其環境背景。</desc>
  
  
  
  
  
  
  
  
</elementSpec>
  <elementSpec ident="creation" module="header">
  
  <gloss/><gloss xml:lang="zh-tw" notBefore="2007-05-02"/>
  
  
    <desc>contains information about the creation of a text.</desc><desc xml:lang="zh-tw" notBefore="2007-05-02">包含關於文件建置的資訊。 </desc>
  
  
  
  
  
  
  
  
  
  
  
  
</elementSpec>
  <elementSpec ident="langUsage" module="header">
  
  <gloss>language usage</gloss><gloss xml:lang="zh-tw" notBefore="2007-05-02">語言使用</gloss>
  
  
  <desc>describes the languages, sublanguages, registers, dialects etc.
    represented within a text.</desc><desc xml:lang="zh-tw" notBefore="2007-05-02">描述文件中使用的語言、次要語言、語域、方言等。</desc>
  
  
  
  
  
  
  
  
</elementSpec>
  <elementSpec ident="language" module="header">
  
  <gloss/><gloss xml:lang="zh-tw" notBefore="2007-05-02"/>
  
  
  <desc>characterizes a single language or sublanguage used within a
    text.</desc><desc xml:lang="zh-tw" notBefore="2007-05-02">個別敘述文本中使用的語言或次要語言。</desc>
  
  
  
  <attList>
    <attDef ident="ident" usage="req">
      
      <desc>Supplies a language code constructed as defined in <ref target="http://www.ietf.org/rfc/rfc3066.txt">RFC 3066</ref> (or
      its successor) which is used to identify the language documented
      by this element, and which is referenced by the global <att>xml:lang</att> attribute.</desc><desc xml:lang="zh-tw" notBefore="2007-05-02">提供一語言代碼，其編碼方式定義在<ref target="http://www.ietf.org/rfc/rfc3066.txt">RFC 3066</ref>中 (或其系列中) ，用來識別此元素所紀錄的語言，並由全域屬性<att>xml:lang</att>所參照。</desc>
      
      
    </attDef>
    <attDef ident="usage" usage="opt">
      
      <desc>specifies the approximate percentage (by volume) of the
      text which uses this language.
      </desc><desc xml:lang="zh-tw" notBefore="2007-05-02">標明該文本使用此語言的大約比例 (以冊計) 。</desc>
      
      
      <valDesc>a whole number between 0 and 100</valDesc><valDesc xml:lang="zh-tw" notBefore="2007-05-02">一個介於0和100之間的整數</valDesc>
    </attDef>
  </attList>
  
  
  
  
  
</elementSpec>
  <elementSpec ident="textClass" module="header">
  
    <gloss>text classification</gloss><gloss xml:lang="zh-tw" notBefore="2007-05-02">文件分類</gloss>
  
  
  <desc>groups information which describes the nature or topic of a text
    in terms of a standard classification scheme, thesaurus, etc.</desc><desc xml:lang="zh-tw" notBefore="2007-05-02">匯集以標準分類架構、索引典等來描述文件性質或主題的資訊。</desc>
  
  
  
  
  
  
  
  
</elementSpec>
  <elementSpec ident="keywords" module="header">
  
  
  
  
  <desc>contains a list of keywords or phrases identifying the topic or
    nature of a text.</desc><desc xml:lang="zh-tw" notBefore="2007-05-02">包含標明文件主題或性質的關鍵詞或字詞列表。</desc>
  
  
  
  <attList>
    <attDef ident="scheme" usage="req">
      
      <desc>identifies the controlled vocabulary within which the set of
  keywords concerned is defined.
      </desc><desc xml:lang="zh-tw" notBefore="2007-05-02">標明相關關鍵詞所使用到的詞彙範圍。</desc>
      
      
      <valDesc>Usually this will indicate an external website or other
        location where the scheme is documented. </valDesc><valDesc xml:lang="zh-tw" notBefore="2007-05-02">通常會指出紀錄該標準的外部網站或者其他位置。</valDesc>
    </attDef>
  </attList>
  
  
  
  
</elementSpec>
  <elementSpec ident="classCode" module="header">
  
  
  
  
  <desc>contains the classification code used for this text in some
    standard classification system.</desc><desc xml:lang="zh-tw" notBefore="2007-05-02">包含文件在某標準分類系統中所屬的分類代碼。</desc>
  
  
  
  <attList>
    <attDef ident="scheme" usage="req">
      
      <desc>identifies the classification system or taxonomy in use.</desc><desc xml:lang="zh-tw" notBefore="2007-05-02">說明使用中的分類系統或分類法。</desc>
      
      
      <valDesc>may point to a local definition, for example in a
      <gi>taxonomy</gi> element, or more usually to some external
        location where the scheme is fully defined.</valDesc><valDesc xml:lang="zh-tw" notBefore="2007-05-02">可連結到一個內部定義，例如在分類法元素中的定義，或者更常連結到某些架構已完整定義的外部位置。</valDesc>
    </attDef>
  </attList>
  
  
  
</elementSpec>
  <elementSpec ident="catRef" module="header">
  
    <gloss>category reference</gloss><gloss xml:lang="zh-tw" notBefore="2007-05-02">類目參照</gloss>
  
  
  <desc>specifies one or more defined categories
    within some taxonomy or text typology.</desc><desc xml:lang="zh-tw" notBefore="2007-05-02">標明在某分類法或文件類型學中，一個或多個已定義之類目。</desc>
  
  
  
  <attList>
    <attDef ident="target" usage="req">
      
      <desc>identifies the categories concerned
      </desc><desc xml:lang="zh-tw" notBefore="2007-05-02">標明相關的類目。 </desc>
      
      
      <valDesc>A series of one or more space-separated pointers (URIs)
      to <gi>category</gi> elements, typically located within a
        <gi>taxonomy</gi> element inside a TEI header</valDesc><valDesc xml:lang="zh-tw" notBefore="2007-05-02">(一連串一個或多個以空白鍵隔開，並指向類目元素的指標 (統一資源識別符URIs) ，通常位於TEI標頭內的元素<gi>taxonomy</gi>中)  </valDesc>
    </attDef>
    <attDef ident="scheme" usage="opt">
      
      <desc>identifies the classification scheme within which the set of
    categories concerned is defined
      </desc><desc xml:lang="zh-tw" notBefore="2007-05-02">標明該分類架構，其中相關的類目群組已被定義</desc>
      
      
      <valDesc>May supply the identifier of the associated <gi>taxonomy</gi> element.</valDesc><valDesc xml:lang="zh-tw" notBefore="2007-05-02">(可提供相關聯的元素<gi>taxonomy</gi> 之識別符。)</valDesc>
    </attDef>
  </attList>
  
  
  
  
</elementSpec>
  <elementSpec ident="revisionDesc" module="header">
  
    <gloss>revision description</gloss><gloss xml:lang="zh-tw" notBefore="2007-05-02">修訂描述</gloss>
  
  
    <desc>summarizes the revision history for a file.</desc><desc xml:lang="zh-tw" notBefore="2007-05-02">概述檔案的修訂歷史。</desc>
  
  
  
  
  
  
  
  
</elementSpec>
  <elementSpec xmlns:rng="http://relaxng.org/ns/structure/1.0" ident="change" module="header">
  
  <gloss/><gloss xml:lang="zh-tw" notBefore="2007-05-02"/>
  
  
  <desc>summarizes a particular change or correction made
to a particular version of an electronic text which is
shared between several researchers.</desc><desc xml:lang="zh-tw" notBefore="2007-05-02">概述多位研究者共享的某版本電子文本當中，某特定的內容變更或修正。</desc>
  
  
  
  
  <attList>
    <attDef ident="date" usage="mwa">
      
      <desc>supplies the date of the change in standard form,  i.e. yyyy-mm-dd.</desc><desc xml:lang="zh-tw" notBefore="2007-05-02">用標準格式來表示變更的時間，例如年-月-日。</desc>
      
      
      <valDesc>Any string representing a date in any of the formats
        defined in <title>XML Schema Part 2: Datatypes Second Edition</title></valDesc><valDesc xml:lang="zh-tw" notBefore="2007-05-02"><title>XML Schema Part 2: Datatypes Second Edition</title>當中所定義的任何日期表示格式。</valDesc>
    </attDef>
  </attList>
  
  
  
  
  
</elementSpec>
</moduleSpec>
