<moduleSpec xmlns="http://www.tei-c.org/ns/1.0" ident="iso-fs">
  <elementSpec ident="fs" module="iso-fs">

    <gloss>Feature structure</gloss>
    <gloss xml:lang="zh-tw" notBefore="2007-05-02">功能結構</gloss>
    <desc>represents a <term>feature structure</term>, that is, a collection of feature-value pairs
      organized as a structural unit.</desc>
    <desc xml:lang="zh-tw" notBefore="2007-05-02">表示一個<term>功能結構</term>，即組織為一個結構單元的功能-值配對集合。</desc>


    <attList>
      <attDef ident="type" usage="rwa">

        <desc>specifies the type of the feature structure.</desc>
        <desc xml:lang="zh-tw" notBefore="2007-05-02">功能結構的類型。</desc>

        <valDesc>Character string, e.g. <term>word structure</term>.</valDesc>
        <valDesc xml:lang="zh-tw" notBefore="2007-05-02">用字串表示，例如<term>單字結構</term>。</valDesc>
      </attDef>
      <attDef ident="feats" usage="opt">

        <desc>references the feature-value specifications making up this feature structure.</desc>
        <desc xml:lang="zh-tw" notBefore="2007-05-02">參照組成該功能結構的功能值細節。</desc>

        <valDesc>one or more identifiers of <gi>f</gi> elements.</valDesc>
        <valDesc xml:lang="zh-tw" notBefore="2007-05-02">一個或多個元素<gi>f</gi>的識別符碼。</valDesc>

      </attDef>
    </attList>


  </elementSpec>
  <elementSpec ident="f" module="iso-fs">

    <gloss>Feature</gloss>
    <gloss xml:lang="zh-tw" notBefore="2007-05-02">功能</gloss>
    <desc>represents a <term>feature value specification</term>, that is, the association of a name
      with a value of any of several different types.</desc>
    <desc xml:lang="zh-tw" notBefore="2007-05-02">表示一個<term>功能值細節</term>，即一項名稱與任一種不同類型值之間的關連。</desc>


    <attList>
      <attDef ident="name" usage="req">

        <desc>provides a name for the feature.</desc>
        <desc xml:lang="zh-tw" notBefore="2007-05-02">功能名稱</desc>

        <valDesc>Any name.</valDesc>
        <valDesc xml:lang="zh-tw" notBefore="2007-05-02">任何名稱。</valDesc>
      </attDef>
      <attDef ident="fVal" usage="opt">

        <desc>references any element which can be used to represent the value of a feature.</desc>
        <desc xml:lang="zh-tw" notBefore="2007-05-02">參照任何可用來代表功能值的元素。</desc>

        <valDesc>the identifier of an element representing a feature value</valDesc>
        <valDesc xml:lang="zh-tw" notBefore="2007-05-02">代表功能值的元素的識別符碼</valDesc>

      </attDef>
    </attList>



  </elementSpec>
  <elementSpec ident="binary" module="iso-fs">

    <gloss>binary value</gloss>
    <gloss xml:lang="zh-tw" notBefore="2007-05-02">二元值</gloss>
    <desc>represents the value part of a feature-value specification which can contain either of
      exactly two possible values.</desc>
    <desc xml:lang="zh-tw" notBefore="2007-05-02">表示功能值細節的值部分資訊，可包含確切兩種可能值中的其中一種。</desc>


    <attList>
      <attDef ident="value" usage="req">

        <desc>supplies a binary value.</desc>
        <desc xml:lang="zh-tw" notBefore="2007-05-02">提供一個二元值</desc>

        <valDesc>a string representing a binary value (true or false, 0 or 1) .</valDesc>
        <valDesc xml:lang="zh-tw" notBefore="2007-05-02">表示二元值的字串 (是或否、0或1)</valDesc>
      </attDef>
    </attList>



  </elementSpec>
  <elementSpec ident="symbol" module="iso-fs">

    <gloss>Symbolic value</gloss>
    <gloss xml:lang="zh-tw" notBefore="2007-05-02">符號值</gloss>
    <desc>represents the value part of a feature-value specification which contains one of a finite
      list of symbols.</desc>
    <desc xml:lang="zh-tw" notBefore="2007-05-02">表示功能值細節的值部分資訊，包含限定符號列表中的其中一項。</desc>


    <attList>
      <attDef ident="value" usage="req">

        <desc>supplies the symbolic value for the feature, one of a finite list that may be
          specified in a feature declaration.</desc>
        <desc xml:lang="zh-tw" notBefore="2007-05-02">提供功能的符號值，限定符號列表可在功能宣告中指明。</desc>

        <valDesc>A string, e.g. <term>feminine</term>.</valDesc>
        <valDesc xml:lang="zh-tw" notBefore="2007-05-02">用字串表示，例如<term>女性</term>。</valDesc>
      </attDef>
    </attList>


  </elementSpec>
  <elementSpec xmlns:rng="http://relaxng.org/ns/structure/1.0" ident="numeric" module="iso-fs">

    <gloss>Numeric value</gloss>
    <gloss xml:lang="zh-tw" notBefore="2007-05-02">數值</gloss>
    <desc>represents the value part of a feature-value specification which contains a numeric value
      or range.</desc>
    <desc xml:lang="zh-tw" notBefore="2007-05-02">表示功能值細節的值部分資訊，包含一個數值或數值範圍。</desc>


    <attList>
      <attDef ident="value" usage="req">

        <desc>supplies a lower bound for the numeric value represented, and also (if <att>max</att>
          is not supplied) its upper bound.</desc>
        <desc xml:lang="zh-tw" notBefore="2007-05-02">提供所表示數值的底限，以及 (若無標明<att>max</att>) 其上限。</desc>

        <valDesc>A real number or integer.</valDesc>
        <valDesc xml:lang="zh-tw" notBefore="2007-05-02">實數或整數。</valDesc>
      </attDef>
      <attDef ident="max" usage="opt">

        <desc>supplies an upper bound for the numeric value represented.</desc>
        <desc xml:lang="zh-tw" notBefore="2007-05-02">提供所表示數值的上限。</desc>

        <valDesc>A real number or integer.</valDesc>
        <valDesc xml:lang="zh-tw" notBefore="2007-05-02">實數或整數。</valDesc>
      </attDef>
      <attDef ident="trunc" usage="opt">

        <desc>specifies whether the value represented should be truncated to give an integer value.</desc>
        <desc xml:lang="zh-tw" notBefore="2007-05-02">標明是否應將該數值四捨五入而取得一個整數。</desc>

      </attDef>
    </attList>



  </elementSpec>
  <elementSpec ident="string" module="iso-fs">

    <gloss>String value</gloss>
    <gloss xml:lang="zh-tw" notBefore="2007-05-02">字串值</gloss>
    <desc>represents the value part of a feature-value specification which contains a string.</desc>
    <desc xml:lang="zh-tw" notBefore="2007-05-02">表示功能值細節的值部分資訊，包含一個字串。</desc>




  </elementSpec>
  <elementSpec xmlns:rng="http://relaxng.org/ns/structure/1.0" ident="vLabel" module="iso-fs">

    <gloss>value label</gloss>
    <gloss xml:lang="zh-tw" notBefore="2007-05-02">值標籤</gloss>
    <desc>represents the value part of a feature-value specification which appears at more than one
      point in a feature structure</desc>
    <desc xml:lang="zh-tw" notBefore="2007-05-02">表示功能值細節的值部分資訊，這項值部分資訊出現在功能結構中一個以上的位置。</desc>


    <attList>
      <attDef ident="name" usage="req">

        <desc>supplies a name for the sharing point.</desc>
        <desc xml:lang="zh-tw" notBefore="2007-05-02">提供該共享值的名稱。</desc>

        <valDesc>An identifying name.</valDesc>
        <valDesc xml:lang="zh-tw" notBefore="2007-05-02">一個識別名稱。</valDesc>
      </attDef>
    </attList>

  </elementSpec>
  <elementSpec ident="vColl" module="iso-fs">

    <gloss>collection of values</gloss>
    <gloss xml:lang="zh-tw" notBefore="2007-05-02">值集合</gloss>
    <desc>represents the value part of a feature-value specification which contains multiple values
      organized as a set, bag, or list.</desc>
    <desc xml:lang="zh-tw" notBefore="2007-05-02">表示功能值細節的值部分資訊，包含形成一組、群組或一列表的複合值。</desc>


    <attList>
      <attDef ident="org" usage="rwa">

        <desc>indicates organization of given value or values as set, bag or list.</desc>
        <desc xml:lang="zh-tw" notBefore="2007-05-02">說明一個或一個以上已知值的組成是一組、群組、或列表。</desc>
        <valList type="closed">
          <valItem ident="set">

            <gloss>indicates that the given values are organized as a set. </gloss>
            <gloss xml:lang="zh-tw" notBefore="2007-05-02">指出已知值是以一組的形式組成。</gloss>
          </valItem>
          <valItem ident="bag">

            <gloss>indicates that the given values are organized as a bag (multiset). </gloss>
            <gloss xml:lang="zh-tw" notBefore="2007-05-02">指出已知值是以群組的形式組成。</gloss>
          </valItem>
          <valItem ident="list">

            <gloss>indicates that the given values are organized as a list.</gloss>
            <gloss xml:lang="zh-tw" notBefore="2007-05-02">指出已知值是以列表的形式組成。</gloss>
          </valItem>
        </valList>

      </attDef>
    </attList>



  </elementSpec>
  <elementSpec ident="default" module="iso-fs">

    <gloss>Default feature value</gloss>
    <gloss xml:lang="zh-tw" notBefore="2007-05-02">預設功能值</gloss>
    <desc>represents the value part of a feature-value specification which contains a defaulted
      value.</desc>
    <desc xml:lang="zh-tw" notBefore="2007-05-02">表示功能值細節的值部分資訊，包含一個預設值。</desc>




  </elementSpec>
  <elementSpec ident="vAlt" module="iso-fs">

    <gloss>Value alternation</gloss>
    <gloss xml:lang="zh-tw" notBefore="2007-05-02">替換值</gloss>
    <desc>represents the value part of a feature-value specification which contains a set of values,
      only one of which can be valid.</desc>
    <desc xml:lang="zh-tw" notBefore="2007-05-02">表示功能值細節的值部分資訊，包含一組值，僅其中一個得為有效值。</desc>




  </elementSpec>
  <elementSpec ident="vNot" module="iso-fs">

    <gloss>Value negation</gloss>
    <gloss xml:lang="zh-tw" notBefore="2007-05-02">矛盾值</gloss>
    <desc>represents a feature value which is the negation of its content.</desc>
    <desc xml:lang="zh-tw" notBefore="2007-05-02">所表示的功能值和其內容互相矛盾。</desc>





  </elementSpec>
  <elementSpec xmlns:rng="http://relaxng.org/ns/structure/1.0" ident="vMerge" module="iso-fs">

    <gloss>Merged collection of values</gloss>
    <gloss xml:lang="zh-tw" notBefore="2007-05-02">合併的值集合</gloss>
    <desc>represents a feature value which is the result of merging together the feature values
      contained by its children, using the organization specified by the <att>org</att> attribute.</desc>
    <desc xml:lang="zh-tw" notBefore="2007-05-02"
      >所表示的功能值是將子元素中的功能值合併的結果，所使用的組成方法在屬性<att>org</att>中標明。</desc>


    <attList>
      <attDef ident="org" usage="rwa">

        <desc>indicates the organization of the resulting merged values as set, bag or list.</desc>
        <desc xml:lang="zh-tw" notBefore="2007-05-02">說明功能值合併的結果是以一組、群組、或列表的方式組成。</desc>
        <valList type="closed">
          <valItem ident="set">

            <gloss>indicates that the resulting values are organized as a set.</gloss>
            <gloss xml:lang="zh-tw" notBefore="2007-05-02">指出結果值是以一組的形式組成。</gloss>
          </valItem>
          <valItem ident="bag">

            <gloss>indicates that the resulting values are organized as a bag (multiset). </gloss>
            <gloss xml:lang="zh-tw" notBefore="2007-05-02">指出結果值是以群組的形式組成。</gloss>
          </valItem>
          <valItem ident="list">

            <gloss>indicates that the resulting values are organized as a list.</gloss>
            <gloss xml:lang="zh-tw" notBefore="2007-05-02">指出結果值是以列表的形式組成。</gloss>
          </valItem>
        </valList>
      </attDef>
    </attList>


  </elementSpec>
  <elementSpec ident="fLib" module="iso-fs">

    <gloss>Feature library</gloss>
    <gloss xml:lang="zh-tw" notBefore="2007-05-02">功能存庫</gloss>
    <desc>assembles a library of feature elements.</desc>
    <desc xml:lang="zh-tw" notBefore="2007-05-02">功能元素的集合存庫。</desc>







  </elementSpec>
  <elementSpec ident="fvLib" module="iso-fs">

    <gloss>Feature-value library</gloss>
    <gloss xml:lang="zh-tw" notBefore="2007-05-02">功能值存庫</gloss>
    <desc>assembles a library of reusable feature value elements (including complete feature
      structures).</desc>
    <desc xml:lang="zh-tw" notBefore="2007-05-02">可重複使用的功能值元素的集合存庫 (包含完整功能結構) 。</desc>






  </elementSpec>
</moduleSpec>
