<moduleSpec xmlns="http://www.tei-c.org/ns/1.0" ident="linking">
  <elementSpec ident="link" module="linking">

<gloss/><gloss xml:lang="zh-tw" notBefore="2007-05-02"/>
<desc>defines an association or hypertextual link
among elements or passages, of some type
  not more precisely specifiable by other elements.</desc><desc xml:lang="zh-tw" notBefore="2007-05-02">定義元素或段落之間的關連或超文字連結，其他元素無法將此連結類型作更詳細說明。</desc>
  
  
  <attList>
    <attDef ident="targets" usage="req">
	
	<desc>specifies the identifiers of the elements or passages
    to be linked or associated.
 </desc><desc xml:lang="zh-tw" notBefore="2007-05-02">標明被連結元素或段落的識別符碼。</desc>
      
      <valDesc>two or more pointers (URIs), separated by white space</valDesc><valDesc xml:lang="zh-tw" notBefore="2007-05-02">兩個或多個指標 (統一資源識別符URI) ，中間以空白鍵隔開。</valDesc>
    </attDef>
  </attList>
  
  
  
</elementSpec>
  <elementSpec ident="linkGrp" module="linking">

<gloss/><gloss xml:lang="zh-tw" notBefore="2007-05-02"/>
    <desc>defines a collection of associations or hypertextual links.</desc><desc xml:lang="zh-tw" notBefore="2007-05-02">定義一群關連或超文字連結的集合。</desc>
  
  
  
  
  
</elementSpec>
  <elementSpec ident="ab" module="linking">

<gloss>anonymous block</gloss><gloss xml:lang="zh-tw" notBefore="2007-05-02">匿名區塊</gloss>
<desc>contains any arbitrary component-level unit of text, acting as
an anonymous container for phrase or inter level elements analogous to, but
without the semantic baggage of, a paragraph.</desc><desc xml:lang="zh-tw" notBefore="2007-05-02">包含文件中任何隨機組合性層次的單元，匿名收容類似一個段落、但不包含段落語義的字詞或中間層元素。</desc>
  
  
  <attList>
    <attDef ident="part" usage="mwa">
	
	<desc>specifies whether or not the block is complete. </desc><desc xml:lang="zh-tw" notBefore="2007-05-02">標明區塊是否完全。</desc>
      
      <valList type="closed">
        <valItem ident="Y">
          
          <gloss>the block is incomplete</gloss><gloss xml:lang="zh-tw" notBefore="2007-05-02">區塊不完全</gloss>
        </valItem>
        <valItem ident="N">
          
          <gloss>either the block is complete, or no claim is made as to its
completeness</gloss><gloss xml:lang="zh-tw" notBefore="2007-05-02">區塊完全，或完全程度不明</gloss>
        </valItem>
        <valItem ident="I">
          
          <gloss>the initial part of an incomplete block</gloss><gloss xml:lang="zh-tw" notBefore="2007-05-02">不完全區塊的起始部分</gloss>
        </valItem>
        <valItem ident="M">
          
          <gloss>a medial part of an incomplete block</gloss><gloss xml:lang="zh-tw" notBefore="2007-05-02">不完全區塊的中段部分</gloss>
        </valItem>
        <valItem ident="F">
          
          <gloss>the final part of an incomplete block</gloss><gloss xml:lang="zh-tw" notBefore="2007-05-02">不完全區塊的末端部分</gloss>
        </valItem>
      </valList>
      
    </attDef>
  </attList>
  
  
  
</elementSpec>
  <elementSpec ident="anchor" module="linking">

<gloss>anchor point</gloss><gloss xml:lang="zh-tw" notBefore="2007-05-02">錨點</gloss>
<desc>attaches an identifier to a
point within a text, whether or not it corresponds with a textual
element.</desc><desc xml:lang="zh-tw" notBefore="2007-05-02">在文件中某一位置附上識別符碼，無論該位置是否符合一個文字性元素。</desc>
  
  
  
  
  
</elementSpec>
  <elementSpec ident="seg" module="linking">

<gloss>arbitrary segment</gloss><gloss xml:lang="zh-tw" notBefore="2007-05-02">隨機分割</gloss>
<desc>contains any arbitrary phrase-level unit of text (including
  other seg elements).</desc><desc xml:lang="zh-tw" notBefore="2007-05-02">包含文件中任何隨機字詞層次的單元 (包括其他分割元素)。</desc>
  
  
  <attList>
    <attDef ident="subtype" usage="opt">
	
	<desc>provides a sub-categorization of the segment marked.</desc><desc xml:lang="zh-tw" notBefore="2007-05-02">提供所標記分割段落的次級分類。</desc>
      
      <valDesc>any string of characters.</valDesc><valDesc xml:lang="zh-tw" notBefore="2007-05-02">任何字串。</valDesc>
      
    </attDef>
  </attList>
  
  
  
  
  
</elementSpec>
  <elementSpec ident="when" module="linking">

<gloss>when</gloss><gloss xml:lang="zh-tw" notBefore="2007-05-02">時間點</gloss>
<desc>indicates a point in time either relative to other elements in the
  same timeline tag, or absolutely.</desc><desc xml:lang="zh-tw" notBefore="2007-05-02">指出一個時間點，相對或絕對於同一時間進程標籤裡的其他元素。</desc>
  
  <attList>
    <attDef ident="absolute" usage="rwa">
	
	<desc>supplies an absolute value for the time.</desc><desc xml:lang="zh-tw" notBefore="2007-05-02">提供一個絕對時間值。</desc>
      
      <valDesc>Times may be given in standard form, as specified in the
Encoding Declarations section of the header.</valDesc><valDesc xml:lang="zh-tw" notBefore="2007-05-02">時間可依標準格式來呈現，同於標頭裡編碼宣告部分所指定的情形。</valDesc>
      
    </attDef>
    <attDef ident="unit" usage="rwa">
	
	<desc>specifies the unit of time in which the  <att>interval</att>
	  value is expressed, if this is not inherited from the parent <gi>timeLine</gi>.</desc><desc xml:lang="zh-tw" notBefore="2007-05-02">若未由父元素<gi>timeLine</gi>得到時間單位資訊，則在此指明屬性<att>interval</att>所使用的時間單位。</desc>
      
      <valList type="semi">
<valItem ident="s"><gloss>seconds</gloss><gloss xml:lang="zh-tw" notBefore="2007-05-02">秒</gloss></valItem>
<valItem ident="ms"><gloss>milliseconds</gloss><gloss xml:lang="zh-tw" notBefore="2007-05-02">毫秒</gloss></valItem>
<valItem ident="m"><gloss>minutes</gloss><gloss xml:lang="zh-tw" notBefore="2007-05-02">分</gloss></valItem>
<valItem ident="h"><gloss>hours</gloss><gloss xml:lang="zh-tw" notBefore="2007-05-02">時</gloss></valItem>
<valItem ident="d"><gloss>days</gloss><gloss xml:lang="zh-tw" notBefore="2007-05-02">日</gloss></valItem>
      </valList>

    </attDef>
    <attDef ident="interval" usage="rwa">
	
	<desc>specifies the numeric portion of a time interval</desc><desc xml:lang="zh-tw" notBefore="2007-05-02">指明時間區段中的數值部份</desc>
      
      <valDesc>a positive number, or the special value
        <val>unknown</val>.</valDesc><valDesc xml:lang="zh-tw" notBefore="2007-05-02">一個正數，或是特殊值<val>unknown</val>。</valDesc>
      
    </attDef>
    <attDef ident="since" usage="rwa">
	
	<desc>identifies the reference point for determining the time of the
current <gi>when</gi> element, which is obtained by adding the interval to the
	  time of the reference point.</desc><desc xml:lang="zh-tw" notBefore="2007-05-02">指出一個參照點，用以確定現有元素<gi>when</gi>的時間，可於參照點的時間內加入區段而取得。</desc>
      
      <valDesc>Should point to another <gi>when</gi> element in the same
        <gi>timeline</gi>.</valDesc><valDesc xml:lang="zh-tw" notBefore="2007-05-02">應連結到同一個元素<gi>timeline</gi>裡的另一個元素<gi>when</gi>。</valDesc>
      
    </attDef>
  </attList>
  
  
  
</elementSpec>
  <elementSpec ident="timeline" module="linking">

<gloss>timeline</gloss><gloss xml:lang="zh-tw" notBefore="2007-05-02">時間進程</gloss>
<desc>provides a set of ordered points in time which can be linked to
elements of a spoken text to create a temporal alignment of that text.</desc><desc xml:lang="zh-tw" notBefore="2007-05-02">提供一組整齊的時間順序點，可與口說文本的元素相連結，以建立該文本的時間組序。</desc>
  
  
  <attList>
    <attDef ident="origin" usage="req">
	
	<desc>designates the origin of the timeline, i.e. the time at which it
begins.</desc><desc xml:lang="zh-tw" notBefore="2007-05-02">標出時間進程的開頭，例如開始時間。</desc>
      
      <valDesc>must point either to one of the <gi>when</gi> elements in
        its content, or to another <gi>timeline</gi> element.</valDesc><valDesc xml:lang="zh-tw" notBefore="2007-05-02">必須連結到內容中的其中一個元素<gi>when</gi>，或者連結到另一個<gi>timeline</gi>元素。</valDesc>
      
    </attDef>
    <attDef ident="unit" usage="rwa">
	
	<desc>specifies the unit of time corresponding to the
	<att>interval</att> value of the timeline or of its
	  constituent points in time.</desc><desc xml:lang="zh-tw" notBefore="2007-05-02">指出符合時間進程屬性<att>interval</att>的屬性值或是符合其接續時間點的時間單位。</desc>
      
      <valList type="semi">
	<valItem ident="d"> <gloss>days</gloss><gloss xml:lang="zh-tw" notBefore="2007-05-02">日</gloss></valItem>
	<valItem ident="h"> <gloss>hours</gloss><gloss xml:lang="zh-tw" notBefore="2007-05-02">時</gloss></valItem>
	<valItem ident="m"> <gloss>minutes</gloss><gloss xml:lang="zh-tw" notBefore="2007-05-02">分</gloss></valItem>
	<valItem ident="s"> <gloss>seconds</gloss><gloss xml:lang="zh-tw" notBefore="2007-05-02">秒</gloss></valItem>
	<valItem ident="ms"><gloss>milliseconds</gloss><gloss xml:lang="zh-tw" notBefore="2007-05-02">毫秒</gloss></valItem>
      </valList>
    </attDef>
    <attDef ident="interval" usage="opt">
	
      <desc>specifies the numeric portion of a time interval</desc><desc xml:lang="zh-tw" notBefore="2007-05-02">指明時間區段中的數值部份</desc>
      
      <valDesc>a positive number, or one of the two special values
        <val>irregular</val> or <val>regular</val>.</valDesc><valDesc xml:lang="zh-tw" notBefore="2007-05-02">一個正數，或兩個<val>irregular</val>或<val>regular</val>特殊值的其中一個。</valDesc>
      
    </attDef>
  </attList>
  
  
  
</elementSpec>
  <elementSpec xmlns:rng="http://relaxng.org/ns/structure/1.0" ident="join" module="linking">

<gloss/><gloss xml:lang="zh-tw" notBefore="2007-05-02"/>
<desc>identifies a possibly fragmented segment of text, by pointing
  at the possibly discontiguous elements which compose it.</desc><desc xml:lang="zh-tw" notBefore="2007-05-02">標明文本中可能的不完整分割，指向構成此不完整分割的可能不連接元素。</desc>
  
  
  <attList>
    <attDef ident="targets" usage="req">
	
	<desc>specifies the identifiers of the elements or passages
       to be joined into a virtual
       element.</desc><desc xml:lang="zh-tw" notBefore="2007-05-02">標明與一個虛擬元素相連結的元素或段落識別符碼。</desc>
      
      <valDesc>two or more pointers (URIs), separated by white space</valDesc><valDesc xml:lang="zh-tw" notBefore="2007-05-02">兩個或多個指標 (統一資源識別符URIs) ，中間以空白鍵隔開。</valDesc>
    </attDef>
    <attDef ident="result" usage="opt">
	
	<desc>specifies the name of an element
which this aggregation
may be understood to represent.</desc><desc xml:lang="zh-tw" notBefore="2007-05-02">指出一個推斷該元素集合所代表的元素名稱。</desc>
      
      <valDesc>The generic identifier of an element in the current DTD.</valDesc><valDesc xml:lang="zh-tw" notBefore="2007-05-02">在現有DTD中的元素通用識別符碼。</valDesc>
    </attDef>
    <attDef ident="scope" usage="rec">
	
	<desc>indicates whether the targets to be joined include the
entire element indicated (the entire subtree including its root),
or just the children of the target (the branches of the subtree).</desc><desc xml:lang="zh-tw" notBefore="2007-05-02">指出被連結的目標是否包含所指元素的完整部份 (完整樹狀圖包含根節點) ，或僅包含該目標的子元素 (樹狀分支部份) 。</desc>
      
      <valList type="closed">
        <valItem ident="root">
          
          <gloss>the rooted subtrees indicated by the targets
attribute are joined, each subtree become a child of the virtual
element created by the join</gloss><gloss xml:lang="zh-tw" notBefore="2007-05-02">由屬性target所指明、具根節點的樹狀圖彼此連結，每個樹狀圖成為該連結所產生之虛擬元素的子元素。</gloss>
        </valItem>
        <valItem ident="branches">
          
          <gloss>the children of the subtrees indicated by the
targets attribute become the children of the virtual element
(i.e. the roots of the subtrees are discarded)</gloss><gloss xml:lang="zh-tw" notBefore="2007-05-02">由屬性target所指明的樹狀圖的子元素成為虛擬元素的子元素 (例如捨去樹狀圖的根節點) 。</gloss>
        </valItem>
      </valList>
      
    </attDef>
  </attList>
  
  
  
  
</elementSpec>
  <elementSpec xmlns:rng="http://relaxng.org/ns/structure/1.0" ident="joinGrp" module="linking">
  
  <gloss>join group</gloss><gloss xml:lang="zh-tw" notBefore="2007-05-02">連結群組</gloss>
  <desc>groups a collection of join elements and possibly
    pointers.</desc><desc xml:lang="zh-tw" notBefore="2007-05-02">匯集一群連結元素與可能指標。</desc>
  
  
  <attList>
    <attDef ident="result" usage="opt">
      
      <desc>describes the result of the joins gathered in this collection.</desc><desc xml:lang="zh-tw" notBefore="2007-05-02">描述此集合中匯集的連結結果。</desc>
      
      <valDesc>supplies the default value for the <att>result</att> on
        each <gi>join</gi> included within the group.</valDesc><valDesc xml:lang="zh-tw" notBefore="2007-05-02">提供該集合中每個元素<gi>join</gi>的屬性<att>result</att>的預設屬性值。</valDesc>
    </attDef>
  </attList>
  
  
  
</elementSpec>
  <elementSpec ident="alt" module="linking">

<gloss>alternation</gloss><gloss xml:lang="zh-tw" notBefore="2007-05-02">替換</gloss>
<desc>identifies an alternation or a set of choices among elements or passages.</desc><desc xml:lang="zh-tw" notBefore="2007-05-02">標明一個替換，或是元素或段落之間的一組不同選擇。</desc>
  
  
  <attList>
    <attDef ident="targets" usage="req">
	
      <desc>specifies the identifiers of the alternative elements or passages.</desc><desc xml:lang="zh-tw" notBefore="2007-05-02">標明替換元素或段落的識別符碼。</desc>
      
      <valDesc>Each value specified must be the same as that
		specified as value for an <att>xml:id</att> attribute for some
        other element in the current document.</valDesc><valDesc xml:lang="zh-tw" notBefore="2007-05-02">任何標明的屬性值必須和在相同文件中其他元素所使用的屬性<att>xml:id</att>的屬性值相同。</valDesc>
    </attDef>
    <attDef ident="mode" usage="rec">
	
      <desc>states whether the alternations gathered in this collection are exclusive or inclusive.</desc><desc xml:lang="zh-tw" notBefore="2007-05-02">說明在此集合中的替換物件是唯一的或通用的。</desc>
      <valList type="closed">
        <valItem ident="excl">
          
          <gloss>indicates that the alternation is exclusive, i.e. that
            at most one of the alternatives occurs.</gloss><gloss xml:lang="zh-tw" notBefore="2007-05-02">替換物件是唯一的，例如最多只出現一個替換。</gloss>
        </valItem>
        <valItem ident="incl">
          
          <gloss>indicates that the alternation is not exclusive, i.e. that
            one or more of the alternatives occur.</gloss><gloss xml:lang="zh-tw" notBefore="2007-05-02">替換物件不是唯一的，例如出現一個或多個替換。</gloss>
        </valItem>
      </valList>
    </attDef>
    <attDef ident="weights" usage="opt">
      
      <desc>If <att>mode</att> is <code>excl</code>, each weight
      states the probability that the corresponding alternative
      occurs. If <att>mode</att> is <val>incl</val> each w states
      the probability that the corresponding alternative occurs given
      that at least one of the other alternatives occurs.</desc><desc xml:lang="zh-tw" notBefore="2007-05-02">若屬性<att>mode</att>的屬性值是<code>excl</code>，則每個weight皆表明相對應替換的可能性。若屬性<att>mode</att>的屬性值是<val>incl</val>，則每個weight皆表明，在至少一個其他替換存在的前提下，相對應替換的可能性</desc>
      
      <valDesc>a whitespace-separated list of probability values in
        the range from 0 to 1.</valDesc><valDesc xml:lang="zh-tw" notBefore="2007-05-02">可能值範圍從0到1的列表，中間以空白鍵隔開。</valDesc>
      
    </attDef>
  </attList>
  
  
  
</elementSpec>
  <elementSpec ident="altGrp" module="linking">

<gloss>alternation group</gloss><gloss xml:lang="zh-tw" notBefore="2007-05-02">替換群組</gloss>
<desc>groups a collection of alt elements and possibly
  pointers.</desc><desc xml:lang="zh-tw" notBefore="2007-05-02">匯集一群替換元素和可能指標。</desc>
  
  
  <attList>
    <attDef ident="mode" usage="opt">
	
	<desc>states whether the alternations gathered in this collection are
	  exclusive or inclusive.</desc><desc xml:lang="zh-tw" notBefore="2007-05-02">說明在此集合中的替換物件是專有的或通用的。</desc>
      
      <valList type="closed">
        <valItem ident="excl">
          
          <gloss>indicates that the alternation is exclusive, i.e. that at
            most one of the alternatives occurs.</gloss><gloss xml:lang="zh-tw" notBefore="2007-05-02">替換物件是專有的，例如最多只出現一個替換。</gloss>
        </valItem>
        <valItem ident="incl">
          
          <gloss>indicates that the alternation is not exclusive, i.e. that
            one or more of the alternatives occur.</gloss><gloss xml:lang="zh-tw" notBefore="2007-05-02">替換物件不是專有的，例如出現一個或多個替換。</gloss>
        </valItem>
      </valList>
    </attDef>

  </attList>
  
  
  
  
</elementSpec>
  <classSpec ident="att.global.linking" module="linking" type="atts">
<desc>defines a set of attributes for hypertext and other linking,
which are enabled for all elements when the additional tag set for
linking is selected.</desc><desc xml:lang="zh-tw" notBefore="2007-05-02">定義一組用於超文字連結及其他連結的屬性，當連結的附加標籤組被選擇時，這些屬性可用於所有元素。</desc>
  <attList>
    <attDef ident="corresp" usage="opt">
      
      <desc>points to elements that correspond to the current
        element in some way.</desc><desc xml:lang="zh-tw" notBefore="2007-05-02">連結到的元素在某方面符合現有元素。</desc>
      
      <valDesc>one or more URIs, separated by white space.</valDesc><valDesc xml:lang="zh-tw" notBefore="2007-05-02">ㄧ個或多個統一資源識別符 (URIs)，中間以空白鍵隔開。</valDesc>
      
    </attDef>
    <attDef ident="synch" usage="opt">
      
      <desc>points to elements that are synchronous with the current
        element.</desc><desc xml:lang="zh-tw" notBefore="2007-05-02">連結到的元素和現有元素同時出現。</desc>
      
      <valDesc>one or more URIs, separated by white space.</valDesc><valDesc xml:lang="zh-tw" notBefore="2007-05-02">ㄧ個或多個統一資源識別符 (URIs)，中間以空白鍵隔開。</valDesc>      
      
    </attDef>
    <attDef ident="sameAs" usage="opt">
      
      <desc>points to an element that is the same as the current
        element.</desc><desc xml:lang="zh-tw" notBefore="2007-05-02">連結到的元素和現有元素相同。</desc>
      
      <valDesc>a URI.</valDesc><valDesc xml:lang="zh-tw" notBefore="2007-05-02">一個統一資源識別符 (URI)。</valDesc>
    </attDef>
    <attDef ident="copyOf" usage="opt">
	
	<desc>points to an element of which the current element is a
	  copy.</desc><desc xml:lang="zh-tw" notBefore="2007-05-02">現有元素為所連結元素的複製本。</desc>
      
      <valDesc>a URI.</valDesc><valDesc xml:lang="zh-tw" notBefore="2007-05-02">一個統一資源識別符 (URI)。</valDesc>
      
    </attDef>
    <attDef ident="next" usage="opt">
      
      <desc>points to the next element of a virtual aggregate of which
        the current element is part.</desc><desc xml:lang="zh-tw" notBefore="2007-05-02">連結到現有元素所屬虛擬集合中的下一個元素。</desc>
      
      <valDesc>a URI.</valDesc><valDesc xml:lang="zh-tw" notBefore="2007-05-02">一個統一資源識別符 (URI)。</valDesc>
    </attDef>
    <attDef ident="prev" usage="opt">
      
      <desc>points to the previous element of a virtual aggregate of
        which the current element is part.</desc><desc xml:lang="zh-tw" notBefore="2007-05-02">連結到現有元素所屬虛擬集合中的上一個元素。</desc>
      
      <valDesc>a URI.</valDesc><valDesc xml:lang="zh-tw" notBefore="2007-05-02">一個統一資源識別符 (URI)。</valDesc>
    </attDef>
    <attDef ident="exclude" usage="opt">
      
      <desc>points to elements that are in exclusive alternation
        with the current element.</desc><desc xml:lang="zh-tw" notBefore="2007-05-02">連結到的元素是現有元素的專有替換元素。</desc>
      
      <valDesc>one or more URIs, separated by white space.</valDesc><valDesc xml:lang="zh-tw" notBefore="2007-05-02">ㄧ個或多個統一資源識別符 (URIs)，中間以空白鍵隔開。</valDesc>
    </attDef>
    <attDef ident="select" usage="opt">
      
      <desc>selects one or more alternants; if one alternant is
      selected, the ambiguity or uncertainty is marked as resolved. If
      more than one alternant is selected, the degree of ambiguity or
      uncertainty is marked as reduced by the number of alternants not
      selected.</desc><desc xml:lang="zh-tw" notBefore="2007-05-02">選擇一個或多個替換；若選擇一個替換，則疑惑或不明確被標記為已解決。若選擇的替換多於一個，則疑惑或不明確的程度因為未選擇的替換而被標記為減低。</desc>
      
      <valDesc>one or more URIs, separated by white space.</valDesc><valDesc xml:lang="zh-tw" notBefore="2007-05-02">ㄧ個或多個統一資源識別符 (URIs)，中間以空白鍵隔開。</valDesc>
      
    </attDef>
  </attList>
  
</classSpec>
  <classSpec ident="att.pointing" module="linking" type="atts">
  <desc>defines a set of attributes used by all elements which point
    to other elements by means of one or more URI references.</desc><desc xml:lang="zh-tw" notBefore="2007-05-02">定義一組與其他元素相連結的所有元素皆使用的屬性，連結是使用ㄧ個或多個統一資源識別符 (URI) 參照。</desc>
  <attList>
    <attDef ident="type" usage="opt">
      
      <desc>categorizes the pointer in some respect, using any
        convenient set of categories.</desc><desc xml:lang="zh-tw" notBefore="2007-05-02">用任何合宜的類別，在某方面將指標分類。</desc>
      
      <valDesc>Any string of XML name characters. The type should
      indicate the intended function of the pointer, or the rhetorical
      relationship between its source and target.</valDesc><valDesc xml:lang="zh-tw" notBefore="2007-05-02">任何XML名稱字串。此類型應指出該指標所預期的功能，或是來源及目標之間的修辭關係。</valDesc>
    </attDef>
    <attDef ident="evaluate" usage="opt">
      
      <desc>specifies the intended meaning when the target of a
      pointer is itself a pointer.</desc><desc xml:lang="zh-tw" notBefore="2007-05-02">若指標的目標本身為指標，則在此說明其用意。</desc>
      <valList type="closed">
	<valItem ident="all">
	  
	  <gloss>if the element pointed to is itself a pointer, then
	  the target of that pointer will be taken, and so on, until
	  an element is found which is not a pointer.</gloss><gloss xml:lang="zh-tw" notBefore="2007-05-02">若指向的元素本身為指標，則該指標的目標會被移除，依此類推，直到找到一個非指標的元素為止。</gloss>
        </valItem>
        <valItem ident="one">
          
	  <gloss>if the element pointed to is itself a pointer, then
	  its target (whether a pointer or not) is taken as the target
	  of this pointer.</gloss><gloss xml:lang="zh-tw" notBefore="2007-05-02">若指向的元素本身為指標，則該指標的目標(無論是否為指標)會作為這項指標的目標。</gloss>
        </valItem>
        <valItem ident="none">
          
	  <gloss>no further evaluation of targets is carried out
	  beyond that needed to find the element specified in the
	  pointer's target.</gloss><gloss xml:lang="zh-tw" notBefore="2007-05-02">尋找指標的目標元素時，未對目標進行不必要的延伸評估。</gloss>
        </valItem>
      </valList>
      
    </attDef>
  </attList>
  
  
</classSpec>
  <classSpec xmlns:rng="http://relaxng.org/ns/structure/1.0" ident="att.pointing.group" module="linking" type="atts">
  <desc>defines a set of attributes common to all elements which
    enclose groups of pointer elements.</desc><desc xml:lang="zh-tw" notBefore="2007-05-02">定義一組屬性，通用於所有包含指標元素群組的元素。</desc>
  
  <attList>
    <attDef ident="domains" usage="opt">
      
      <desc>optionally specifies the identifiers of the elements
      within which all elements indicated by the contents of this
      element lie.</desc><desc xml:lang="zh-tw" notBefore="2007-05-02">標明元素的識別符碼 (但非必備) ，此元素內容所指明的元素皆包含於這些元素當中。</desc>
      
      <valDesc>a list of at least two generic identifier names,
        separated by whitespace.</valDesc><valDesc xml:lang="zh-tw" notBefore="2007-05-02">一個列表包含至少兩種類別的識別名稱，中間以空白鍵隔開。</valDesc>
      
    </attDef>
    <attDef ident="targFunc" usage="opt">
      
      <desc>describes the function of each of the values of the
      <att>targets</att> attribute of the enclosed <gi>link</gi>,
        <gi>join</gi> or <gi>alt</gi> tags.</desc><desc xml:lang="zh-tw" notBefore="2007-05-02">描述每個元素標籤<gi>link</gi>、<gi>join</gi>、或<gi>alt</gi>當中的屬性<att>targets</att>的屬性值功能。</desc>
      
      <valDesc>a list of at least two valid names, separated by whitespace.</valDesc><valDesc xml:lang="zh-tw" notBefore="2007-05-02">一個列表至少包含兩個有效名稱，中間以空白鍵隔開。</valDesc>      
      
    </attDef>
  </attList>
  
  
</classSpec>
</moduleSpec>
