<moduleSpec xmlns="http://www.tei-c.org/ns/1.0" ident="msdescription">
  <elementSpec xmlns:rng="http://relaxng.org/ns/structure/1.0" ident="msDescription" module="msdescription">

<gloss/><gloss xml:lang="zh-tw" notBefore="2007-05-02"/>
<desc xml:id="msdesc.desc">contains a description of a single identifiable
manuscript.</desc><desc xml:lang="zh-tw" notBefore="2007-05-02">包含單一份可識別手稿的描述。</desc>
  
  
  

  
  
</elementSpec>
  <elementSpec ident="catchwords" module="msdescription">

<gloss/><gloss xml:lang="zh-tw" notBefore="2007-05-02"/>
<desc xml:id="catchwords.desc">describes the system used to ensure
correct ordering of the quires making up a codex or incunable,
typically by means of annotations at the foot of the page.</desc><desc xml:lang="zh-tw" notBefore="2007-05-02">描述一疊書頁裝訂成手抄本或書冊時，確保書頁順序無誤的方法，通常是利用頁腳的註記。</desc>
  
  
  
  
  
</elementSpec>
  <elementSpec ident="dimensions" module="msdescription">

<gloss/><gloss xml:lang="zh-tw" notBefore="2007-05-02"/>
<desc xml:id="dimensions.desc">contains any kind of dimensional specification. </desc><desc xml:lang="zh-tw" notBefore="2007-05-02">尺寸的詳細說明。</desc>
  
  
  <attList>
    <attDef ident="type">
	
	<gloss/><gloss xml:lang="zh-tw" notBefore="2007-05-02"/>
      <desc>indicates which aspect of the object is being measured. </desc><desc xml:lang="zh-tw" notBefore="2007-05-02">指出物件被測量的部分。</desc>
      
      <valList type="open">
        <valItem ident="leaves">
          
          <gloss>dimensions relate to one or more leaves (e.g. a single leaf, a
gathering, or a separately bound part)</gloss><gloss xml:lang="zh-tw" notBefore="2007-05-02">一張或多張頁面的尺寸大小 (例如單一頁面、聚集頁面、或分開裝訂的部份) </gloss>
        </valItem>
        <valItem ident="ruled">
          
          <gloss>dimensions relate to the area of a leaf which has been ruled in
preparation for writing.</gloss><gloss xml:lang="zh-tw" notBefore="2007-05-02">頁面上劃好線以備書寫的範圍大小。</gloss>
        </valItem>
        <valItem ident="pricked">
          
          <gloss>dimensions relate to the area of a leaf which has been pricked
out in preparation for ruling (used where this differs significantly
from the ruled area, or where the ruling is not measurable).</gloss><gloss xml:lang="zh-tw" notBefore="2007-05-02">頁面上刺好記號以備劃線的範圍大小 (用在和畫線範圍不同的位置，或是畫線無法測量的位置) 。</gloss>
        </valItem>
        <valItem ident="written">
          
          <gloss>dimensions relate to the area of a leaf which has been written,
with the height measured from the top of the minims on the top line of
writing, to the bottom of the minims on the bottom line of writing.</gloss><gloss xml:lang="zh-tw" notBefore="2007-05-02">頁面上已書寫文字的範圍大小，高度由最頂行文字的頂端測量至最底行文字的底端。</gloss>
        </valItem>
        <valItem ident="miniatures">
          
          <gloss>dimensions relate to the miniatures within the manuscript</gloss><gloss xml:lang="zh-tw" notBefore="2007-05-02">手稿中圖畫的尺寸大小</gloss>
        </valItem>
        <valItem ident="binding">
          
          <gloss>dimensions relate to the binding in which the codex or manuscript is contained</gloss><gloss xml:lang="zh-tw" notBefore="2007-05-02">手抄本或手稿裝訂的尺寸大小</gloss>
        </valItem>
        <valItem ident="box">
          
          <gloss>dimensions relate to the box or other container in which  the
            manuscript is stored.</gloss><gloss xml:lang="zh-tw" notBefore="2007-05-02">手稿所儲存的箱子或其他容器的尺寸大小</gloss>
        </valItem>
      </valList>
    </attDef>
  </attList>
  
  
</elementSpec>
  <elementSpec ident="height" module="msdescription">

<gloss/><gloss xml:lang="zh-tw" notBefore="2007-05-02"/>
    <desc xml:id="height.desc">contains a measurement measured along the axis parallel to the spine. </desc><desc xml:lang="zh-tw" notBefore="2007-05-02">沿著與書脊平行的軸線所量出的測量值。</desc>
  
  
  
  
  
</elementSpec>
  <elementSpec ident="depth" module="msdescription">

<gloss/><gloss xml:lang="zh-tw" notBefore="2007-05-02"/>
<desc xml:id="depth.desc">contains a measurement measured across the spine. </desc><desc xml:lang="zh-tw" notBefore="2007-05-02">橫跨書脊的測量值。</desc>
  
  
  
  
  
</elementSpec>
  <elementSpec ident="width" module="msdescription">

<gloss/><gloss xml:lang="zh-tw" notBefore="2007-05-02"/>
    <desc xml:id="width.desc">contains a measurement measured along the axis perpendicular to the spine. </desc><desc xml:lang="zh-tw" notBefore="2007-05-02">沿著與書脊垂直的軸線所量出的測量值</desc>
  
  
  
  
  
</elementSpec>
  <elementSpec ident="heraldry" module="msdescription">

<gloss/><gloss xml:lang="zh-tw" notBefore="2007-05-02"/>
<desc xml:id="heraldry.desc">contains a heraldic formula
or phrase, typically found as part of a blazon, coat of arms, etc. 
</desc><desc xml:lang="zh-tw" notBefore="2007-05-02">包含一個紋章學的常規或詞彙，通常是裝飾、或盾形紋章等的一部分。</desc>
  
  
  
  
  
</elementSpec>
  <elementSpec ident="locus" module="msdescription">
  
  <gloss/><gloss xml:lang="zh-tw" notBefore="2007-05-02"/>
    <desc xml:id="locus.desc">defines a location  within a manuscript or manuscript part, usually as a (possibly discontinuous) sequence of folio references. </desc><desc xml:lang="zh-tw" notBefore="2007-05-02">定義一個手稿或手稿部分裡的位置，通常是用一系列的 (可能不連續的) 頁面參照。</desc>
  
  
  <attList>
    <attDef ident="scheme">
	
	<gloss/><gloss xml:lang="zh-tw" notBefore="2007-05-02"/>
	<desc>identifies the foliation scheme in terms of which the location is being specified.</desc><desc xml:lang="zh-tw" notBefore="2007-05-02">說明所指出位置的編頁架構。</desc>
      
      <valDesc>A pointer to some  <gi>foliation</gi> element which
      defines the foliation scheme used, or an external link to some
      equivalent resource. </valDesc><valDesc xml:lang="zh-tw" notBefore="2007-05-02">一個連結到元素<gi>foliation</gi>的指標，該元素定義所使用的編頁架構，或定義一個同等資源的外部連結。</valDesc>
    </attDef>
    <attDef ident="from">
	
	<gloss/><gloss xml:lang="zh-tw" notBefore="2007-05-02"/>
	<desc>specifies the starting point of the location in a normalized form.</desc><desc xml:lang="zh-tw" notBefore="2007-05-02">用正規格式指明該位置的起始點。</desc>
      
      <valDesc>typically this will be a page number</valDesc><valDesc xml:lang="zh-tw" notBefore="2007-05-02">通常是一個頁碼</valDesc>
    </attDef>
    <attDef ident="to">
	
	<gloss/><gloss xml:lang="zh-tw" notBefore="2007-05-02"/>
      <desc>specifies the end-point of the location in a normalized form.</desc><desc xml:lang="zh-tw" notBefore="2007-05-02">用正規格式指明該位置的結束點。</desc>
      
      <valDesc>typically this will be a page number</valDesc><valDesc xml:lang="zh-tw" notBefore="2007-05-02">常是一個頁碼</valDesc>
    </attDef>
    <attDef ident="targets">
	
	<gloss/><gloss xml:lang="zh-tw" notBefore="2007-05-02"/>
	<desc>supplies a link to one or more page images or
	transcriptions of the specified range of folios.</desc><desc xml:lang="zh-tw" notBefore="2007-05-02">提供一個連結指向一個或多個頁面圖像，或是頁面指定範圍的轉錄。</desc>
      
    </attDef>
  </attList>
  
  
</elementSpec>
  <elementSpec ident="material" module="msdescription">
  
  <gloss/><gloss xml:lang="zh-tw" notBefore="2007-05-02"/>
  <desc xml:id="material.desc">contains a word or phrase describing the
  material of which  a manuscript (or part of a manuscript) is composed.
  </desc><desc xml:lang="zh-tw" notBefore="2007-05-02">用一個字詞描述手稿 (或手稿部分) 的組成材料。</desc>
  
  
  
  
  
</elementSpec>
  <elementSpec ident="origDate" module="msdescription">
  
  <gloss/><gloss xml:lang="zh-tw" notBefore="2007-05-02"/>
  <desc xml:id="origdate.desc">contains any form of date, used to
  identify the date of origin for a manuscript or manuscript part.
  </desc><desc xml:lang="zh-tw" notBefore="2007-05-02">包含任何格式的日期，用以確認手稿或手稿部分的來源日期。</desc>
  
  
  
  
  
</elementSpec>
  <elementSpec ident="origPlace" module="msdescription">

<gloss/><gloss xml:lang="zh-tw" notBefore="2007-05-02"/>
<desc xml:id="origplace.desc">contains any form of place name, used to identify the
  place of origin for a manuscript or manuscript part. </desc><desc xml:lang="zh-tw" notBefore="2007-05-02">包含任何格式的地名，用以確認手稿或手稿部分的來源地點。</desc>
  
  
  

  
  
</elementSpec>
  <elementSpec ident="secFol" module="msdescription">

<gloss/><gloss xml:lang="zh-tw" notBefore="2007-05-02"/>
<desc xml:id="secfol.desc">The word or words taken from a fixed point
in a codex (typically the beginning of the
second leaf) in order
to provide a unique identifier for it.

</desc><desc xml:lang="zh-tw" notBefore="2007-05-02">從手抄本中固定位置所拿開的一個或多個字 (通常在第二張書頁的開頭) ，目的是提供一個專有的識別符號。</desc>
  
  
  
  
  
</elementSpec>
  <elementSpec ident="signatures" module="msdescription">

<gloss/><gloss xml:lang="zh-tw" notBefore="2007-05-02"/>
<desc xml:id="signatures.desc">contains discussion of the leaf or quire signatures found within a codex.</desc><desc xml:lang="zh-tw" notBefore="2007-05-02">包含手抄本中一張或一疊書頁內簽名的敘述。</desc>
  
  
  
  
  
</elementSpec>
  <elementSpec xmlns:rng="http://relaxng.org/ns/structure/1.0" ident="stamp" module="msdescription">

<gloss/><gloss xml:lang="zh-tw" notBefore="2007-05-02"/>
<desc>contains a word or phrase describing a
stamp or similar device.</desc><desc xml:lang="zh-tw" notBefore="2007-05-02">包含一個字詞，描述一個印記或是類似圖案。</desc>
  
  
  
  
  
</elementSpec>
  <elementSpec xmlns:rng="http://relaxng.org/ns/structure/1.0" ident="watermark" module="msdescription">

<gloss/><gloss xml:lang="zh-tw" notBefore="2007-05-02"/>
<desc xml:id="watermark.desc">contains a word or phrase describing a
  watermark or similar device.</desc><desc xml:lang="zh-tw" notBefore="2007-05-02">包含一個字詞，描述一個浮水印或是類似圖案。</desc>
  
  
  
  
  
</elementSpec>
  <elementSpec xmlns:rng="http://relaxng.org/ns/structure/1.0" ident="msIdentifier" module="msdescription">

<gloss/><gloss xml:lang="zh-tw" notBefore="2007-05-02"/>
<desc xml:id="msidentifier.desc">contains the information required to identify
the  manuscript being described. </desc><desc xml:lang="zh-tw" notBefore="2007-05-02">包含識別敘述中的手稿所需要的資訊。</desc>
  
  
  
  
  
</elementSpec>
  <elementSpec ident="institution" module="msdescription">
  
  <gloss/><gloss xml:lang="zh-tw" notBefore="2007-05-02"/>
  <desc>contains the name of an organization such as a university or
  library, with which a manuscript is identified, generally its
  holding institution.</desc><desc xml:lang="zh-tw" notBefore="2007-05-02">包含一個組織名稱，例如大學或圖書館，手稿屬於該組織，通常是手稿所在地。</desc>
  
  
  
  
  
</elementSpec>
  <elementSpec ident="repository" module="msdescription">

<gloss/><gloss xml:lang="zh-tw" notBefore="2007-05-02"/>
<desc xml:id="repository.desc">contains the name of a repository within which manuscripts are stored, possibly forming part of an institution.</desc><desc xml:lang="zh-tw" notBefore="2007-05-02">包含該手稿收藏所在地的名稱，可能是某機構的一部分。</desc>


  
  
  
</elementSpec>
  <elementSpec ident="collection" module="msdescription">

<gloss/><gloss xml:lang="zh-tw" notBefore="2007-05-02"/>
<desc xml:id="collection.desc">contains the name of a collection of
manuscripts, not necessarily located within a single repository. </desc><desc xml:lang="zh-tw" notBefore="2007-05-02">包含手稿集合的名稱，手稿未必皆位於單一收藏點。</desc>
  
  
  
  
  
</elementSpec>
  <elementSpec xmlns:rng="http://relaxng.org/ns/structure/1.0" ident="altIdentifier" module="msdescription">

<gloss>alternative identifier</gloss><gloss xml:lang="zh-tw" notBefore="2007-05-02">替換識別符碼</gloss>
<desc>contains an alternative or former structured identifier used for
a manuscript, such as a former catalogue number.</desc><desc xml:lang="zh-tw" notBefore="2007-05-02">包含手稿中的一個替換或先前使用的識別符碼，例如先前的分類碼。</desc>
  
  
  
  

  
</elementSpec>
  <elementSpec xmlns:rng="http://relaxng.org/ns/structure/1.0" ident="msName" module="msdescription">

    <gloss>alternative name</gloss><gloss xml:lang="zh-tw" notBefore="2007-05-02">替換名稱</gloss>
<desc>contains any form of unstructured alternative
name used for a manuscript, such as an  <soCalled>ocellus
  nominum</soCalled>, or nickname. </desc><desc xml:lang="zh-tw" notBefore="2007-05-02">包含手稿無特定結構的任何形式替換名稱，像是<soCalled>ocellus nominum</soCalled>或是暱稱。</desc>
  
  
  
    
  
</elementSpec>
  <elementSpec ident="colophon" module="msdescription">

<gloss/><gloss xml:lang="zh-tw" notBefore="2007-05-02"/>
<desc xml:id="colophon.desc">contains the  <term>colophon</term>
  of a  manuscript item: that is, a statement providing information regarding the date, place, agency, or reason for production of the manuscript.</desc><desc xml:lang="zh-tw" notBefore="2007-05-02">包含一個手稿項目的 <term>版權頁標記</term>：即提供日期、地點、代理機構、或手稿產生原因等資訊的聲明。</desc>
  
  
  
  
  
  
  
</elementSpec>
  <elementSpec ident="explicit" module="msdescription">

<gloss/><gloss xml:lang="zh-tw" notBefore="2007-05-02"/>
<desc xml:id="explicit.desc">contains the  <term>explicit</term> of a
manuscript item, that is, the closing words of the text proper,
exclusive of any rubric or colophon which might follow it.
</desc><desc xml:lang="zh-tw" notBefore="2007-05-02">包含手稿項目中的 <term>結尾語</term>，即文本完成時的結尾語，不包含可能出現在其後的按語或版權頁標記。</desc>
  
  
  
  
</elementSpec>
  <elementSpec ident="filiation" module="msdescription">

<gloss/><gloss xml:lang="zh-tw" notBefore="2007-05-02"/>
    <desc xml:id="filiation.desc">contains information concerning the manuscript's <term>filiation</term>, i.e. its relationship to other surviving manuscripts of the same text, its <term>protographs</term>, <term>antigraphs</term> and <term>apographs</term>.</desc><desc xml:lang="zh-tw" notBefore="2007-05-02">包含手稿的<term>來歷</term>相關資訊，例如該手稿和其他相同文字內容的現存手稿之間的關係、以及該手稿的<term>原稿</term>、 <term>抄本</term>、以及<term>謄本</term>。</desc>
  
  
  
  
  
  
</elementSpec>
  <elementSpec ident="finalRubric" module="msdescription">

<gloss/><gloss xml:lang="zh-tw" notBefore="2007-05-02"/>
    <desc xml:id="finalrubric.desc">contains the string of words that denotes the end of a text division, often with an assertion as to its author and title, usually set off from the text itself by red ink, by a different size or type of script, or by some other such visual device.</desc><desc xml:lang="zh-tw" notBefore="2007-05-02">包含表示該文字區段結尾的字串，常有作者及標題的聲明，通常使用紅墨水、不同的字型與大小、或用其他不同視覺效果的圖案，來與文件本身作區別。</desc>
  
  

  
  
</elementSpec>
  <elementSpec ident="incipit" module="msdescription">
    <desc xml:id="incipit.desc">contains the <term>incipit</term> of a manuscript item, that is the opening words of the text proper, exclusive of any <term>rubric</term> which might precede it, of sufficient length to identify the work uniquely; such incipts were, in fomer times, frequently used a means of reference to a work, in place of a title.</desc><desc xml:lang="zh-tw" notBefore="2007-05-02">包含手稿項目中的<term>起始語</term>，即文本開端的起始語，不包括可能出現在之前的<term>按語</term>，並以充分的文字來獨家識別該作品；早期，這種起始語常用為作品的參照工具，出現在標題部份。</desc>
  
  
  
  
</elementSpec>
  <elementSpec ident="msContents" module="msdescription">
  <desc xml:id="mscontents.desc">describes the intellectual content of
  a manuscript or manuscript part, either as a series of paragraphs or
  as a series of structured manuscript items.</desc><desc xml:lang="zh-tw" notBefore="2007-05-02">描述手稿或手稿部分的智慧內容，可以是一系列的文字段落，或是一系列有組織的手稿項目。</desc>
  
  
  
  <attList>
    <attDef ident="class">
	
	<gloss/><gloss xml:lang="zh-tw" notBefore="2007-05-02"/>
	<desc>identifies the text types or classifications applicable
	to this object.</desc><desc xml:lang="zh-tw" notBefore="2007-05-02">標明適合的文字類型或分類。</desc>
      
      <valDesc>One or more codes, each of which is used as the identifier for
a text classification element supplied in the TEI Header <gi>textClass</gi>
        element.</valDesc><valDesc xml:lang="zh-tw" notBefore="2007-05-02">一個或多個代碼，每個代碼代表一個在TEI標頭中元素<gi>textClass</gi>所提供的文件分類元素。</valDesc>

    </attDef>
  </attList>
  

  
</elementSpec>
  <elementSpec xmlns:rng="http://relaxng.org/ns/structure/1.0" ident="msItem" module="msdescription">
  
  <gloss/><gloss xml:lang="zh-tw" notBefore="2007-05-02"/>
  <desc>describes an individual work or item within the intellectual
    content of a manuscript or manuscript part. </desc><desc xml:lang="zh-tw" notBefore="2007-05-02">描述手稿或手稿部分的智慧內容中所包含的單一作品或項目。</desc>
  
  
  
  <attList>
    <attDef ident="class">
	
	<gloss/><gloss xml:lang="zh-tw" notBefore="2007-05-02"/>
	<desc>identifies the text types or classifications applicable to this
	  item</desc><desc xml:lang="zh-tw" notBefore="2007-05-02">標明適合的文字類型或分類。</desc>
      
      <valDesc>One or more codes, each of which is used as the identifier for
a text classification element supplied in the TEI Header <gi>textClass</gi>
        element.</valDesc><valDesc xml:lang="zh-tw" notBefore="2007-05-02">一個或多個代碼，每個代碼代表一個在TEI標頭中元素<gi>textClass</gi>所提供的文件分類元素。</valDesc>
    </attDef>
  </attList>
  
  
</elementSpec>
  <elementSpec xmlns:rng="http://relaxng.org/ns/structure/1.0" ident="msItemStruct" module="msdescription">
  
  <gloss/><gloss xml:lang="zh-tw" notBefore="2007-05-02"/>
  <desc xml:id="msitem.desc">contains a structured description for an
  individual work or item within the intellectual content of a
  manuscript or manuscript part.</desc><desc xml:lang="zh-tw" notBefore="2007-05-02">包含某單一作品或項目的結構性描述，該作品或項目存在於手稿或手稿部分的智慧內容中。</desc>
  
  
  
  <attList>
    <attDef ident="class">
	
	<gloss/><gloss xml:lang="zh-tw" notBefore="2007-05-02"/>
	<desc>identifies the text types or classifications applicable to this
	  item</desc><desc xml:lang="zh-tw" notBefore="2007-05-02">標明適合的文字類型或分類。</desc>
      
      <valDesc>One or more codes, each of which is used as the identifier for
a text classification element supplied in the TEI Header <gi>textClass</gi>
        element.</valDesc><valDesc xml:lang="zh-tw" notBefore="2007-05-02">一個或多個代碼，每個代碼代表一個在TEI標頭中元素<gi>textClass</gi>所提供的文件分類元素。</valDesc>
    </attDef>
  </attList>
  
  
</elementSpec>
  <elementSpec ident="rubric" module="msdescription">

<gloss/><gloss xml:lang="zh-tw" notBefore="2007-05-02"/>
<desc xml:id="rubric.desc">contains the text of any <term>rubric</term> or heading attached to a particular manuscript item, that is, a string of words through which a
  manuscript signals the beginning of a text division, often with an assertion as to its author and title, which is in some way set off from the text itself, usually in red ink, or by use of different size or type of script, or some other such visual device.</desc><desc xml:lang="zh-tw" notBefore="2007-05-02">包含任何<term>按語</term>的文字或是附在特殊手稿項目的標題，即手稿用來指示文字區段開始的字串，常有作者及標題的聲明，通常使用紅墨水、不同的字型與大小、或用其他不同視覺效果的圖案，來跟文件本身作區別。</desc>
  
  

  
  
</elementSpec>
  <elementSpec ident="summary" module="msdescription">

<gloss/><gloss xml:lang="zh-tw" notBefore="2007-05-02"/>
<desc xml:id="summary.desc">contains a brief summary of the
  intellectual content of an item, provided by the cataloguer </desc><desc xml:lang="zh-tw" notBefore="2007-05-02">包含由編目者所提供一份簡短概述，說明該項目的智慧內容。</desc>
  
  
  
  
  
</elementSpec>
  <elementSpec xmlns:rng="http://relaxng.org/ns/structure/1.0" ident="textLang" module="msdescription">

<gloss/><gloss xml:lang="zh-tw" notBefore="2007-05-02"/>
<desc xml:id="textlang.desc">describes the languages and writing systems used by a
  manuscript (as opposed to its description, which is described in the <gi>langUsage</gi> element)</desc><desc xml:lang="zh-tw" notBefore="2007-05-02">描述手稿中所使用的語言和書寫系統 (相對於其描述時使用的<gi>語言使用</gi>元素)  。</desc>
  
 
  <attList>
    <attDef ident="mainLang">
      
      <gloss/><gloss xml:lang="zh-tw" notBefore="2007-05-02"/>
      <desc>supplies a code which identifies the chief language used
        in the manuscript.</desc><desc xml:lang="zh-tw" notBefore="2007-05-02">提供一代碼，識別手稿中使用的主要語言。</desc>
      
      <valDesc>a recognised language code using ISO 3066 or succesor,
      which may additionally be documented by a <gi>language</gi>
        element in the header</valDesc><valDesc xml:lang="zh-tw" notBefore="2007-05-02">使用ISO 3066或其系列中的語言代碼，也可能另外在標頭中的元素<gi>language</gi>中有所紀錄</valDesc>
    </attDef>
    <attDef ident="otherLangs">
      
      <gloss/><gloss xml:lang="zh-tw" notBefore="2007-05-02"/>
      <desc>one or more codes identifying any other languages used in
        the manuscript.</desc><desc xml:lang="zh-tw" notBefore="2007-05-02">一個或多個代碼識別手稿中使用的任何其他語言。</desc>
      
      <valDesc>a list of codes, each of which is a recognised language
      code using RFC 3066 or succesor, which may additionally be
      documented by a <gi>language</gi> element in the
        header</valDesc><valDesc xml:lang="zh-tw" notBefore="2007-05-02">一代碼列表，每個語言代碼皆定義在RFC 3066或其系列中，也可能另外在標頭中的元素<gi>language</gi>中有所紀錄</valDesc>
    </attDef>
  </attList>
  
  
</elementSpec>
  <classSpec ident="att.msExcerpt" module="msdescription" type="atts">
  <gloss>manuscript excerpt</gloss><gloss xml:lang="zh-tw" notBefore="2007-05-02">手稿摘錄</gloss>
    <desc>provides attributes used to describe excerpts from a manuscript placed in a description thereof</desc><desc xml:lang="zh-tw" notBefore="2007-05-02">提供用來描述關於手稿摘錄的屬性</desc>
  <attList>
    <attDef ident="defective" usage="opt">
      <desc>indicates whether the passage being quoted is defective,
      i.e. incomplete through loss or damage.</desc><desc xml:lang="zh-tw" notBefore="2007-05-02">指出所引用的段落是否不完全，例如因遺失或損毀而不完全。</desc>
      
      
      
    </attDef>
  </attList>
  
  
</classSpec>
  <elementSpec xmlns:rng="http://relaxng.org/ns/structure/1.0" ident="physDesc" module="msdescription">

<gloss/><gloss xml:lang="zh-tw" notBefore="2007-05-02"/>
<desc xml:id="physdesc.desc">contains a full physical description of a
manuscript or manuscript part, optionally subdivided using more
specialised elements from the model.physDescPart class.</desc><desc xml:lang="zh-tw" notBefore="2007-05-02">包含一個手稿或手稿部分的完整材質描述，可以利用model.physDescPart class中的專門元素選擇性地再分類。</desc>


  
  
  
</elementSpec>
  <elementSpec xmlns:rng="http://relaxng.org/ns/structure/1.0" ident="objectDesc" module="msdescription">

<gloss/><gloss xml:lang="zh-tw" notBefore="2007-05-02"/>
<desc>contains a description of the physical
  components making up the object which is being described.</desc><desc xml:lang="zh-tw" notBefore="2007-05-02">包含討論中物件的材質組成成分描述。</desc>


  <attList>
    <attDef ident="form">
      
      <gloss/><gloss xml:lang="zh-tw" notBefore="2007-05-02"/>
      <desc>a short  project-specific name identifying the physical form of
      the carrier, for example as a codex, roll, fragment, partial leaf,
      cutting etc.</desc><desc xml:lang="zh-tw" notBefore="2007-05-02">一個簡短的用途專用名稱，表示該媒介的物質外形，例如手抄本、名冊、斷片、部分頁面、剪報等。</desc>
      
      <valDesc>a short project-defined name</valDesc><valDesc xml:lang="zh-tw" notBefore="2007-05-02">簡短的用途定義名稱</valDesc>
    </attDef>
  </attList>
  
  
</elementSpec>
  <elementSpec xmlns:rng="http://relaxng.org/ns/structure/1.0" ident="supportDesc" module="msdescription">

<gloss/><gloss xml:lang="zh-tw" notBefore="2007-05-02"/>
    <desc>groups elements describing the physical support for the written part of a manuscript.</desc><desc xml:lang="zh-tw" notBefore="2007-05-02">匯集描述手稿書寫部分的物質載體元素。</desc>

  <attList>
<attDef ident="material">
      
      <gloss/><gloss xml:lang="zh-tw" notBefore="2007-05-02"/>
      <desc>a short project-defined name for the material composing
        the majority of the support</desc><desc xml:lang="zh-tw" notBefore="2007-05-02">載體主要組成材料的簡短用途定義名稱</desc>
      
      <valList>
        <valItem ident="paper">
          
          <gloss>Paper</gloss><gloss xml:lang="zh-tw" notBefore="2007-05-02">紙</gloss>
        </valItem>
        <valItem ident="parch">
          
          <gloss>Parchment</gloss><gloss xml:lang="zh-tw" notBefore="2007-05-02">羊皮紙</gloss>
        </valItem>
        <valItem ident="mixed">
          
          <gloss>mixed</gloss><gloss xml:lang="zh-tw" notBefore="2007-05-02">混合</gloss>
        </valItem>
      </valList>
    </attDef>
  </attList>
    
</elementSpec>
  <elementSpec xmlns:rng="http://relaxng.org/ns/structure/1.0" ident="support" module="msdescription">

<gloss/><gloss xml:lang="zh-tw" notBefore="2007-05-02"/>
<desc xml:id="support.desc">contains a description of the materials
  etc. which make up the physical support for the written part of a manuscript.</desc><desc xml:lang="zh-tw" notBefore="2007-05-02">描述對於手稿書寫部分的物質載體所使用的材料等。</desc>

  
  
  
</elementSpec>
  <elementSpec ident="collation" module="msdescription">

<gloss/><gloss xml:lang="zh-tw" notBefore="2007-05-02"/>
<desc xml:id="collation.desc">contains a description of how the leaves or bifolia are physically
arranged.</desc><desc xml:lang="zh-tw" notBefore="2007-05-02">描述頁面紙張的排列組成。</desc>
  
  
  
  
</elementSpec>
  <elementSpec ident="foliation" module="msdescription">

<gloss/><gloss xml:lang="zh-tw" notBefore="2007-05-02"/>
<desc xml:id="foliation.desc">describes the numbering system or systems used to 
  count the leaves or pages in a codex.</desc><desc xml:lang="zh-tw" notBefore="2007-05-02">描述計算手抄本紙張頁數的一種或多種編號系統。</desc>
  
  
  
  
</elementSpec>
  <elementSpec ident="condition" module="msdescription">

<gloss/><gloss xml:lang="zh-tw" notBefore="2007-05-02"/>
<desc xml:id="condition.desc">contains a description of the physical
condition of the manuscript. </desc><desc xml:lang="zh-tw" notBefore="2007-05-02">包含手稿材質狀況的描述。</desc>
  
  
  
  
  
</elementSpec>
  <elementSpec xmlns:rng="http://relaxng.org/ns/structure/1.0" ident="layoutDesc" module="msdescription">

<gloss/><gloss xml:lang="zh-tw" notBefore="2007-05-02"/>
<desc>collects the set of layout descriptions applicable to a manuscript.</desc><desc xml:lang="zh-tw" notBefore="2007-05-02">收集一組適當的手稿外觀編排描述。</desc>
  
  
  
  
</elementSpec>
  <elementSpec xmlns:rng="http://relaxng.org/ns/structure/1.0" ident="layout" module="msdescription">
  
  <gloss/><gloss xml:lang="zh-tw" notBefore="2007-05-02"/>
  <desc xml:id="layout.desc">describes how text is laid out on the
  page, including information about any ruling, pricking, or other
  evidence of page-preparation techniques.</desc><desc xml:lang="zh-tw" notBefore="2007-05-02">描述文字在頁面上的編排，包括任何橫隔線、刺痕、或其他的頁面準備技術的資訊。</desc>
  
  <attList>
    <attDef ident="columns">
      
      <gloss/><gloss xml:lang="zh-tw" notBefore="2007-05-02"/>
      <desc>specifies the number of columns per page</desc><desc xml:lang="zh-tw" notBefore="2007-05-02">說明每頁的欄數</desc>
      
      <valDesc>may be given as a pair of numbers (to indicate a range) or as a
      single number.</valDesc><valDesc xml:lang="zh-tw" notBefore="2007-05-02">可能是一對數字 (以指明範圍)  或是單一數字。</valDesc>
    </attDef>
    <attDef ident="ruledLines">
      
      <gloss/><gloss xml:lang="zh-tw" notBefore="2007-05-02"/>
      <desc>specifies the number of ruled lines per column</desc><desc xml:lang="zh-tw" notBefore="2007-05-02">說明每欄的橫隔線數</desc>
      
      <valDesc>may be given as a pair of numbers (a range) or as a
        single number.</valDesc><valDesc xml:lang="zh-tw" notBefore="2007-05-02">可能是一對數字 (範圍) 或是單一數字。</valDesc>
    </attDef>
    <attDef ident="writtenLines">
      
      <gloss/><gloss xml:lang="zh-tw" notBefore="2007-05-02"/>
      <desc>specifies the number of written lines per
        colum</desc><desc xml:lang="zh-tw" notBefore="2007-05-02">說明每欄的書寫行數</desc>
      
      <valDesc>may be given as a pair of numbers (a range), or as a
        single number.</valDesc><valDesc xml:lang="zh-tw" notBefore="2007-05-02">可能是一對數字 (範圍) 或是單一數字。</valDesc>
    </attDef>
  </attList>
  
  
</elementSpec>
  <elementSpec ident="handDesc" module="msdescription">

<gloss/><gloss xml:lang="zh-tw" notBefore="2007-05-02"/>
<desc xml:id="script.desc">contains a description of all the different kinds of writing  used in a manuscript.</desc><desc xml:lang="zh-tw" notBefore="2007-05-02">手稿中使用的所有不同書寫種類的描述。</desc>

  
  <attList>
    <attDef ident="hands">
	
	<gloss/><gloss xml:lang="zh-tw" notBefore="2007-05-02"/>
	<desc>specifies the number of distinct hands identified within the manuscript</desc><desc xml:lang="zh-tw" notBefore="2007-05-02">說明在手稿中可清楚識別的書寫者人數。</desc>
      
      <valDesc>A whole number, or the string "many"</valDesc><valDesc xml:lang="zh-tw" notBefore="2007-05-02">一個整數，或是字串「很多」</valDesc>
    </attDef>
  </attList>
  
  
</elementSpec>
  <elementSpec xmlns:rng="http://relaxng.org/ns/structure/1.0" ident="handNote" module="msdescription">

<gloss>note on hand</gloss><gloss xml:lang="zh-tw" notBefore="2007-05-02">書寫特徵</gloss>
<desc>describes a particular style
or hand distinguished within a manuscript.</desc><desc xml:lang="zh-tw" notBefore="2007-05-02">描述在手稿中可明顯辨識出的特殊風格或書寫手法。</desc>
  
  <attList>
    <attDef ident="scribe">
	
	<gloss/><gloss xml:lang="zh-tw" notBefore="2007-05-02"/>
	<desc>gives a standard name or other identifier for the scribe
	  believed to be responsible for this hand.</desc><desc xml:lang="zh-tw" notBefore="2007-05-02">提供被認定為負責該書寫手法的抄寫者名稱或其他識別符碼。</desc>
      
      <valDesc>Any name</valDesc><valDesc xml:lang="zh-tw" notBefore="2007-05-02">任何名稱</valDesc>
         </attDef>
    <attDef ident="script">
	
	<gloss/><gloss xml:lang="zh-tw" notBefore="2007-05-02"/>
	<desc>characterizes the particular script or writing style used by
	  this hand, for example <mentioned>secretary</mentioned>, <mentioned>copperplate</mentioned>, <mentioned>Chancery</mentioned>, <mentioned>Italian</mentioned>, etc..</desc><desc xml:lang="zh-tw" notBefore="2007-05-02">形容該書寫手法的特殊筆跡或書寫風格的特性，例如<mentioned>草書體大鉛字</mentioned>、<mentioned>銅版印刷</mentioned>、 <mentioned>法庭</mentioned>、或<mentioned>義大利文</mentioned>等。</desc>
      
    </attDef>
    <attDef ident="medium">
	
	<gloss/><gloss xml:lang="zh-tw" notBefore="2007-05-02"/>
	<desc>describes the tint or type of ink, e.g. <mentioned>brown</mentioned>, or other
	  writing medium, e.g. <mentioned>pencil</mentioned></desc><desc xml:lang="zh-tw" notBefore="2007-05-02">描述色料或墨水種類，例如<mentioned>棕色</mentioned>，或其他書寫媒介，例如<mentioned>鉛筆</mentioned>。</desc>
      
    </attDef>
    <attDef ident="scope">
	
	<gloss/><gloss xml:lang="zh-tw" notBefore="2007-05-02"/>
	<desc>specifies how widely this  hand is used in the manuscript.</desc><desc xml:lang="zh-tw" notBefore="2007-05-02">指明該書寫手法在手稿中使用的範圍。</desc>
      <valList type="closed">
        <valItem ident="sole">
          
          <gloss>only this hand is used throughout the manuscript</gloss><gloss xml:lang="zh-tw" notBefore="2007-05-02">手稿中完全使用此書寫手法</gloss>
        </valItem>
        <valItem ident="major">
          
          <gloss>this hand is used through most of the manuscript</gloss><gloss xml:lang="zh-tw" notBefore="2007-05-02">手稿中大部分使用此書寫手法</gloss>
        </valItem>
        <valItem ident="minor">
          
          <gloss>this hand is used occasionally in the manuscript</gloss><gloss xml:lang="zh-tw" notBefore="2007-05-02">手稿中偶爾用此書寫手法</gloss>
        </valItem>
      </valList>
    </attDef>
  </attList>
  
  
</elementSpec>
  <elementSpec xmlns:rng="http://relaxng.org/ns/structure/1.0" ident="musicNotation" module="msdescription">

<gloss/><gloss xml:lang="zh-tw" notBefore="2007-05-02"/>
<desc xml:id="music.desc">contains description of type of musical notation.</desc><desc xml:lang="zh-tw" notBefore="2007-05-02">包含樂譜種類的描述。</desc>

  
  
  
  
</elementSpec>
  <elementSpec ident="decoDesc" module="msdescription">

<gloss/><gloss xml:lang="zh-tw" notBefore="2007-05-02"/>
    <desc xml:id="decoDesc.desc">contains a description of the decoration of a manuscript, either as a sequence of paragraphs, or as a sequence of topically organised <gi>decoNote</gi> elements.</desc><desc xml:lang="zh-tw" notBefore="2007-05-02">包含手稿的裝飾描述，可以是連續性的文字段落、或是一連串依主題排列的<gi>裝飾附註</gi>元素。</desc>

  
  
  
  
</elementSpec>
  <elementSpec xmlns:rng="http://relaxng.org/ns/structure/1.0" ident="decoNote" module="msdescription">

<gloss/><gloss xml:lang="zh-tw" notBefore="2007-05-02"/>
<desc xml:id="deconote.desc">contains a note describing either a
decorative component of a manuscript, or a fairly homogenous class of
such components.</desc><desc xml:lang="zh-tw" notBefore="2007-05-02">包含一個附註，描述手稿的裝飾性要素、或是該類要素的同等分類。</desc>
  
  
  
  
  
</elementSpec>
  <elementSpec ident="additions" module="msdescription">

<gloss/><gloss xml:lang="zh-tw" notBefore="2007-05-02"/>
<desc xml:id="additions.desc">contains a description of any significant additions found
within a manuscript, such as marginalia or other annotations. </desc><desc xml:lang="zh-tw" notBefore="2007-05-02">包含手稿中任何重要增添文字的描述，例如旁註或其他註釋。</desc>

  
  
  
  
</elementSpec>
  <elementSpec ident="bindingDesc" module="msdescription">

<gloss/><gloss xml:lang="zh-tw" notBefore="2007-05-02"/>
<desc xml:id="bindingdesc.desc">describes the present and former bindings of a manuscript, either
as a series of paragraphs or as a series of distinct <gi>binding</gi> elements,
  one for each binding of the manuscript. </desc><desc xml:lang="zh-tw" notBefore="2007-05-02">描述手稿現在與之前的裝訂，可以是連續性的文字段落、或是一連串專用的<gi>binding</gi>元素，每個手稿裝訂使用一個元素。</desc>


  
  
  
  
</elementSpec>
  <elementSpec ident="binding" module="msdescription">
  
  <gloss/><gloss xml:lang="zh-tw" notBefore="2007-05-02"/>
  <desc xml:id="binding.desc">contains a description of one binding, i.e. type of covering, boards, etc. applied to a manuscript</desc><desc xml:lang="zh-tw" notBefore="2007-05-02">一個裝訂的描述，例如使用於該手稿的封面類型、封面等。</desc>
  
  
  <attList>
    <attDef ident="contemporary">
      
      <gloss/><gloss xml:lang="zh-tw" notBefore="2007-05-02"/>
      <desc>specifies whether or not the binding is contemporary with the majority of its contents</desc><desc xml:lang="zh-tw" notBefore="2007-05-02">說明裝訂和其大部分內容是否出於同一時期。</desc>
      
      
    </attDef>
  </attList>
  
  
</elementSpec>
  <elementSpec xmlns:rng="http://relaxng.org/ns/structure/1.0" ident="sealDesc" module="msdescription">

<gloss/><gloss xml:lang="zh-tw" notBefore="2007-05-02"/>
<desc>describes the seals or other external items attached to a manuscript, either
as a series of paragraphs or as a series of distinct <gi>seal</gi> elements,
  possibly with additional <gi>decoNote</gi>s. </desc><desc xml:lang="zh-tw" notBefore="2007-05-02">描述章印或其他附於手稿的外部項目，可以是連續性的文字段落、或是一連串專用的<gi>印章</gi>元素，也許附上一些<gi>裝飾附註</gi>元素。</desc>

  
  
  
  
</elementSpec>
  <elementSpec xmlns:rng="http://relaxng.org/ns/structure/1.0" ident="seal" module="msdescription">

<gloss/><gloss xml:lang="zh-tw" notBefore="2007-05-02"/>
<desc xml:id="seal.desc">contains a description of one seal or similar
  attachment applied to a manuscript</desc><desc xml:lang="zh-tw" notBefore="2007-05-02">描述一個章印或其他附於手稿的類似項目</desc>
  
  
  <attList>
    <attDef ident="contemporary">
	
	<gloss/><gloss xml:lang="zh-tw" notBefore="2007-05-02"/>
	<desc>specifies whether or not the seal is contemporary with the
	  item to which it is affixed</desc><desc xml:lang="zh-tw" notBefore="2007-05-02">說明該章印和其附著的項目是否出於同一時期。</desc>
      
    </attDef>
  </attList>
  
  
</elementSpec>
  <elementSpec ident="accMat" module="msdescription">

<gloss>accompanying material</gloss><gloss xml:lang="zh-tw" notBefore="2007-05-02">伴隨資料</gloss>
<desc xml:id="accmat.desc">contains details of any significant additional
material which may be closely associated with the manuscript being
described, such as non-contemporaneous documents or fragments bound in
with the manuscript at some earlier historical period.</desc><desc xml:lang="zh-tw" notBefore="2007-05-02">包含可能與該手稿關係密切的重要附加資料之細節，例如非同時期的文件或是在早期與手稿裝訂一起的片段。</desc>
  
  
  
  
  
</elementSpec>
  <elementSpec ident="history" module="msdescription">

<gloss/><gloss xml:lang="zh-tw" notBefore="2007-05-02"/>
<desc xml:id="history.desc"> groups elements
  describing the full history of a manuscript or manuscript part.</desc><desc xml:lang="zh-tw" notBefore="2007-05-02">匯集描述手稿或手稿部分完整歷史的元素。</desc>
  
  
  
  
</elementSpec>
  <elementSpec xmlns:rng="http://relaxng.org/ns/structure/1.0" ident="origin" module="msdescription">

<gloss/><gloss xml:lang="zh-tw" notBefore="2007-05-02"/>
<desc xml:id="origin.desc">contains any descriptive or other information
  concerning the origin of  a manuscript or manuscript part. </desc><desc xml:lang="zh-tw" notBefore="2007-05-02">包含關於手稿或手稿部分的來源之任何描述性或其他資訊。</desc>
  
  
  
  
  
</elementSpec>
  <elementSpec xmlns:rng="http://relaxng.org/ns/structure/1.0" ident="provenance" module="msdescription">

<gloss/><gloss xml:lang="zh-tw" notBefore="2007-05-02"/>
<desc xml:id="prov.desc">contains any descriptive or other information
concerning a single identifiable episode during the history of a manuscript
or manuscript part, after its creation but before its acquisition. </desc><desc xml:lang="zh-tw" notBefore="2007-05-02">包含任何描述性或其他資訊，關於手稿或手稿部分的歷史中單一可確認的事件，發生在手稿產生之後、取得之前。</desc>
 
  
  
  
  
</elementSpec>
  <elementSpec ident="acquisition" module="msdescription">

<gloss/><gloss xml:lang="zh-tw" notBefore="2007-05-02"/>
<desc xml:id="acquisn.desc">contains any descriptive or other information
concerning the process by which a manuscript or manuscript part entered the holding
institution. </desc><desc xml:lang="zh-tw" notBefore="2007-05-02">包含任何描述性或其他資訊，關於手稿或手稿部分進入保管機構的過程。</desc>
  
  
  
  
  
</elementSpec>
  <elementSpec ident="additional" module="msdescription">

<gloss/><gloss xml:lang="zh-tw" notBefore="2007-05-02"/>
<desc xml:id="additional.desc">groups additional information, combining
bibliographic information about a manuscript, or surrogate copies of
it with  curatorial or administrative information. </desc><desc xml:lang="zh-tw" notBefore="2007-05-02">匯集附加資訊，結合手稿的書目資訊、或是手稿的代替副本，包含管理或行政資訊。</desc>
  
  
  
  
  
</elementSpec>
  <elementSpec xmlns:rng="http://relaxng.org/ns/structure/1.0" ident="adminInfo" module="msdescription">

<gloss>administrative information</gloss><gloss xml:lang="zh-tw" notBefore="2007-05-02">行政資訊</gloss>
<desc xml:id="adminfo.desc">contains information about the present
custody and availability of the manuscript, and also about the record
description itself. </desc><desc xml:lang="zh-tw" notBefore="2007-05-02">包含手稿現在的保管與可利用性資訊，也包含本身的紀錄描述。</desc>
  
  
  
  
  
</elementSpec>
  <elementSpec xmlns:rng="http://relaxng.org/ns/structure/1.0" ident="recordHist" module="msdescription">

<gloss/><gloss xml:lang="zh-tw" notBefore="2007-05-02"/>
<desc xml:id="rechist.desc">provides information about the source and
revision status of the parent manuscript description itself. </desc><desc xml:lang="zh-tw" notBefore="2007-05-02">提供父手稿本身說明的出處與修訂狀態相關資訊。</desc>
  
  
  
  
</elementSpec>
  <elementSpec xmlns:rng="http://relaxng.org/ns/structure/1.0" ident="source" module="msdescription">

<gloss/><gloss xml:lang="zh-tw" notBefore="2007-05-02"/>
<desc xml:id="source.desc">describes the original source for the information contained with a manuscript description. </desc><desc xml:lang="zh-tw" notBefore="2007-05-02">描述關於手稿說明資訊的原始出處。</desc>
  
  
  
  
  
</elementSpec>
  <elementSpec ident="custodialHist" module="msdescription">

<gloss/><gloss xml:lang="zh-tw" notBefore="2007-05-02"/>
<desc xml:id="custhist.desc">contains a description of a manuscript's custodial history, either
as running prose or as a series of dated custodial events. </desc><desc xml:lang="zh-tw" notBefore="2007-05-02">包含手稿保管歷史的描述，可以是篇章、或是一連串註明日期的保管事件。</desc>
  
  
  
  
  
</elementSpec>
  <elementSpec ident="custEvent" module="msdescription">

<gloss/><gloss xml:lang="zh-tw" notBefore="2007-05-02"/>
<desc xml:id="custevent.desc">describes a single event during the custodial history of a manuscript.</desc><desc xml:lang="zh-tw" notBefore="2007-05-02">描述手稿保管歷史中的單一事件。</desc>
  
  
  
  
  
</elementSpec>
  <elementSpec xmlns:rng="http://relaxng.org/ns/structure/1.0" ident="surrogates" module="msdescription">

<gloss/><gloss xml:lang="zh-tw" notBefore="2007-05-02"/>
<desc xml:id="surrogates.desc">contains information about any digital or
photographic representations of the manuscript being described which
may exist in the holding institution or elsewhere. </desc><desc xml:lang="zh-tw" notBefore="2007-05-02">包含關於任何手稿的數位化或攝影呈現的資訊，可能存在於保管機構或是其他地方。</desc>
  
  
  
  
  
</elementSpec>
  <elementSpec xmlns:rng="http://relaxng.org/ns/structure/1.0" ident="msPart" module="msdescription">

<gloss/><gloss xml:lang="zh-tw" notBefore="2007-05-02"/>
<desc xml:id="mspart.desc">contains information about an originally
  distinct manuscript or part of a manuscript, now forming part of a composite manuscript.</desc><desc xml:lang="zh-tw" notBefore="2007-05-02">包含原為單一、現為複合手稿一部份的手稿或手稿部分的相關資訊。</desc>
  
  
  
  
</elementSpec>
</moduleSpec>
