<moduleSpec xmlns="http://www.tei-c.org/ns/1.0" ident="namesdates">
  <classSpec ident="model.persNamePart" module="namesdates" type="model">
  <gloss>components of personal names</gloss><gloss xml:lang="zh-tw" notBefore="2007-05-02">個人名稱構成元件</gloss>
  <desc>groups those elements which form part of a personal
  name.</desc><desc xml:lang="zh-tw" notBefore="2007-05-02">匯集構成部分個人名稱的元素。</desc>
  
  
</classSpec>
  <classSpec ident="att.personal" module="namesdates" type="atts">
    <gloss>attributes for components of personal names</gloss><gloss xml:lang="zh-tw" notBefore="2007-05-02">用於個人名稱元件的屬性</gloss>
<desc>common attributes for those elements which form part of a personal
  name.</desc><desc xml:lang="zh-tw" notBefore="2007-05-02">構成部分個人名稱的元素所用之通用屬性</desc>

  <attList>



    <attDef ident="full" usage="opt">
	
	<desc>indicates whether the name component is given in full, as an
abbreviation or simply as an initial.</desc><desc xml:lang="zh-tw" notBefore="2007-05-02">指出所提供的名稱元件是否完整，為一縮寫或僅為一字首字母。</desc>
      
      <valList type="closed">
        <valItem ident="yes">
          
          <gloss>the name component is spelled out in full.</gloss><gloss xml:lang="zh-tw" notBefore="2007-05-02">該名稱元件的拼字完整。</gloss>
        </valItem>
        <valItem ident="abb">
          
          <gloss>the name component is given in an
abbreviated form.</gloss><gloss xml:lang="zh-tw" notBefore="2007-05-02">該名稱元件為縮寫形式。</gloss>
        </valItem>
        <valItem ident="init">
          
          <gloss>the name component is indicated only by
one initial.</gloss><gloss xml:lang="zh-tw" notBefore="2007-05-02">該名稱元件僅以一字首字母表示。</gloss>
        </valItem>
      </valList>
    </attDef>
    <attDef ident="sort" usage="opt">
	
	<desc>specifies the sort order of the name component in relation
to others within the personal name.</desc><desc xml:lang="zh-tw" notBefore="2007-05-02">指明個人名稱中該名稱元件與其他元件之間的排列順序。</desc>
      
      <valDesc>A positive number indicating the sort order.</valDesc><valDesc xml:lang="zh-tw" notBefore="2007-05-02">一個正數，指出排列順序。</valDesc>
    </attDef>
  </attList>
  
</classSpec>
  <classSpec ident="att.datable.iso" module="namesdates" type="atts">
<desc>provides attributes for normalization of elements that contain
  datable events using the ISO 8601 standard.</desc><desc xml:lang="zh-tw" notBefore="2007-05-02">用於元素規格化的屬性，這些元素包含日期明確的事件，以ISO 8601標準所定義。</desc>
  <attList>
    <attDef ident="notBefore-iso" usage="opt">
	
	<desc>specifies the earliest possible date for the event in
	standard form, e.g. yyyy-mm-dd.</desc><desc xml:lang="zh-tw" notBefore="2007-05-02">以標準格式標明該事件可能發生的最早日期，例如年-月-日。</desc>
	
      <valDesc>A normalized form of temporal expression conforming ISO 8601.</valDesc><valDesc xml:lang="zh-tw" notBefore="2007-05-02">時間的正規格式，該格式符合ISO 8601。</valDesc>
    </attDef>
    <attDef ident="notAfter-iso" usage="opt">
	
	<desc>specifies the latest possible date for the event in
	  standard form, e.g. yyyy-mm-dd.</desc><desc xml:lang="zh-tw" notBefore="2007-05-02">以標準格式標明該事件可能發生的最晚日期，例如年-月-日。</desc>
	
      <valDesc>A normalized form of temporal expression conforming ISO 8601.</valDesc><valDesc xml:lang="zh-tw" notBefore="2007-05-02">時間的正規格式，該格式符合ISO 8601。</valDesc>
    </attDef>
    <attDef ident="from-iso" usage="opt">
	
	<desc>indicates the starting point of the period in standard form.</desc><desc xml:lang="zh-tw" notBefore="2007-05-02">以標準格式表示該段時間的起始點。</desc>
      
      <valDesc>A normalized form of temporal expression conforming ISO 8601.</valDesc><valDesc xml:lang="zh-tw" notBefore="2007-05-02">時間的正規格式，該格式符合ISO 8601。</valDesc>
    </attDef>
    <attDef ident="to-iso" usage="opt">
	
      <desc>indicates the ending point of the period in standard form.</desc><desc xml:lang="zh-tw" notBefore="2007-05-02">以標準格式表示該段時間的結束點。</desc>
      
      <valDesc>A normalized form of temporal expression conforming ISO 8601.</valDesc><valDesc xml:lang="zh-tw" notBefore="2007-05-02">時間的正規格式，該格式符合ISO 8601。</valDesc>
    </attDef>
</attList>
</classSpec>
  <classSpec ident="att.dateTime.iso" module="namesdates" type="atts">
  <desc>attributes for recording normalized temporal expressions using the ISO 8601 standard</desc><desc xml:lang="zh-tw" notBefore="2007-05-02">用於紀錄規格化時間的屬性，該規格使用ISO 8601標準</desc>
  <attList xmlns:rng="http://relaxng.org/ns/structure/1.0">
    <attDef ident="value-iso" usage="opt">
      <desc>supplies the value of a date or time in a standard form.</desc><desc xml:lang="zh-tw" notBefore="2007-05-02">以標準格式表示日期或時間值。</desc>
      
      
      <valDesc>Any string representing a valid date, time, or one of a variety of combinations.</valDesc><valDesc xml:lang="zh-tw" notBefore="2007-05-02">任何代表有效日期、時間或多種組合之一的字串。</valDesc>
      
      
      
    </attDef>
  </attList>
  
  
</classSpec>
  <macroSpec xmlns:rng="http://relaxng.org/ns/structure/1.0" ident="data.temporal.iso" module="namesdates">
  <gloss/><gloss xml:lang="zh-tw" notBefore="2007-05-02"/>
  <desc>defines the range of attribute values expressing a temporal
  expression such as a date, a time, or a combination of them, that
  conform to the international standard <title>Data elements and
  interchange formats – Information interchange – Representation of
  dates and times</title>.</desc><desc xml:lang="zh-tw" notBefore="2007-05-02">定義該系列表示時間的屬性值，例如日期、時間或兩者的組合，需符合國際標準Data elements and
    interchange formats – Information interchange – Representation of
    dates and times</desc>
  
  
</macroSpec>
  <elementSpec ident="persName" module="namesdates">
  
    <gloss>personal name</gloss><gloss xml:lang="zh-tw" notBefore="2007-05-02">個人名稱</gloss>
  <desc>contains a proper noun or proper-noun phrase referring to a
  person, possibly including any or all of the person's forenames,
  surnames, honorifics, added names, etc.</desc><desc xml:lang="zh-tw" notBefore="2007-05-02">包含一個人名，可能是任何或全部屬於該人物的名字、姓氏、敬稱、或附加名等。</desc>
  
  

  
  
  
</elementSpec>
  <elementSpec ident="surname" module="namesdates">

    <gloss>surname</gloss><gloss xml:lang="zh-tw" notBefore="2007-05-02">姓氏</gloss>
<desc>contains a family (inherited) name, as opposed to a given,
  baptismal, or nick name.</desc><desc xml:lang="zh-tw" notBefore="2007-05-02">包含一個家族姓氏，並非名字、教名、或綽號。</desc>
  
  
  
  
  
</elementSpec>
  <elementSpec ident="forename" module="namesdates">

<gloss>forename</gloss><gloss xml:lang="zh-tw" notBefore="2007-05-02">名</gloss>
    <desc>contains a forename, given or baptismal name.</desc><desc xml:lang="zh-tw" notBefore="2007-05-02">包含名字或教名。</desc>
  
  
  
  
  
</elementSpec>
  <elementSpec ident="genName" module="namesdates">

<gloss/><gloss xml:lang="zh-tw" notBefore="2007-05-02"/>
<desc>contains a name component used to distinguish otherwise similar
  names on the basis of the relative ages or generations of the persons named.</desc><desc xml:lang="zh-tw" notBefore="2007-05-02">該名稱用來和其他相似名稱做區別，以個人的相對年紀或隸屬世代作依據。</desc>
  
  
  
  
  
  
</elementSpec>
  <elementSpec ident="nameLink" module="namesdates">

    <gloss>name link</gloss><gloss xml:lang="zh-tw" notBefore="2007-05-02">名稱連結</gloss>
<desc>contains a connecting phrase or link used within a name but not
  regarded as part of it, such as  van der or of.</desc><desc xml:lang="zh-tw" notBefore="2007-05-02">包含一個名稱中的連結字彙，但不屬於該名稱的一部份，例如 van der 或是 of。</desc>
  
  
  
  
  
  
</elementSpec>
  <elementSpec ident="addName" module="namesdates">

    <gloss>additional name</gloss><gloss xml:lang="zh-tw" notBefore="2007-05-02">附加名稱</gloss>
<desc>contains an additional name component, such as a nickname, 
epithet, or alias, or any other descriptive phrase used within a
personal name.</desc><desc xml:lang="zh-tw" notBefore="2007-05-02">附加的名稱，例如綽號、稱號、或別名，或是在人名中出現的其他描述性措辭。</desc>
  
  
  
  
  
</elementSpec>
  <elementSpec ident="roleName" module="namesdates">

<gloss>roleName</gloss><gloss xml:lang="zh-tw" notBefore="2007-05-02">角色名稱</gloss>
<desc>contains a name component which indicates that the referent has a
particular role or position in society, such as an official title or
rank.</desc><desc xml:lang="zh-tw" notBefore="2007-05-02">包含一個身份名稱，代表個人在社會上所扮演的特殊角色或所處地位，例如官方頭銜或地位。</desc>
  
  
  
  
  
</elementSpec>
  <elementSpec ident="placeName" module="namesdates">
  
  
    <desc>contains an absolute or relative place name. </desc><desc xml:lang="zh-tw" notBefore="2007-05-02">包含一個確切位置或相對位置的名稱。</desc>
  
  
  
  
  
  
  
</elementSpec>
  <elementSpec ident="bloc" module="namesdates">

    <gloss>bloc</gloss><gloss xml:lang="zh-tw" notBefore="2007-05-02">國家聯盟</gloss>
<desc>contains the name of a geo-political unit consisting of  two or
  more nation states or countries.</desc><desc xml:lang="zh-tw" notBefore="2007-05-02">包含一個地理政治區域名稱，由一個或多個國家所組成。</desc>
  
  
  
  
  
</elementSpec>
  <elementSpec ident="country" module="namesdates">

<gloss>country</gloss><gloss xml:lang="zh-tw" notBefore="2007-05-02">國家</gloss>
<desc>contains the name of a geo-political unit, such as a nation,
country, colony, or commonwealth, larger than or administratively superior
to a region and smaller than a bloc.</desc><desc xml:lang="zh-tw" notBefore="2007-05-02">包含一個地理政治區域名稱，例如民族、國家、殖民地、或聯邦區域，範圍大於一般地區或行政地位較高，但小於國家聯盟性的地理政治區。</desc>
  

  

  <attList>
    <attDef ident="reg">
	
	<desc>supplies a regularized form of the country name using a
	  name or	code from ISO 3166</desc><desc xml:lang="zh-tw" notBefore="2007-05-02">提供國家的一般格式名稱，該名稱或編碼出自ISO3166。</desc>
      
      <valDesc>The value used may be either a country name or a short
        code. Both are defined in ISO 3166-1.</valDesc><valDesc xml:lang="zh-tw" notBefore="2007-05-02">屬性值可能是國家名稱或一個短碼，兩者皆定義在ISO3166中。</valDesc>
    </attDef>
  </attList>
  
  
  
</elementSpec>
  <elementSpec ident="region" module="namesdates">

<gloss>region</gloss><gloss xml:lang="zh-tw" notBefore="2007-05-02">地區</gloss>
<desc>contains the name of an administrative unit such as a state,
  province, or county, larger than a settlement, but smaller than a country.</desc><desc xml:lang="zh-tw" notBefore="2007-05-02">包含行政單位的名稱，例如州、省、或郡，範圍大於主政區，但小於國家。</desc>
  
  
  
  
  
</elementSpec>
  <elementSpec ident="district" module="namesdates">

<gloss/><gloss xml:lang="zh-tw" notBefore="2007-05-02"/>
<desc>contains the name of any kind of subdivision of a
settlement,  such as a parish, ward, or other
administrative or geographic unit.</desc><desc xml:lang="zh-tw" notBefore="2007-05-02">包含任何次行政區名稱，例如教區、選區、或其他行政或地理單元。</desc>
  
  
  
  
  
  
</elementSpec>
  <elementSpec ident="settlement" module="namesdates">

<gloss/><gloss xml:lang="zh-tw" notBefore="2007-05-02"/>
<desc>contains the name of a settlement such as a city, town, or
village identified as a single geo-political or
administrative unit.</desc><desc xml:lang="zh-tw" notBefore="2007-05-02">包含主行政區的名稱，例如城市、鄉鎮、村莊等單一地理政治或行政單位。</desc>
  
  
  
  
  
</elementSpec>
  <elementSpec ident="offset" module="namesdates">

<gloss>offset</gloss><gloss xml:lang="zh-tw" notBefore="2007-05-02">差距值</gloss>
<desc>that  part of a relative temporal or spatial expression
which indicates the direction of the offset between the two place
names, dates, or times involved in the expression. </desc><desc xml:lang="zh-tw" notBefore="2007-05-02">在時間或空間差距的表示中，該部分指出兩個地名、日期、或時間之間差距的方向性。</desc>
  
  
  
  
  
</elementSpec>
  <elementSpec ident="geogName" module="namesdates">
  
    <gloss>geographical name</gloss><gloss xml:lang="zh-tw" notBefore="2007-05-02">地理名稱</gloss>
  <desc>a name associated with some geographical feature such as
    Windrush Valley or Mount Sinai.</desc><desc xml:lang="zh-tw" notBefore="2007-05-02">與地形名稱結合的地名，例如威拉索溪谷、西奈山等。</desc>
  
  
  <attList>
    <attDef ident="type" usage="mwa">
      
      <desc>provides more culture- linguistic- or application-
      specific information used to categorize this name
      component.</desc><desc xml:lang="zh-tw" notBefore="2007-05-02">提供該名稱在文化、語言或應用上的分類資訊。</desc>
      
      <valDesc>one of a set of codes defined for the application.</valDesc><valDesc xml:lang="zh-tw" notBefore="2007-05-02">應用上所定義的代碼。</valDesc>
    </attDef>
  </attList>
  
  
  
</elementSpec>
  <elementSpec ident="geog" module="namesdates">

    <gloss>geographical feature name</gloss><gloss xml:lang="zh-tw" notBefore="2007-05-02">地理特徵名稱</gloss>
<desc>contains a common noun identifying some geographical feature 
contained within a geographic name, such as valley,
mount etc.</desc><desc xml:lang="zh-tw" notBefore="2007-05-02">包含通用地形名稱，例如溪谷、山丘等。</desc>
  
  
  
  
  
</elementSpec>
  <elementSpec ident="orgName" module="namesdates">
  
    <gloss>organization name</gloss><gloss xml:lang="zh-tw" notBefore="2007-05-02">組織名稱</gloss>
    <desc>contains an organizational name. </desc><desc xml:lang="zh-tw" notBefore="2007-05-02">包含一個組織名稱。</desc>
  
  
  <attList>
    <attDef ident="type" usage="mwa">
      
      <desc>more fully describes the organization indicated in the
      organizational name. Possible values include <q>voluntary</q>,
      <q>political</q>, <q>governmental</q>, <q>industrial</q>,
        <q>commercial</q>, etc.</desc><desc xml:lang="zh-tw" notBefore="2007-05-02">更完整說明該組織性質。可能屬性值有<q>voluntary</q>、<q>political</q>、<q>governmental</q>、<q>industrial</q>、<q>commercial</q>等。</desc>
      
      <valDesc/><valDesc xml:lang="zh-tw" notBefore="2007-05-02"/>
    </attDef>
    <attDef ident="key" usage="opt">
      
      <desc>provides an alternative identifier for the organization
        being named, such as a database record key.</desc><desc xml:lang="zh-tw" notBefore="2007-05-02">提供該組織的替代識別名稱，例如資料庫建檔關鍵字。</desc>
      
      <valDesc>any string</valDesc><valDesc xml:lang="zh-tw" notBefore="2007-05-02">任何字串</valDesc>      
      
      
    </attDef>
    <attDef ident="reg" usage="opt">
      
      <desc>gives a normalized or regularized form of the organization name</desc><desc xml:lang="zh-tw" notBefore="2007-05-02">提供該組織的標準或一般格式名稱。</desc>
      
      <valDesc>Any string of characters.</valDesc><valDesc xml:lang="zh-tw" notBefore="2007-05-02">任何字串。</valDesc>
   
      
    </attDef>
  </attList>
  
  
  
</elementSpec>
  <elementSpec ident="orgTitle" module="namesdates">

    <gloss>organization title</gloss><gloss xml:lang="zh-tw" notBefore="2007-05-02">組織稱號</gloss>
<desc>contains the proper name component of an organizational
  name. </desc><desc xml:lang="zh-tw" notBefore="2007-05-02">包含組織名稱特有的稱號。</desc>
  
  <attList>
    <attDef ident="type" usage="mwa">
	
	<desc>more fully describes the organization title. Possible values
include <q>formal</q>,
	  <q>colloquial</q>, <q>acronym</q>, etc.</desc><desc xml:lang="zh-tw" notBefore="2007-05-02">更詳細說明該組織稱號。可用屬性值包括<q>formal</q>、<q>colloquial</q>、<q>acronym</q>等。</desc>
      
      <valDesc>any string of characters</valDesc><valDesc xml:lang="zh-tw" notBefore="2007-05-02">任何字串</valDesc>
    </attDef>
    <attDef ident="reg" usage="opt">
	
      <desc>gives a normalized or regularized form of the organization title.</desc><desc xml:lang="zh-tw" notBefore="2007-05-02">提供該組織的標準或一般稱號。</desc>
      
      <valDesc>Any string of characters.</valDesc><valDesc xml:lang="zh-tw" notBefore="2007-05-02">任何字串。</valDesc>
      
      
    </attDef>
  </attList>
  
  
  
</elementSpec>
  <elementSpec ident="orgType" module="namesdates">

    <gloss>organization type</gloss><gloss xml:lang="zh-tw" notBefore="2007-05-02">組織類型</gloss>
<desc>indicates a part of the organization name which contains
  information about the organization's structure or function.</desc><desc xml:lang="zh-tw" notBefore="2007-05-02">指出該組織名稱中的一部分，其中包含該組織的結構或功能相關資訊。</desc>
  
  <attList>
    <attDef ident="type" usage="mwa">
	
	<desc>more fully describes the organization type specified in the name
component.  Possible values include <q>function</q>, <q>structure</q>,
	  etc.</desc><desc xml:lang="zh-tw" notBefore="2007-05-02">更詳細說明該名稱部分所指的組織類型。可用屬性值包括<q>function</q>、<q>structure</q>等。</desc>
      
      <valDesc>any string of characters</valDesc><valDesc xml:lang="zh-tw" notBefore="2007-05-02">任何字串</valDesc>
    </attDef>
    <attDef ident="reg" usage="opt">
	
      <desc>gives a normalized or regularized form of the organization type</desc><desc xml:lang="zh-tw" notBefore="2007-05-02">提供該組織類型的標準或一般名稱。</desc>
      
      <valDesc>Any string of characters.</valDesc><valDesc xml:lang="zh-tw" notBefore="2007-05-02">任何字串。</valDesc>
      
      
    </attDef>
  </attList>
  
  
  
</elementSpec>
  <elementSpec ident="orgDivn" module="namesdates">

    <gloss>organizational division</gloss><gloss xml:lang="zh-tw" notBefore="2007-05-02">組織分部</gloss>
<desc>indicates a division, branch or department specified
  in an organizational name.</desc><desc xml:lang="zh-tw" notBefore="2007-05-02">指出一個特定組織的分支、分會、或分部。</desc>
  
  <attList>
    <attDef ident="type" usage="mwa">
	
	<desc>more fully describes the organization division specified in the
name component.
Possible values include <q>branch</q>, <q>department</q>,
<q>section</q>,
	  <q>division</q>, etc.</desc><desc xml:lang="zh-tw" notBefore="2007-05-02">更完整說明該組織名稱中所指的分支。可能屬性值有 <q>branch</q>、<q>department</q>、<q>section</q>、<q>division</q>等。</desc>
      
      <valDesc>any string of characters</valDesc><valDesc xml:lang="zh-tw" notBefore="2007-05-02">任何字串。</valDesc>
    </attDef>
    <attDef ident="reg" usage="opt">
	
	<desc>gives a normalized or regularized form of the organizational
	  division.</desc><desc xml:lang="zh-tw" notBefore="2007-05-02">提供該組織分部的標準或一般格式名稱。</desc>
      
      <valDesc>Any string of characters.</valDesc><valDesc xml:lang="zh-tw" notBefore="2007-05-02">任何字串。</valDesc>
      
      
    </attDef>
  </attList>
  
  
  
</elementSpec>
  <elementSpec ident="affiliation" module="namesdates">

    <gloss>affiliation</gloss><gloss xml:lang="zh-tw" notBefore="2007-05-02">隸屬團體</gloss>
<desc>contains an informal description of a person's present
or past affiliation with some
organization, for example an employer or sponsor.</desc><desc xml:lang="zh-tw" notBefore="2007-05-02">包含非正式性的描述，關於個人現在或過去隸屬的團體，例如雇主或贊助者。</desc>
  
  
  
  
  
</elementSpec>
  <elementSpec xmlns:rng="http://relaxng.org/ns/structure/1.0" ident="age" module="namesdates">
    <desc>specifies the age of a person.</desc><desc xml:lang="zh-tw" notBefore="2007-05-02">標明個人的年齡。</desc>
  
  
  <attList>
    <attDef ident="value" usage="opt">
      <desc>supplies a numeric code representing the age or age group</desc><desc xml:lang="zh-tw" notBefore="2007-05-02">提供一個代表該年齡或年齡層的數字代碼</desc>
      

    </attDef>
  </attList>
  
</elementSpec>
  <elementSpec ident="birth" module="namesdates">

<gloss>Birth details</gloss><gloss xml:lang="zh-tw" notBefore="2007-05-02">出生細節</gloss>
<desc>contains information about a person's birth, such as its date
  and place.</desc><desc xml:lang="zh-tw" notBefore="2007-05-02">包含個人的出生資訊，例如日期及地點等。</desc>
  
  
  <attList>
    <attDef ident="date" usage="opt">
	
      <desc>specifies the date of birth in a W3C standard form (YYYY-MM-DD).</desc><desc xml:lang="zh-tw" notBefore="2007-05-02">指明出生日期，使用W3C標準格式 (年-月-日) 。</desc>
      
      <valDesc>a date in one of the formats specified in <title>XML
        Schema Part 2: Datatypes Second Edition</title></valDesc><valDesc xml:lang="zh-tw" notBefore="2007-05-02">在 <title>XML Schema Part 2: Datatypes Second Edition</title>中所指定的格式之一。</valDesc>
    </attDef>
  </attList>
  
  </elementSpec>
  <elementSpec ident="day" module="namesdates">
    <gloss>day</gloss><gloss xml:lang="zh-tw" notBefore="2007-05-02">日</gloss>
    <desc>the day component of a structured date.</desc><desc xml:lang="zh-tw" notBefore="2007-05-02">完整日期結構中的日元素。</desc>
  
  
</elementSpec>
  <elementSpec ident="death" module="namesdates">

<desc>contains information about a person's death, such as its date
  and place.</desc><desc xml:lang="zh-tw" notBefore="2007-05-02">包含個人的死亡資訊，例如日期及地點等。</desc>
  
  
  <attList>
    <attDef ident="date" usage="opt">
	
      <desc>specifies the date of death in a W3C standard form (YYYY-MM-DD).</desc><desc xml:lang="zh-tw" notBefore="2007-05-02">指明死亡日期，使用W3C標準格式 (年-月-日) 。</desc>
      
      <valDesc>a date in one of the formats specified in <title>XML
        Schema Part 2: Datatypes Second Edition</title></valDesc><valDesc xml:lang="zh-tw" notBefore="2007-05-02">在<title>XML Schema Part 2: Datatypes Second Edition</title>中所指定的格式之一。</valDesc>
    </attDef>
  </attList>
  
  
  
  
</elementSpec>
  <elementSpec ident="education" module="namesdates">

<gloss/><gloss xml:lang="zh-tw" notBefore="2007-05-02"/>
<desc>contains a description of the
  educational experience of a person.</desc><desc xml:lang="zh-tw" notBefore="2007-05-02">包含個人教育經歷的描述。</desc>
  
  
  
  
  
</elementSpec>
  <elementSpec xmlns:rng="http://relaxng.org/ns/structure/1.0" ident="faith" module="namesdates">
    <desc>specifies the faith,  religion, or belief set of a person.</desc><desc xml:lang="zh-tw" notBefore="2007-05-02">標明個人的宗教信仰或其他信念。</desc>
  
  

  
</elementSpec>
  <elementSpec xmlns:rng="http://relaxng.org/ns/structure/1.0" ident="floruit" module="namesdates">
    <desc>contains information about a person's period of activity.</desc><desc xml:lang="zh-tw" notBefore="2007-05-02">包含個人活動時期的相關資訊。</desc>

    


</elementSpec>
  <elementSpec xmlns:rng="http://relaxng.org/ns/structure/1.0" ident="langKnowledge" module="namesdates">
<desc>summarizes the state of a person's linguistic knowledge, either
  as prose or by a list of <gi>langKnown</gi> elements.</desc><desc xml:lang="zh-tw" notBefore="2007-05-02">包含個人的語言認知狀態，可用敘述的方式或元素<gi>langKnown</gi>的條列形式來表達。</desc>

  
  <attList>
    <attDef ident="tags" usage="opt">
      <desc>supplies one or more valid language tags for the languages
        specified</desc><desc xml:lang="zh-tw" notBefore="2007-05-02">提供一個或多個有效的所指語言標籤</desc>
      
      
      
    </attDef>
  </attList>


</elementSpec>
  <elementSpec xmlns:rng="http://relaxng.org/ns/structure/1.0" ident="langKnown" module="namesdates">

<gloss>linguistic competence</gloss><gloss xml:lang="zh-tw" notBefore="2007-05-02">語言能力</gloss>
    <desc>summarizes the state of a person's knowledge of a single language.</desc><desc xml:lang="zh-tw" notBefore="2007-05-02">個人對於某單一語言的認知狀態。</desc>
  
  
  <attList>
    <attDef ident="tag" usage="req">
      <desc>supplies a  valid language tag for the language concerned.</desc><desc xml:lang="zh-tw" notBefore="2007-05-02">用有效的語言標籤來表示所指語言。</desc>
      
      
    </attDef>
    <attDef ident="level" usage="opt">
      <desc>a code indicating the person's level of knowledge for this language </desc><desc xml:lang="zh-tw" notBefore="2007-05-02">用代號來表示個人對該語言的認知程度。</desc>
      
    </attDef>
  </attList>
  
  
  
</elementSpec>
  <elementSpec ident="listPerson" module="namesdates">

<desc>contains a list of descriptions, each of which provides
information about an identifiable person or a group of people, for
example the participants in a language interaction, or the people referred
to in a historical source. </desc><desc xml:lang="zh-tw" notBefore="2007-05-02">人物描述清單，其中每個項目包含一個已知人物的相關資料，例如語言互動中的參與者、或是歷史來源中提及的人物。</desc>
  
  
  
  
  
</elementSpec>
  <elementSpec ident="nationality" module="namesdates">
<desc>contains an informal description of a person's present
  or past nationality or citizenship.</desc><desc xml:lang="zh-tw" notBefore="2007-05-02">包含一非正式的敘述，表示個人現在或過去擁有的國籍或公民身分。</desc>
  
  

  <attList>
    <attDef ident="reg">
	
	<desc>supplies a regularized form of the country name using a
	  name or	code from ISO 3166</desc><desc xml:lang="zh-tw" notBefore="2007-05-02">提供國家的一般格式名稱，該名稱或編碼出自ISO3166。</desc>
      
      <valDesc>The value used may be either a country name or a short
        code. Both are defined in ISO 3166-1.</valDesc><valDesc xml:lang="zh-tw" notBefore="2007-05-02">屬性值可能是國家名稱或一個短碼，兩者皆定義在ISO3166中。</valDesc>
    </attDef>
  </attList>


  
  
  
</elementSpec>
  <elementSpec ident="occupation" module="namesdates">

<gloss/><gloss xml:lang="zh-tw" notBefore="2007-05-02"/>
<desc>contains an informal description of a person's trade,
  profession or occupation.</desc><desc xml:lang="zh-tw" notBefore="2007-05-02">包含非正式的敘述，表示個人所從事的行業或所屬的專業。</desc>
  
  
  <attList>
    <attDef ident="scheme" usage="opt">
	
	<desc>identifies the classification system or taxonomy in use by supplying
	  the identifier of a <gi>taxonomy</gi> element elsewhere in the header.</desc><desc xml:lang="zh-tw" notBefore="2007-05-02">提供標頭中元素<gi>taxonomy</gi>的識別符號，來標明所使用的分類系統或分類法。</desc>
      
      <valDesc>must identify a <gi>taxonomy</gi> element</valDesc><valDesc xml:lang="zh-tw" notBefore="2007-05-02">必須標明元素<gi>taxonomy</gi></valDesc>
    </attDef>
    <attDef ident="code" usage="opt">
	
	<desc>identifies an occupation code defined within the
classification system or taxonomy defined by the <att>scheme</att>
	  attribute.</desc><desc xml:lang="zh-tw" notBefore="2007-05-02">標明分類系統或分類法中所定義的職業代碼，該分類系統或分類法由屬性<att>scheme</att>所定義。</desc>
      
      <valDesc>Must identify a <gi>category</gi> element</valDesc><valDesc xml:lang="zh-tw" notBefore="2007-05-02">必須標明元素<gi>category</gi></valDesc>
    </attDef>
  </attList>
  
  
  
  
  
</elementSpec>
  <elementSpec ident="particLinks" module="namesdates">

    <gloss>participant relationships</gloss><gloss xml:lang="zh-tw" notBefore="2007-05-02">參與者關係</gloss>
<desc>describes the relationships or social links existing between
  participants in a linguistic interaction. </desc><desc xml:lang="zh-tw" notBefore="2007-05-02">描述一項語言互動中參與者之間的關係或社交關聯。</desc>
  
  

  
  
</elementSpec>
  <elementSpec xmlns:rng="http://relaxng.org/ns/structure/1.0" ident="persEvent" module="namesdates">
<desc>contains a description of a particular event of significance in
  the life of  a person.</desc><desc xml:lang="zh-tw" notBefore="2007-05-02">包含個人生命中具重要意義的事件描述。</desc>




</elementSpec>
  <elementSpec xmlns:rng="http://relaxng.org/ns/structure/1.0" ident="persState" module="namesdates">
<desc>contains a description of some ongoing status or quality
  attributed to a person.</desc><desc xml:lang="zh-tw" notBefore="2007-05-02">包含個人的身分現況或社會地位描述。</desc>




</elementSpec>
  <elementSpec xmlns:rng="http://relaxng.org/ns/structure/1.0" ident="persTrait" module="namesdates">
<desc>contains a description of a personal or culturally-determined characteristic
  attributed to a person.</desc><desc xml:lang="zh-tw" notBefore="2007-05-02">包含個人本身特徵或文化因素特徵的描述。</desc>





</elementSpec>
  <elementSpec ident="person" module="namesdates">

<gloss/><gloss xml:lang="zh-tw" notBefore="2007-05-02"/>
<desc>provides information about an identifiable individual, for
example a participant in a language interaction, or a person referred
to in a historical source.</desc><desc xml:lang="zh-tw" notBefore="2007-05-02">提供一個已知人物的相關資料，例如語言互動中的參與者、或是歷史來源中提及的人物。</desc>


  <attList>
    <attDef ident="role" usage="opt">
	
      <desc>specifies a primary role or classification for the person.</desc><desc xml:lang="zh-tw" notBefore="2007-05-02">說明該人物的主要角色或分類。</desc>
      
      <valDesc>one or more keywords separated by spaces</valDesc><valDesc xml:lang="zh-tw" notBefore="2007-05-02">一個或多個關鍵字，以空白鍵隔開。</valDesc>
    </attDef>
    <attDef ident="sex" usage="opt">
	
      <desc>specifies the sex of the person.</desc><desc xml:lang="zh-tw" notBefore="2007-05-02">指出該人物的性別。</desc>
      
    </attDef>
    <attDef ident="age" usage="opt">
	
      <desc>specifies an age group for the person.</desc><desc xml:lang="zh-tw" notBefore="2007-05-02">指出該人物所屬的年齡層。</desc>
      
      <valDesc>suggested values are to be supplied</valDesc><valDesc xml:lang="zh-tw" notBefore="2007-05-02">將提供建議屬性值</valDesc>
    </attDef>
  </attList>
  

  
  
  
</elementSpec>
  <elementSpec xmlns:rng="http://relaxng.org/ns/structure/1.0" ident="personGrp" module="namesdates">
  
  <gloss>personal group</gloss><gloss xml:lang="zh-tw" notBefore="2007-05-02">人物團體</gloss>
  <desc>describes a group of individuals treated as a single person for
    analytic purposes.</desc><desc xml:lang="zh-tw" notBefore="2007-05-02">描述一個為分析目的而被視為單一個人的團體。</desc>

  
  <attList>
    <attDef ident="role" usage="opt">
	
	<desc>specifies the role of this group of participants in the
	  interaction.</desc><desc xml:lang="zh-tw" notBefore="2007-05-02">說明該團體在互動中所扮演的角色。</desc>
      
      <valDesc>a set of keywords to be defined</valDesc><valDesc xml:lang="zh-tw" notBefore="2007-05-02">關鍵字須被定義</valDesc>
    </attDef>
    <attDef ident="sex" usage="opt">
	
      <desc>specifies the sex of the participant group.</desc><desc xml:lang="zh-tw" notBefore="2007-05-02">指出該參與團體的性別。</desc>
      
    </attDef>
    <attDef ident="age" usage="opt">
	
      <desc>specifies the age group of the participants.</desc><desc xml:lang="zh-tw" notBefore="2007-05-02">指出該參與者所屬的年齡層。</desc>
      
      <valDesc>suggested values are to be supplied</valDesc><valDesc xml:lang="zh-tw" notBefore="2007-05-02">將提供建議屬性值</valDesc>
    </attDef>
    <attDef ident="size" usage="opt">
	
      <desc>specifies the size or approximate size of the group.</desc><desc xml:lang="zh-tw" notBefore="2007-05-02">提供該團體的 (約略) 大小。</desc>
      
      <valDesc>may contain a number and an indication of accuracy, e.g. <mentioned>approx 200</mentioned></valDesc><valDesc xml:lang="zh-tw" notBefore="2007-05-02">可包含數字以及精確度指示，例如<mentioned>大約 200</mentioned></valDesc>
    </attDef>
  </attList>
  
  
  
</elementSpec>
  <elementSpec ident="relation" module="namesdates">

    <gloss>relationship</gloss><gloss xml:lang="zh-tw" notBefore="2007-05-02">人際關係</gloss>
<desc>describes any kind of relationship or linkage amongst a specified
  group of participants.</desc><desc xml:lang="zh-tw" notBefore="2007-05-02">描述在特定團體中，參與者彼此之間的關係或關聯。</desc>
    
  
  <attList>
    <attDef ident="type">
	
	<desc>categorizes the relationship in some respect, e.g.
	  as social, personal or other.</desc><desc xml:lang="zh-tw" notBefore="2007-05-02">將人際關係分類，例如社交、私交、或其他等。</desc>
      
      
      <valList type="semi">
        <valItem ident="social">
          
          <gloss>relationship concerned with social roles</gloss><gloss xml:lang="zh-tw" notBefore="2007-05-02">社交生活上的關係</gloss>
        </valItem>
        <valItem ident="personal">
          
          <gloss>relationship concerned with personal roles, e.g.
            kinship, marriage, etc.</gloss><gloss xml:lang="zh-tw" notBefore="2007-05-02">私人生活上的關係，例如親屬、婚姻關係等</gloss>
        </valItem>
        <valItem ident="other">
          
          <gloss>other kinds of relationship</gloss><gloss xml:lang="zh-tw" notBefore="2007-05-02">其他關係</gloss>
        </valItem>
      </valList>
    </attDef>
    <attDef ident="name" usage="req">
	
	<desc>supplies a name for the kind of  relationship of which
	  this is an instance.</desc><desc xml:lang="zh-tw" notBefore="2007-05-02">提供該關係的確切名稱。</desc>
      
      <valDesc>an open list of application-dependent keywords</valDesc><valDesc xml:lang="zh-tw" notBefore="2007-05-02">一份依據應用軟體而定的關鍵字開放性列表</valDesc>
    </attDef>

<attList org="choice">
    <attDef ident="active">
	
	<desc>identifies the <q>active</q> participants in a non-mutual
	  relationship, or all the participants in a mutual one.</desc><desc xml:lang="zh-tw" notBefore="2007-05-02">指出非對等關係中的<q>主動</q>關係人、或是對等關係中的所有關係人。</desc>
      
      <valDesc>a list of identifier values for participant or participant
        groups</valDesc><valDesc xml:lang="zh-tw" notBefore="2007-05-02">關係人或相關團體的識別值列表。</valDesc>
    </attDef>
    <attDef ident="mutual" usage="mwa">
	
      <desc>supplies a list of participants amongst all of whom the relationship holds equally.</desc><desc xml:lang="zh-tw" notBefore="2007-05-02">提供關係對等的所有關係人列表。</desc>
      
      <valDesc>a list of identifier values for participant or participant
        groups</valDesc><valDesc xml:lang="zh-tw" notBefore="2007-05-02">關係人或相關團體的識別值列表。</valDesc>
    </attDef>
</attList>
    <attDef ident="passive" usage="opt">
	
	<desc>identifies the <q>passive</q> participants in a non-mutual
	  relationship.</desc><desc xml:lang="zh-tw" notBefore="2007-05-02">指出非對等關係中的<q>被動</q>關係人。</desc>
      
      <valDesc>a list of identifier values for participant or participant
        groups</valDesc><valDesc xml:lang="zh-tw" notBefore="2007-05-02">關係人或相關團體的識別值列表。</valDesc>
    </attDef>
</attList>
  
  
  
  
</elementSpec>
  <elementSpec ident="residence" module="namesdates">

<gloss>residence</gloss><gloss xml:lang="zh-tw" notBefore="2007-05-02">住所</gloss>
    <desc>describes a person's present or past places of residence.</desc><desc xml:lang="zh-tw" notBefore="2007-05-02">描述個人過去或現在的住所。</desc>
  
  
  

  
  
</elementSpec>
  <elementSpec xmlns:rng="http://relaxng.org/ns/structure/1.0" ident="sex" module="namesdates">
    <desc>specifies the sex of a person.</desc><desc xml:lang="zh-tw" notBefore="2007-05-02">指明個人性別。</desc>
  
  
  
</elementSpec>
  <elementSpec ident="socecStatus" module="namesdates">

    <gloss>socio-economic status</gloss><gloss xml:lang="zh-tw" notBefore="2007-05-02">社會經濟地位</gloss>
<desc>contains an informal description of a person's perceived social or
  economic status.</desc><desc xml:lang="zh-tw" notBefore="2007-05-02">包含個人的社會或經濟地位的非正式描述。</desc>
  
  
  <attList>
    <attDef ident="scheme" usage="opt">
	
      <desc>identifies the classification system or taxonomy in use.</desc><desc xml:lang="zh-tw" notBefore="2007-05-02">指出所使用的分類系統或分類法。</desc>
      
      <valDesc>Must identify a <gi>taxonomy</gi> element</valDesc><valDesc xml:lang="zh-tw" notBefore="2007-05-02">必須標明元素<gi>taxonomy</gi></valDesc>
    </attDef>
    <attDef ident="code" usage="opt">
	
	<desc>identifies a status code defined within the
classification system or taxonomy defined by the <att>source</att>
	  attribute.</desc><desc xml:lang="zh-tw" notBefore="2007-05-02">所標明的地位代號被定義在由屬性<att>source</att>所規定的分類系統或分類法當中。 </desc>
      
      <valDesc>Must identify a <gi>category</gi> element</valDesc><valDesc xml:lang="zh-tw" notBefore="2007-05-02">必須標明元素<gi>category</gi></valDesc>
    </attDef>
  </attList>
  
  
  
  
</elementSpec>
  <elementSpec xmlns:rng="http://relaxng.org/ns/structure/1.0" ident="nym" module="namesdates">

<desc>contains the definition for a canonical  name or namepart of
  any kind</desc><desc xml:lang="zh-tw" notBefore="2007-05-02">包含一標準名稱或任何部分名稱的定義。</desc>



<attList>
  <attDef ident="parts">
    <desc>points to constituent nyms </desc><desc xml:lang="zh-tw" notBefore="2007-05-02">連結到組成的正式名稱</desc>
    
  </attDef>
</attList>




      </elementSpec>
  <elementSpec xmlns:rng="http://relaxng.org/ns/structure/1.0" ident="listNym" module="namesdates">
	
	<desc>contains a list of nyms, that is, standardized names for any
	thing. </desc><desc xml:lang="zh-tw" notBefore="2007-05-02">包含一正式名稱列表，即任何事物的標準名稱。</desc>
	
	
	
	
	
      </elementSpec>
</moduleSpec>
