<moduleSpec xmlns="http://www.tei-c.org/ns/1.0" ident="nets">
  <elementSpec ident="graph" module="nets">

<gloss/><gloss xml:lang="zh-tw" notBefore="2007-05-02"/>
<desc>encodes a graph, which is a collection of nodes, and arcs which
connect the nodes.</desc><desc xml:lang="zh-tw" notBefore="2007-05-02">標記一個圖形，內含節點與節點之間的連線。</desc>
  
  
  <attList>
    <attDef ident="type" usage="rec">
	
      <desc>describes the type of graph.</desc><desc xml:lang="zh-tw" notBefore="2007-05-02">描述圖形類型。</desc>
      
      <valList type="semi">
        <valItem ident="undirected">
          
          <gloss>undirected graph</gloss><gloss xml:lang="zh-tw" notBefore="2007-05-02">無方向圖形</gloss>
        </valItem>
        <valItem ident="directed">
          
          <gloss>directed graph</gloss><gloss xml:lang="zh-tw" notBefore="2007-05-02">有方向圖形</gloss>
        </valItem>
        <valItem ident="transitionNetwork">
          
          <gloss>a directed graph with distinguished initial and final nodes</gloss><gloss xml:lang="zh-tw" notBefore="2007-05-02">清楚標明起始節點與末端節點的有向圖形</gloss>
        </valItem>
        <valItem ident="transducer">
          
          <gloss>a transition network with up to two labels on each arc</gloss><gloss xml:lang="zh-tw" notBefore="2007-05-02">每條連線上最多兩個標籤的過境網絡</gloss>
        </valItem>
      </valList>
      
    </attDef>
    <attDef ident="order" usage="opt">
	
	<desc>states the order of the graph, i.e., the number of its nodes.</desc><desc xml:lang="zh-tw" notBefore="2007-05-02">說明圖形次序，例如：節點數目。</desc>
      
      <valDesc>A positive integer.</valDesc><valDesc xml:lang="zh-tw" notBefore="2007-05-02">正整數。</valDesc>
    </attDef>
    <attDef ident="size" usage="opt">
	
      <desc>states the size of the graph, i.e., the number of its arcs.</desc><desc xml:lang="zh-tw" notBefore="2007-05-02">說明圖形大小，例如：連線數目。</desc>
      
      <valDesc>A non-negative integer.</valDesc><valDesc xml:lang="zh-tw" notBefore="2007-05-02">非負整數。</valDesc>
    </attDef>
  </attList>
  

  
  
</elementSpec>
  <elementSpec ident="node" module="nets">

<gloss/><gloss xml:lang="zh-tw" notBefore="2007-05-02"/>
<desc>encodes a node, a possibly labeled point in a graph.</desc><desc xml:lang="zh-tw" notBefore="2007-05-02">標記一個節點，一個圖形中可能帶有標籤的點。</desc>
  
  <attList>
    <attDef ident="value" usage="opt">
	
	<desc>provides the value of a node, which is a feature structure or
other analytic element.</desc><desc xml:lang="zh-tw" notBefore="2007-05-02">提供一個節點值，該節點為一個功能結構或其他分析元素。</desc>
      
      <valDesc>A valid identifier.</valDesc><valDesc xml:lang="zh-tw" notBefore="2007-05-02">有效識別符碼。</valDesc>
    </attDef>
    <attDef ident="type" usage="opt">
	
	<desc>provides a type for a node.</desc><desc xml:lang="zh-tw" notBefore="2007-05-02">提供節點類型。</desc>
      
      <valList type="semi">
        <valItem ident="initial">
          
          <gloss>initial node in a transition network</gloss><gloss xml:lang="zh-tw" notBefore="2007-05-02">過境網絡中的起始節點</gloss>
        </valItem>
        <valItem ident="final">
          
          <gloss>final node in a transition network</gloss><gloss xml:lang="zh-tw" notBefore="2007-05-02">過境網絡中的末端節點</gloss>
        </valItem>
      </valList>
    </attDef>
    <attDef ident="adjTo" usage="rwa">
	
	<desc>gives the identifiers of the nodes which are adjacent to the current node.</desc><desc xml:lang="zh-tw" notBefore="2007-05-02">相鄰至當前節點的節點的識別符碼。</desc>
      
      <valDesc>A list of identifiers.</valDesc><valDesc xml:lang="zh-tw" notBefore="2007-05-02">識別符碼列表。</valDesc>
    </attDef>
    <attDef ident="adjFrom" usage="rwa">
	
	<desc>gives the identifiers of the nodes which are adjacent from the current
	  node.</desc><desc xml:lang="zh-tw" notBefore="2007-05-02">相鄰自當前節點的節點的識別符碼。</desc>
      
      <valDesc>A list of identifiers.</valDesc><valDesc xml:lang="zh-tw" notBefore="2007-05-02">識別符碼列表。</valDesc>
    </attDef>
    <attDef ident="adj" usage="rwa">
	
	<desc>gives the identifiers of the nodes which are both adjacent to and
	  adjacent from the current node.</desc><desc xml:lang="zh-tw" notBefore="2007-05-02">相鄰至與相鄰自當前節點的節點的識別符碼。</desc>
      
      <valDesc>A list of identifiers.</valDesc><valDesc xml:lang="zh-tw" notBefore="2007-05-02">識別符碼列表。</valDesc>
      
    </attDef>
    <attDef ident="inDegree" usage="opt">
	
	<desc>gives the in degree of the node, the number of nodes which
	  are adjacent from the given node.</desc><desc xml:lang="zh-tw" notBefore="2007-05-02">節點的向內分支度，即為相鄰自該節點的節點數量。</desc>
      
      <valDesc>A non-negative integer.</valDesc><valDesc xml:lang="zh-tw" notBefore="2007-05-02">非負整數。</valDesc>
    </attDef>
    <attDef ident="outDegree" usage="opt">
	
	<desc>gives the out degree of the node, the number of nodes which
	  are adjacent to the given node.</desc><desc xml:lang="zh-tw" notBefore="2007-05-02">節點的向外分支度，即為相鄰至該節點的節點數量。</desc>
      
      <valDesc>A non-negative integer.</valDesc><valDesc xml:lang="zh-tw" notBefore="2007-05-02">非負整數。</valDesc>
    </attDef>
    <attDef ident="degree" usage="opt">
	
	<desc>gives the degree of the node, the number of arcs with which
	  the node is incident.</desc><desc xml:lang="zh-tw" notBefore="2007-05-02">節點的分支度，即為節點所附著的線條數。</desc>
      
      <valDesc>A non-negative integer.</valDesc><valDesc xml:lang="zh-tw" notBefore="2007-05-02">非負整數。</valDesc>
      
    </attDef>
  </attList>
  
  
  
</elementSpec>
  <elementSpec ident="arc" module="nets">

<gloss/><gloss xml:lang="zh-tw" notBefore="2007-05-02"/>
<desc>encodes an arc, the connection from one node to another in a graph.</desc><desc xml:lang="zh-tw" notBefore="2007-05-02">標記一條弧線，即為圖形中節點與節點之間的連線。</desc>
  
  <attList>
    <attDef ident="from" usage="req">
	
	<desc>gives the identifier of the node which is adjacent from this arc.</desc><desc xml:lang="zh-tw" notBefore="2007-05-02">相鄰自該線邊的節點的識別符碼。</desc>
      
      <valDesc>The identifier of a node.</valDesc><valDesc xml:lang="zh-tw" notBefore="2007-05-02">一個節點的識別符碼。</valDesc>
    </attDef>
    <attDef ident="to" usage="req">
	
      <desc>gives the identifier of the node which is adjacent to this arc.</desc><desc xml:lang="zh-tw" notBefore="2007-05-02">相鄰至該線邊的節點的識別符碼。</desc>
      
      <valDesc>The identifier of a node.</valDesc><valDesc xml:lang="zh-tw" notBefore="2007-05-02">一個節點的識別符碼。</valDesc>
    </attDef>
  </attList>
  
  
  
</elementSpec>
  <elementSpec ident="tree" module="nets">

<gloss/><gloss xml:lang="zh-tw" notBefore="2007-05-02"/>
<desc>encodes a tree, which is made up of a root, internal nodes,
leaves, and arcs from root to leaves.</desc><desc xml:lang="zh-tw" notBefore="2007-05-02">標記一個樹狀結構，包含根節點、內部節點、葉節點、以及從根到葉的連線。</desc>
  
  
  <attList>
    <attDef ident="arity" usage="opt">
	
	<desc>gives the maximum number of children of the root and internal
nodes of the tree.</desc><desc xml:lang="zh-tw" notBefore="2007-05-02">根節點所擁有的子節點數以及樹狀結構的內部節點數的最大值。</desc>
      
      <valDesc>A nonnegative integer.</valDesc><valDesc xml:lang="zh-tw" notBefore="2007-05-02">非負整數。</valDesc>
    </attDef>
    <attDef ident="ord" usage="req">
	
	<desc>indicates whether or not the tree is ordered, or if it is
	  partially ordered.</desc><desc xml:lang="zh-tw" notBefore="2007-05-02">說明樹狀結構是否整齊排列，或是部分整齊排列。</desc>
      
      
      <valList type="closed">
        <valItem ident="true">
          
          <gloss>indicates that all of the branching nodes of the tree are ordered.</gloss><gloss xml:lang="zh-tw" notBefore="2007-05-02">樹狀結構的所有分支節點皆整齊排列。</gloss>
        </valItem>
        <valItem ident="partial">
          
          <gloss>indicates that some of the branching nodes of the tree are ordered
            and some are unordered.</gloss><gloss xml:lang="zh-tw" notBefore="2007-05-02">有些分支節點整齊排列，有些則否。</gloss>
        </valItem>
        <valItem ident="false">
          
          <gloss>indicates that all of the branching nodes of the tree are
            unordered.</gloss><gloss xml:lang="zh-tw" notBefore="2007-05-02">樹狀結構的所有分支節點皆未整齊排列。</gloss>
        </valItem>
      </valList>
    </attDef>
    <attDef ident="order" usage="opt">
	
      <desc>gives the order of the tree, i.e., the number of its nodes.</desc><desc xml:lang="zh-tw" notBefore="2007-05-02">提供樹狀結構的次序，例如節點數目。</desc>
      
      <valDesc>A nonnegative integer.</valDesc><valDesc xml:lang="zh-tw" notBefore="2007-05-02">非負整數。</valDesc>
      
    </attDef>
  </attList>
  
  
  
</elementSpec>
  <elementSpec ident="root" module="nets">

<gloss>root node</gloss><gloss xml:lang="zh-tw" notBefore="2007-05-02">根節點</gloss>
<desc>represents the root node of a tree.</desc><desc xml:lang="zh-tw" notBefore="2007-05-02">樹狀結構的根節點。</desc>
  
  <attList>
    <attDef ident="value" usage="rwa">
	
	<desc>provides the value of the root, which is a feature structure or
	  other analytic element.</desc><desc xml:lang="zh-tw" notBefore="2007-05-02">提供一個根節點值，該跟節點為一個功能結構或其他分析元素。</desc>
      
      <valDesc>A valid identifier of a feature structure or other analytic
element.</valDesc><valDesc xml:lang="zh-tw" notBefore="2007-05-02">一個功能結構或其他分析元素的有效識別符碼。</valDesc>
    </attDef>
    <attDef ident="children" usage="req">
	
	<desc>provides a list of identifiers of the elements which are the children of
	  the root node.</desc><desc xml:lang="zh-tw" notBefore="2007-05-02">提供根節點的子節點元素識別符碼列表。</desc>
      
      <valDesc>A list of valid identifiers.</valDesc><valDesc xml:lang="zh-tw" notBefore="2007-05-02">有效識別符碼列表。</valDesc>
      
    </attDef>
    <attDef ident="ord" usage="rwa">
	
      <desc>indicates whether or not the root is ordered.</desc><desc xml:lang="zh-tw" notBefore="2007-05-02">說明根節點是否整齊排列。</desc>
      
      
    </attDef>
    <attDef ident="outDegree" usage="opt">
	
      <desc>gives the out degree of the root, the number of its children.</desc><desc xml:lang="zh-tw" notBefore="2007-05-02">根節點的向外分支度，即為其子節點的數量。</desc>
      
      <valDesc>A nonnegative integer.</valDesc><valDesc xml:lang="zh-tw" notBefore="2007-05-02">一個非負整數。</valDesc>
      
    </attDef>
  </attList>
  
  
  
</elementSpec>
  <elementSpec ident="iNode" module="nets">

<gloss>intermediate (or internal) node</gloss><gloss xml:lang="zh-tw" notBefore="2007-05-02">中間 (或內部) 節點</gloss>
    <desc>represents an intermediate (or internal) node of a tree.</desc><desc xml:lang="zh-tw" notBefore="2007-05-02">表示一個樹狀結構的中間 (或內部) 節點。</desc>
  
  <attList>
    <attDef ident="value" usage="rwa">
	
	<desc>provides the value of an intermediate node, which is a feature
	  structure or other analytic element.</desc><desc xml:lang="zh-tw" notBefore="2007-05-02">提供一個中間節點值，該節點為一個功能結構或其他分析元素。</desc>
      
      <valDesc>A valid identifier of a feature structure or other analytic
        element.</valDesc><valDesc xml:lang="zh-tw" notBefore="2007-05-02">一個功能結構或其他分析元素的有效識別符碼。</valDesc>
    </attDef>
    <attDef ident="children" usage="req">
	
	<desc>provides a list of identifiers of the elements which are the children of
	  the intermediate node.</desc><desc xml:lang="zh-tw" notBefore="2007-05-02">提供中間節點的子節點之元素識別符碼列表。</desc>
      
      <valDesc>A list of identifiers.</valDesc><valDesc xml:lang="zh-tw" notBefore="2007-05-02">識別符碼列表。</valDesc>
    </attDef>
    <attDef ident="parent" usage="opt">
	
      <desc>provides the identifier of the element which is the parent of this node.</desc><desc xml:lang="zh-tw" notBefore="2007-05-02">提供中間節點的雙親節點的元素識別符碼。</desc>
      
      <valDesc>The identifier of the parent node.</valDesc><valDesc xml:lang="zh-tw" notBefore="2007-05-02">雙親節點的識別符碼。</valDesc>
    </attDef>
    <attDef ident="ord" usage="opt">
      
      <desc>indicates whether or not the internal node is ordered.</desc><desc xml:lang="zh-tw" notBefore="2007-05-02">說明內部節點是否整齊排列。</desc>
      
      
      
    </attDef>
    <attDef ident="follow" usage="rwa">
	
	<desc>provides an identifier of
the element which this node
follows.</desc><desc xml:lang="zh-tw" notBefore="2007-05-02">提供此節點所尾隨的元素識別符碼。</desc>
      
      <valDesc>The identifier of another intermediate node or leaf of the tree.</valDesc><valDesc xml:lang="zh-tw" notBefore="2007-05-02">樹狀結構中另一個中間節點或葉的識別符碼。</valDesc>
      
    </attDef>
    <attDef ident="outDegree" usage="opt">
	
	<desc>gives the out degree of an intermediate node, the number of its
	  children.</desc><desc xml:lang="zh-tw" notBefore="2007-05-02">中間節點的向外分支度，即為其子節點的數量。</desc>
      
      <valDesc>A nonnegative integer.</valDesc><valDesc xml:lang="zh-tw" notBefore="2007-05-02">一個非負整數。</valDesc>
      
    </attDef>
  </attList>
  
  
  
</elementSpec>
  <elementSpec ident="leaf" module="nets">

<gloss/><gloss xml:lang="zh-tw" notBefore="2007-05-02"/>
<desc>encodes the leaves (terminal nodes) of a tree.</desc><desc xml:lang="zh-tw" notBefore="2007-05-02">標記樹狀結構的葉節點 (終端節點) 。</desc>
  
  <attList>
    <attDef ident="value" usage="rwa">
	
	<desc>provides a pointer to a feature
	  structure or other analytic element.</desc><desc xml:lang="zh-tw" notBefore="2007-05-02">提供一個連結到功能結構或其他分析元素的指標。</desc>
      
      <valDesc>A valid identifier of a feature structure or other analytic
        element.</valDesc><valDesc xml:lang="zh-tw" notBefore="2007-05-02">一個功能結構或其他分析元素的有效識別符碼。</valDesc>
    </attDef>
    <attDef ident="parent" usage="opt">
	
      <desc>provides the identifier of parent of a leaf.</desc><desc xml:lang="zh-tw" notBefore="2007-05-02">提供葉節點的父節點識別符碼。</desc>
      
      <valDesc>The identifier of the parent node.</valDesc><valDesc xml:lang="zh-tw" notBefore="2007-05-02">父節點的識別符碼。</valDesc>
    </attDef>
    <attDef ident="follow" usage="rwa">
	
      <desc>provides an identifier of an element which this leaf follows.</desc><desc xml:lang="zh-tw" notBefore="2007-05-02">提供此葉節點所尾隨的元素識別符碼。</desc>
      
      <valDesc>The identifier of another intermediate node or leaf of the tree.</valDesc><valDesc xml:lang="zh-tw" notBefore="2007-05-02">樹狀結構中另一個中間節點或葉節點的識別符碼。</valDesc>
      
    </attDef>
  </attList>
  
  
  
</elementSpec>
  <elementSpec ident="eTree" module="nets">

<gloss>embedding tree</gloss><gloss xml:lang="zh-tw" notBefore="2007-05-02">嵌入樹狀結構</gloss>
<desc>provides an alternative to tree element for representing
ordered rooted tree structures.</desc><desc xml:lang="zh-tw" notBefore="2007-05-02">提供樹元素的替換，用來表示整齊具有根節點的樹狀結構。</desc>
  
  
  <attList>
    <attDef ident="value" usage="rwa">
	
	<desc>provides the value of an embedding tree, which is a feature
	  structure or other analytic element.</desc><desc xml:lang="zh-tw" notBefore="2007-05-02">提供一個嵌入樹狀結構值，該嵌入樹狀結構為一個功能結構或其他分析元素。</desc>
      
      <valDesc>A valid identifier of a feature structure or other analytic
        element.</valDesc><valDesc xml:lang="zh-tw" notBefore="2007-05-02">一個功能結構或其他分析元素的有效識別符碼。</valDesc>
    </attDef>
  </attList>
  
  
  
</elementSpec>
  <elementSpec ident="triangle" module="nets">
  
  <gloss>Underspecified embedding tree, so called because of its
    characteristic shape when drawn.</gloss><gloss xml:lang="zh-tw" notBefore="2007-05-02">不完全嵌入樹狀結構，如同畫出的圖形特徵所顯示。</gloss>
  
  <desc>Provides for an underspecified eTree, that is, an eTree with
    information left out.</desc><desc xml:lang="zh-tw" notBefore="2007-05-02">為不完全之<gi>嵌入樹狀結構</gi>所提供的元素，即資訊不足的<gi>嵌入樹狀結構</gi>。</desc>
  
  
  <attList>
    <attDef ident="value" usage="rwa">
	
	<desc>provides the value of a triangle, which is the identifier of a feature
	  structure or other analytic element.</desc><desc xml:lang="zh-tw" notBefore="2007-05-02">提供一個三角樹狀結構值，該三角樹狀結構為一個功能結構或其他分析元素。</desc>
      
      <valDesc>A valid identifier of a feature structure or other analytic
        element.</valDesc><valDesc xml:lang="zh-tw" notBefore="2007-05-02">一個功能結構或其他分析元素的有效識別符碼。</valDesc>
    </attDef>
  </attList>
  
  
  
</elementSpec>
  <elementSpec ident="eLeaf" module="nets">

    <gloss>Leaf of an embedding tree.</gloss><gloss xml:lang="zh-tw" notBefore="2007-05-02">嵌入樹狀結構的葉節點。</gloss>
<desc>provides explicitly for a leaf of an embedding tree, which may also
  be encoded with the eTree element.</desc><desc xml:lang="zh-tw" notBefore="2007-05-02">為嵌入樹狀結構的葉節點所明確提供的元素，也可用元素<gi>eTree</gi>來標記。</desc>
  
  <attList>
    <attDef ident="value" usage="rwa">
	
	<desc>provides the value of an embedding leaf, which is a feature
	  structure or other analytic element.</desc><desc xml:lang="zh-tw" notBefore="2007-05-02">提供一個嵌入葉節點值，該嵌入葉節點為一個功能結構或其他分析元素。</desc>
      
      <valDesc>A valid identifier of a feature structure or other analytic
        element.</valDesc><valDesc xml:lang="zh-tw" notBefore="2007-05-02">一個功能結構或其他分析元素的有效識別符碼。</valDesc>
    </attDef>
  </attList>
  
  
  
</elementSpec>
  <elementSpec ident="forest" module="nets">

<gloss/><gloss xml:lang="zh-tw" notBefore="2007-05-02"/>
    <desc>provides for groups of rooted trees.</desc><desc xml:lang="zh-tw" notBefore="2007-05-02">匯集具根節點的樹狀結構群組。</desc>
  
  <attList>
    <attDef ident="type" usage="opt">
	
	<desc>identifies the type of the forest.</desc><desc xml:lang="zh-tw" notBefore="2007-05-02">標明森林的類型。</desc>
      
      <valDesc>A character string.</valDesc><valDesc xml:lang="zh-tw" notBefore="2007-05-02">字串。</valDesc>
    </attDef>
  </attList>
  
  
  
</elementSpec>
  <elementSpec ident="forestGrp" module="nets">

<gloss>Forest group</gloss><gloss xml:lang="zh-tw" notBefore="2007-05-02">森林群組</gloss>
    <desc>provides for groups of forests.</desc><desc xml:lang="zh-tw" notBefore="2007-05-02">匯集森林群組。</desc>
  
  <attList>
    <attDef ident="type" usage="opt">
	
      <desc>identifies the type of the forest group.</desc><desc xml:lang="zh-tw" notBefore="2007-05-02">標明森林群組的類型。</desc>
      
      <valDesc>A character string.</valDesc><valDesc xml:lang="zh-tw" notBefore="2007-05-02">字串。</valDesc>
    </attDef>
  </attList>
  
  
  
</elementSpec>
</moduleSpec>
