<moduleSpec xmlns="http://www.tei-c.org/ns/1.0" ident="spoken">
  <classSpec ident="model.divPart.spoken" module="spoken" type="model">
<desc>groups those elements
which appear at the component level in spoken texts only.</desc><desc xml:lang="zh-tw" notBefore="2007-05-02">所匯集的元素僅出現在口說文件的組成層次。</desc>


  
  
</classSpec>
  <macroSpec ident="mix.spoken" module="spoken">
    <gloss>mixed-base spoken-text components</gloss><gloss xml:lang="zh-tw" notBefore="2007-05-02">混合基礎口說文件組成</gloss>
<desc>contains a string used in constructing the definition of
  <term>macro.component</term> used in the mixed base tag set.</desc><desc xml:lang="zh-tw" notBefore="2007-05-02">包含一字串，用來定義使用於混合基礎標籤組的<term>巨集指令‧元件</term>。</desc>
  
  
</macroSpec>
  <elementSpec ident="u" module="spoken">

<gloss>utterance</gloss><gloss xml:lang="zh-tw" notBefore="2007-05-02">話語</gloss>
<desc>a stretch of speech usually preceded and followed by
silence or by a change of speaker.</desc><desc xml:lang="zh-tw" notBefore="2007-05-02">一段言詞，通常在說話前後是一段沉默、或是另一個人的說話。</desc>
  
  
  <attList>
    <attDef ident="trans" usage="opt">
	
	<desc>indicates the nature of the transition between this utterance
	  and the previous one.</desc><desc xml:lang="zh-tw" notBefore="2007-05-02">指出此段話語和前段話語之間轉變過程的特性。</desc>
      
      <valList type="closed">
        <valItem ident="smooth">
          
          <gloss>this  utterance begins without unusual pause or rapidity.</gloss><gloss xml:lang="zh-tw" notBefore="2007-05-02">此段話語的開頭並無異常停頓或異常迅速。</gloss>
        </valItem>
        <valItem ident="latching">
          
          <gloss>this utterance begins with a markedly shorter pause than normal.</gloss><gloss xml:lang="zh-tw" notBefore="2007-05-02">此段話語開頭的停頓明顯比平常要短。</gloss>
        </valItem>
        <valItem ident="overlap">
          
          <gloss>this utterance begins before the previous one has finished.</gloss><gloss xml:lang="zh-tw" notBefore="2007-05-02">此段話語在前一段還未結束前就開始。</gloss>
        </valItem>
        <valItem ident="pause">
          
          <gloss>this utterance begins after a noticeable pause.</gloss><gloss xml:lang="zh-tw" notBefore="2007-05-02">此段話語在一段明顯的停頓之後開始。</gloss>
        </valItem>
      </valList>
      
    </attDef>

  </attList>
  
  
  
</elementSpec>
  <elementSpec xmlns:rng="http://relaxng.org/ns/structure/1.0" ident="pause" module="spoken">

<gloss/><gloss xml:lang="zh-tw" notBefore="2007-05-02"/>
<desc>a pause either between or within utterances.</desc><desc xml:lang="zh-tw" notBefore="2007-05-02">說話之間或說話時的停頓。</desc>
  
  
  

  
  
  
</elementSpec>
  <elementSpec ident="vocal" module="spoken">
  
  <gloss>Vocalized semi-lexical</gloss><gloss xml:lang="zh-tw" notBefore="2007-05-02">發聲的半詞彙</gloss>
  <desc>any vocalized but not necessarily lexical phenomenon, for
  example voiced pauses, non-lexical backchannels, etc.</desc><desc xml:lang="zh-tw" notBefore="2007-05-02">發出聲音但未必是詞彙的話語，例如有聲的停頓、非詞彙的附應等。</desc>
  
  
  
  <attList>
    <attDef ident="iterated" usage="opt">
      
      <desc>indicates whether or not the phenomenon is repeated.</desc><desc xml:lang="zh-tw" notBefore="2007-05-02">指出該現象是否重複發生。</desc>
      
      
      
    </attDef>
  </attList>
  
  
  
</elementSpec>
  <elementSpec ident="kinesic" module="spoken">
  
    <gloss>Non-vocalized quasi-lexical</gloss><gloss xml:lang="zh-tw" notBefore="2007-05-02">非發聲的類詞彙</gloss>
  <desc>any communicative phenomenon, not necessarily vocalized, for
  example a gesture, frown, etc.</desc><desc xml:lang="zh-tw" notBefore="2007-05-02">任何溝通現象，未必是口說表達，例如手勢、皺眉等。</desc>
  
  
  
  
  <attList>
    <attDef ident="iterated" usage="opt">
      
      <desc>indicates whether or not the phenomenon is
        repeated.</desc><desc xml:lang="zh-tw" notBefore="2007-05-02">指出該現象是否重複發生。</desc>
      
      
      
      
    </attDef>
  </attList>
  
  
  
</elementSpec>
  <elementSpec ident="event" module="spoken">


<desc>any phenomenon or occurrence, not necessarily vocalized or
communicative, for example incidental noises or other events affecting
communication.</desc><desc xml:lang="zh-tw" notBefore="2007-05-02">任何未必是口說的或溝通上的現象或發生情況，例如偶然的噪音或其他影響溝通的事件。</desc>
  
  
  <attList>
    <attDef ident="iterated" usage="opt">
      
      <desc>indicates whether or not the phenomenon is repeated.</desc><desc xml:lang="zh-tw" notBefore="2007-05-02">指出該現象是否重複發生。</desc>
      
      
      
    </attDef>
  </attList>
  
  
  
</elementSpec>
  <elementSpec ident="writing" module="spoken">
  
  <gloss>書面文字</gloss><gloss xml:lang="zh-tw" notBefore="2007-05-02">書面文字</gloss>
  
  <desc>a passage of written text revealed to participants in the
    course of a spoken text.</desc><desc xml:lang="zh-tw" notBefore="2007-05-02">在口說的過程中，參與者可觀看的一段書面文字。</desc>
  
  
  
  
  <attList>
    <attDef ident="type" usage="opt">
      
      <desc>categorizes the kind of writing in some way, for example
      as a subtitle, noticeboard etc.</desc><desc xml:lang="zh-tw" notBefore="2007-05-02">將書面文字分類，例如字幕、記事板等。</desc>
      
      
    </attDef>
    <attDef ident="script" usage="opt">
	
	<desc>points to a bibliographic citation in the header giving
	a full description of the source or script of the
	writing.</desc><desc xml:lang="zh-tw" notBefore="2007-05-02">連結到標頭中的書目引用，以完整提供該書面文字的來源或底稿描述。</desc>
	
      
      <valDesc>Must be a valid identifier for a bibliographic element
      in the TEI header</valDesc><valDesc xml:lang="zh-tw" notBefore="2007-05-02">必須是TEI標頭內標明的書目元素的有效識別符碼。</valDesc>
    </attDef>
    <attDef ident="gradual" usage="opt">
	
	<desc>indicates whether the writing is revealed all at once or
	gradually.</desc><desc xml:lang="zh-tw" notBefore="2007-05-02">指出該書面文字是一次全部出現或逐步出現</desc>
	
	
	
      
    </attDef>
  </attList>
  
  
  
</elementSpec>
  <elementSpec ident="shift" module="spoken">


<desc>marks the point at which some paralinguistic feature of a series of
utterances by any one speaker changes.</desc><desc xml:lang="zh-tw" notBefore="2007-05-02">所標記的位置表示任一說話者在一連串說話中，某些附屬語言特性的改變。</desc>
  
  
  <attList>

    <attDef ident="feature" usage="opt">
	
	<desc>a
	  paralinguistic feature.</desc><desc xml:lang="zh-tw" notBefore="2007-05-02">附屬語言特性</desc>
      <valList type="closed">
        <valItem ident="tempo">
          
          <gloss>speed of utterance.
    </gloss><gloss xml:lang="zh-tw" notBefore="2007-05-02">說話速度</gloss>
        </valItem>
        <valItem ident="loud">
          
          <gloss>loudness.
    </gloss><gloss xml:lang="zh-tw" notBefore="2007-05-02">音量</gloss>
        </valItem>
        <valItem ident="pitch">
          
          <gloss>pitch range.
    </gloss><gloss xml:lang="zh-tw" notBefore="2007-05-02">音調範圍</gloss>
        </valItem>
        <valItem ident="tension">
          
          <gloss>tension or stress pattern.
    </gloss><gloss xml:lang="zh-tw" notBefore="2007-05-02">張力或強調模式</gloss>
        </valItem>
        <valItem ident="rhythm">
          
          <gloss>rhythmic qualities.
    </gloss><gloss xml:lang="zh-tw" notBefore="2007-05-02">節奏品質</gloss>
        </valItem>
        <valItem ident="voice">
          
          <gloss>voice quality.
    </gloss><gloss xml:lang="zh-tw" notBefore="2007-05-02">聲音品質</gloss>
        </valItem>
      </valList>
      
    </attDef>
    <attDef ident="new" usage="opt">
	
      <desc>specifies the new state of the paralinguistic feature specified.</desc><desc xml:lang="zh-tw" notBefore="2007-05-02">說明改變後的附屬語言特性狀況。</desc>
      
      
      <valDesc>An open list (for an example of possible values, see
        <ptr target="#TSSAPA"/>)</valDesc><valDesc xml:lang="zh-tw" notBefore="2007-05-02">開放式列表 (可能屬性值範例詳見<ptr target="#TSSAPA"/>)</valDesc>
      
    </attDef>
  </attList>
  
  
  
</elementSpec>
</moduleSpec>
