<moduleSpec xmlns="http://www.tei-c.org/ns/1.0" ident="tagdocs">
  <elementSpec ident="att" module="tagdocs">

<gloss>attribute</gloss><gloss xml:lang="zh-tw" notBefore="2007-05-02">屬性</gloss>
<desc>contains the name of an attribute appearing within running text.</desc><desc xml:lang="zh-tw" notBefore="2007-05-02">包含在連續文字中出現的屬性名稱。</desc>
  
  
  <attList>
    <attDef ident="scheme" usage="opt">
	
      <desc>supplies an identifier for  the scheme in which this name is defined.</desc><desc xml:lang="zh-tw" notBefore="2007-05-02">提供該標準之識別符碼，此名稱定義於該標準中。</desc>
      
      
      <valList type="open">
        <valItem ident="TEI">
          
          <gloss>this attribute is part of the TEI scheme.</gloss><gloss xml:lang="zh-tw" notBefore="2007-05-02">此屬性為TEI標準的一部份。</gloss>
        </valItem>
        <valItem ident="DBK">
          
          <gloss>this attribute is  part of the Docbook scheme.</gloss><gloss xml:lang="zh-tw" notBefore="2007-05-02">此屬性為Docbook 標準的一部份。</gloss>
        </valItem>
        <valItem ident="XX">
          
          <gloss>this attribute is  part of an unknown scheme.</gloss><gloss xml:lang="zh-tw" notBefore="2007-05-02">此屬性所屬的標準不明。</gloss>
        </valItem>
      </valList>
    </attDef>
  </attList>
  
  
  
</elementSpec>
  <elementSpec ident="code" module="tagdocs">

<gloss/><gloss xml:lang="zh-tw" notBefore="2007-05-02"/>
<desc>contains literal code from some formal language such as a
programming language</desc><desc xml:lang="zh-tw" notBefore="2007-05-02">包含一個正式語言的字母代碼，像是一個程式語言。</desc>
  
  
  <attList>
    <attDef ident="lang" usage="opt">
	
	<desc>a name identifying the formal language in which  the
	  code is expressed</desc><desc xml:lang="zh-tw" notBefore="2007-05-02">表示該代碼的正式語言名稱</desc>
      
    </attDef>
  </attList>
</elementSpec>
  <elementSpec ident="eg" module="tagdocs">

<gloss/><gloss xml:lang="zh-tw" notBefore="2007-05-02"/>
    <desc>contains any kind of illustrative example. </desc><desc xml:lang="zh-tw" notBefore="2007-05-02">包含任何種類的說明範例。</desc>
  
  
  
  
  
</elementSpec>
  <elementSpec ident="egXML" module="tagdocs">

<gloss/><gloss xml:lang="zh-tw" notBefore="2007-05-02"/>
<desc>constitutes the root of a single well-formed XML example demonstrating the use
  of some XML element or attribute. </desc><desc xml:lang="zh-tw" notBefore="2007-05-02">包含形式完整的單一XML範例的根結構，用以說明某些XML元素或屬性的使用方法。</desc>
  
  

  
  
</elementSpec>
  <elementSpec ident="gi" module="tagdocs">

<gloss>generic identifier</gloss><gloss xml:lang="zh-tw" notBefore="2007-05-02">通用識別符碼</gloss>
    <desc>contains the name (generic identifier) of an element.</desc><desc xml:lang="zh-tw" notBefore="2007-05-02">包含一個元素名稱 (通用識別符碼) 。</desc>
  
  
  <attList>
    <attDef ident="scheme" usage="opt">
	
      <desc>supplies the name of the scheme in which this name is defined.</desc><desc xml:lang="zh-tw" notBefore="2007-05-02">提供該標準之識別符碼，此名稱定義於該標準中。</desc>
      
      
      <valList type="open">
        <valItem ident="TEI">
          
          <gloss>this element is part of the TEI scheme.</gloss><gloss xml:lang="zh-tw" notBefore="2007-05-02">此元素為TEI標準的一部份。</gloss>
        </valItem>
        <valItem ident="DBK">
          
          <gloss>this element is  part of the Docbook scheme.</gloss><gloss xml:lang="zh-tw" notBefore="2007-05-02">此元素為 Docbook標準的一部份。</gloss>
        </valItem>
        <valItem ident="XX">
          
          <gloss>this element is  part of an unknown scheme.</gloss><gloss xml:lang="zh-tw" notBefore="2007-05-02">此元素所屬的標準不明。</gloss>
        </valItem>
      </valList>
    </attDef>
  </attList>
  
  
</elementSpec>
  <elementSpec ident="ident" module="tagdocs">

    <desc>contains an identifier or name for an object of some kind in a formal language</desc><desc xml:lang="zh-tw" notBefore="2007-05-02">包含一個使用正式語言的某種物件的識別符碼或名稱。</desc>
  
  
  
  
</elementSpec>
  <elementSpec ident="tag" module="tagdocs">

<gloss/><gloss xml:lang="zh-tw" notBefore="2007-05-02"/>
<desc>contains text of a complete start- or end-tag, possibly
including attribute specifications, but excluding the opening and
closing markup delimiter characters.</desc><desc xml:lang="zh-tw" notBefore="2007-05-02">包含具有完整開始標籤與結束標籤的文字，可能包括屬性說明，但不包含開頭及結尾標記定義符號。</desc>
  
  
  <attList>
    <attDef ident="scheme" usage="opt">
	
      <desc>supplies the name of the scheme in which this name is defined.</desc><desc xml:lang="zh-tw" notBefore="2007-05-02">提供該標準之識別符碼，此名稱定義於該標準中。</desc>
      
      <valList type="closed">
        <valItem ident="TEI">
          
          <gloss>this tag is part of the TEI scheme.</gloss><gloss xml:lang="zh-tw" notBefore="2007-05-02">此標籤為TEI標準的一部份。</gloss>
        </valItem>
        <valItem ident="DBK">
          
          <gloss>this element is  part of the Docbook scheme.</gloss><gloss xml:lang="zh-tw" notBefore="2007-05-02">此標籤為Dockbook標準的一部份。</gloss>
        </valItem>
      </valList>
    </attDef>
  </attList>
  
  
</elementSpec>
  <elementSpec ident="val" module="tagdocs">

<gloss>value</gloss><gloss xml:lang="zh-tw" notBefore="2007-05-02">屬性值</gloss>
<desc>contains a single attribute value.</desc><desc xml:lang="zh-tw" notBefore="2007-05-02">包含單一屬性值。</desc>
  
  
  
  
  
</elementSpec>
  <elementSpec ident="specList" module="tagdocs">

<desc>marks where a list of descriptions is to be inserted into the prose documentation.</desc><desc xml:lang="zh-tw" notBefore="2007-05-02">標記一敘述列表插入散文文件的位置。</desc>
  
  
  
  
</elementSpec>
  <elementSpec ident="specDesc" module="tagdocs">
  
  <gloss>Element or class description</gloss><gloss xml:lang="zh-tw" notBefore="2007-05-02">元素或元素集描述</gloss>
  <desc>indicates that a description of the specified element or class
    should be included at this point within a document.</desc><desc xml:lang="zh-tw" notBefore="2007-05-02">指出指定元素或元素集的描述應在此包括在文件中。</desc>
  
  
  
  <attList>  
    <attDef ident="key" usage="opt">
      <gloss>identifier</gloss><gloss xml:lang="zh-tw" notBefore="2007-05-02">識別符碼</gloss>
      <desc>supplies the identifier of the documentary element or class for
        which a description is to be obtained.</desc><desc xml:lang="zh-tw" notBefore="2007-05-02">提供文件元素或元素集的識別符碼。</desc>
      
      
      
    </attDef>
    <attDef ident="atts" usage="rec">
      <gloss>attributes</gloss><gloss xml:lang="zh-tw" notBefore="2007-05-02">屬性</gloss>
      <desc>supplies attribute names for which descriptions should
        additionally be obtained.</desc><desc xml:lang="zh-tw" notBefore="2007-05-02">提供其屬性描述應另外包含的屬性名稱。</desc>
      
      
      <valDesc>a whitespace-separated list of attribute
      names</valDesc><valDesc xml:lang="zh-tw" notBefore="2007-05-02">屬性名稱列表，中間用空白鍵隔開。</valDesc>
    

  </attDef>
</attList>
  
  
</elementSpec>
  <elementSpec xmlns:rng="http://relaxng.org/ns/structure/1.0" ident="moduleRef" module="tagdocs">

<desc>references a module which is to be incorporated into a schema.</desc><desc xml:lang="zh-tw" notBefore="2007-05-02">參照一個被併入某一模型的模組。</desc>
  
  
  <attList>
   <attList org="choice">
    <attDef ident="key" usage="opt">
	<desc>the name of a TEI module</desc><desc xml:lang="zh-tw" notBefore="2007-05-02">TEI模組名稱</desc>
      
    </attDef>
    <attDef ident="url" usage="opt">
      <desc>refers to a non-TEI module by external location </desc><desc xml:lang="zh-tw" notBefore="2007-05-02">用外部位置參照到一個非TEI模組</desc>
      
    </attDef>
   </attList>
  </attList>
  
  
</elementSpec>
  <elementSpec ident="moduleSpec" module="tagdocs">

<desc>documents the structure, content, and purpose of a single
module, i.e. a named and externally visible group of declarations.</desc><desc xml:lang="zh-tw" notBefore="2007-05-02">記錄單一模組的結構、內容、以及用途，例如：一個已命名且外部明確的宣告組。</desc>
  
  
  <attList>  
    <attDef ident="type" usage="opt">
	
	<desc>type of module to be generated</desc><desc xml:lang="zh-tw" notBefore="2007-05-02">建立的模組類型</desc>
      <valDesc>A closed set of keywords yet to be defined</valDesc><valDesc xml:lang="zh-tw" notBefore="2007-05-02">仍須被定義的封閉式關鍵字組</valDesc>
    </attDef>
  </attList>
  
</elementSpec>
  <elementSpec xmlns:rng="http://relaxng.org/ns/structure/1.0" ident="schemaSpec" module="tagdocs">

    <desc>generates a TEI-conformant schema and documentation for it.</desc><desc xml:lang="zh-tw" notBefore="2007-05-02">建立一個符合TEI標準的模型以及該模型文件。</desc>
  
  
  <attList>  
    <attDef ident="start" usage="opt">
      
      <desc>specifies entry points to the schema, i.e. which elements
      are allowed to be used as the root of documents conforming to
      it. </desc><desc xml:lang="zh-tw" notBefore="2007-05-02">指出該模型的初步條件，例如在符合該模型標準的文件中，那些元素可做為文件的根元素。</desc>
      
      
    </attDef>
    <attDef ident="ns" usage="opt">
      
      <desc>specifies the default namespace (if any) applicable to
        components of the schema.</desc><desc xml:lang="zh-tw" notBefore="2007-05-02">指出適用於該模型元件的預設名稱空間 (若有名稱空間) 。</desc>
      
      
    </attDef>
    <attDef ident="prefix" usage="opt">
      
      <desc>specifies a prefix which will be appended to all patterns
      relating to TEI elements. This allows for external schemas to be mixed in
      which have elements of the same names as the TEI.
      </desc><desc xml:lang="zh-tw" notBefore="2007-05-02">指明一個附加在所有和TEI元素相關的模式中的前綴。這使得外部模型可以和TEI結合，這些外部模型具有和TEI元素名稱相同的元素。</desc>
      
      
    </attDef>
    <attDef ident="targetLang" usage="opt">
      
      <desc>Where names for element or attribute
      are available
      in more than one language, specifies which language to
      use when creating the objects in a schema.</desc><desc xml:lang="zh-tw" notBefore="2007-05-02">若元素或屬性名稱所使用的語言有一種以上，說明建立文件模型時要使用那一種語言。</desc>
      
    </attDef>
    <attDef ident="docLang" usage="opt">
      
      <desc>Where the description for an element, attribute, class or macro
      is available in more than one language, specifies which languages to
      use when creating documentation.</desc><desc xml:lang="zh-tw" notBefore="2007-05-02">若元素、屬性、元素集或巨集指令描述所使用的語言有一種以上，說明建立文件時要使用那一種語言。</desc>
      
    </attDef>
  </attList>
  
</elementSpec>
  <elementSpec ident="specGrp" module="tagdocs">

<gloss>specification group</gloss><gloss xml:lang="zh-tw" notBefore="2007-05-02">說明群組</gloss>
<desc>contains any convenient grouping of specifications for use within
  the current module.</desc><desc xml:lang="zh-tw" notBefore="2007-05-02">包含在現有模組中的細節使用說明群組。</desc>
  
  
  
  
  
</elementSpec>
  <elementSpec xmlns:rng="http://relaxng.org/ns/structure/1.0" ident="specGrpRef" module="tagdocs">

    <gloss>reference to a specification group</gloss><gloss xml:lang="zh-tw" notBefore="2007-05-02">參照到一個說明群組</gloss>
<desc>indicates that the  declarations contained by the
  <gi>specGrp</gi> referenced should be inserted at this point.</desc><desc xml:lang="zh-tw" notBefore="2007-05-02">指出被參照的元素<gi>specGrp</gi>中的宣告應在此插入。</desc>
  
  
  <attList>
  <attDef ident="target" usage="req">
    <desc>points at the specification group  which logically belongs here.</desc><desc xml:lang="zh-tw" notBefore="2007-05-02">指向照理屬於此位置的說明群組。</desc>
   
  </attDef>
</attList>
  
  
</elementSpec>
  <elementSpec ident="stringVal" module="tagdocs">

<gloss/><gloss xml:lang="zh-tw" notBefore="2007-05-02"/>
<desc>contains the intended expansion for the entity documented
  by an patternSpec element, enclosed by quotation marks.</desc><desc xml:lang="zh-tw" notBefore="2007-05-02">包含對於記錄在元素<gi>patternSpec</gi>裡的實體所預期的擴展性，在引用符號中呈現。</desc>
  
  
  
  
  
</elementSpec>
  <elementSpec ident="elementSpec" module="tagdocs">

<gloss/><gloss xml:lang="zh-tw" notBefore="2007-05-02"/>
<desc>documents the structure, content, and purpose of a single
element type.</desc><desc xml:lang="zh-tw" notBefore="2007-05-02">紀錄單一元素類型的結構、內容、以及用途。</desc>
  
  
  <attList>
    <attDef ident="ns" usage="opt">
	
	<gloss>namespace</gloss><gloss xml:lang="zh-tw" notBefore="2007-05-02">名稱空間</gloss>
	<desc>specifies the namespace to which this element belongs</desc><desc xml:lang="zh-tw" notBefore="2007-05-02">指明該元素所屬的名稱空間。</desc>
      
      
    </attDef>
    <attDef ident="usage" usage="opt">
	
      <desc>specifies the optionality of an attribute or element. </desc><desc xml:lang="zh-tw" notBefore="2007-05-02">指明屬性或元素的必備性。</desc>
      
      <valList type="closed">
	<valItem ident="req">
	  
          <gloss>required</gloss><gloss xml:lang="zh-tw" notBefore="2007-05-02">必須使用</gloss>
        </valItem>
        <valItem ident="mwa">
          
          <gloss>mandatory when applicable</gloss><gloss xml:lang="zh-tw" notBefore="2007-05-02">合適的情況下必須使用</gloss>
        </valItem>
        <valItem ident="rec">
          
          <gloss>recommended</gloss><gloss xml:lang="zh-tw" notBefore="2007-05-02">建議使用</gloss>
        </valItem>
        <valItem ident="rwa">
          
          <gloss>recommended when applicable</gloss><gloss xml:lang="zh-tw" notBefore="2007-05-02">合適的情況下建議使用</gloss>
        </valItem>
        <valItem ident="opt">
          
          <gloss>optional</gloss><gloss xml:lang="zh-tw" notBefore="2007-05-02">不必備</gloss>
        </valItem>
      </valList>
    </attDef>
  </attList>
  
  
</elementSpec>
  <elementSpec xmlns:rng="http://relaxng.org/ns/structure/1.0" ident="classSpec" module="tagdocs">

<gloss/><gloss xml:lang="zh-tw" notBefore="2007-05-02"/>
<desc>contains reference information for a TEI element class; 
that is a group of 
  elements which appear together in  content models, or 
  which share some common attribute, or both.</desc><desc xml:lang="zh-tw" notBefore="2007-05-02">包含一個TEI元素集的參照資訊；元素集是一群在內容模組中同時出現、或共用某些屬性、或兩者皆包括的元素。</desc>
  
  
  <attList>
    <attDef ident="type" usage="req">
	
	<desc>indicates whether this is a model class or an attribute class</desc><desc xml:lang="zh-tw" notBefore="2007-05-02">指出這是結構元素集或是屬性元素集。</desc>
      <valList type="closed">
        <valItem ident="model">
          
          <desc>members of this class appear in the same  content models</desc><desc xml:lang="zh-tw" notBefore="2007-05-02">該元素集的元素出現在相同的內容模組中</desc>
        </valItem>
        <valItem ident="atts">
          
          <desc>members of this class share common attributes</desc><desc xml:lang="zh-tw" notBefore="2007-05-02">該元素集的元素有共用的屬性</desc>
        </valItem>
      </valList>
    </attDef>
    <attDef ident="generate" usage="opt">
	<desc>indicates which alternation and sequence instantiations
	of a model class should be created. By default, all variations
	are provided.</desc><desc xml:lang="zh-tw" notBefore="2007-05-02">說明應該建立結構元素集的哪些替換及順序作業實例。在預設的情形下，會提供所有的變數。</desc>
	
	<valList type="closed">
	  <valItem ident="alternation">
	    <desc>members of the class are alternatives</desc><desc xml:lang="zh-tw" notBefore="2007-05-02">該元素集的元素是替換元素</desc>
	  </valItem>
	  <valItem ident="sequence">
	    <desc>members of the class are to be provided in sequence</desc><desc xml:lang="zh-tw" notBefore="2007-05-02">該元素集的元素會依序呈現</desc>
	  </valItem>
	  <valItem ident="sequenceOptional">
	    <desc>members of the class may be provided, in sequence,
	      but are optional</desc><desc xml:lang="zh-tw" notBefore="2007-05-02">該元素集的元素可依序呈現，但非必須</desc>
	  </valItem>
	  <valItem ident="sequenceOptionalRepeatable">
	    <desc>members of the class may be provided one or more
	      times, in sequence, but are optional. </desc><desc xml:lang="zh-tw" notBefore="2007-05-02">該元素集的元素可一次或多次依序呈現，但非必須</desc>
	  </valItem>
	  <valItem ident="sequenceRepeatable">
	    <desc>members of the class may be provided one or more times, in sequence</desc><desc xml:lang="zh-tw" notBefore="2007-05-02">該元素集的元素可一次或多次依序呈現</desc>
	  </valItem>
      </valList>
    </attDef>
  </attList>
  </elementSpec>
  <elementSpec ident="macroSpec" module="tagdocs">

<gloss/><gloss xml:lang="zh-tw" notBefore="2007-05-02"/>
<desc>documents the function and implementation of a pattern. </desc><desc xml:lang="zh-tw" notBefore="2007-05-02">記錄模式的功能與實行。</desc>

  
  <attList>
    <attDef ident="type" usage="opt">
	
	<desc>indicates which type of entity should be generated, when an ODD
	  processor is generating a module using SGML syntax.</desc><desc xml:lang="zh-tw" notBefore="2007-05-02">指出當一個ODD處理器使用SGML語法建立模組時，應建立哪種類型的實體。</desc>
      <valList type="closed">
        <valItem ident="pe">
          
          <gloss>parameter entity</gloss><gloss xml:lang="zh-tw" notBefore="2007-05-02">參數實體</gloss>
        </valItem>
        <valItem ident="epe">
          
          <gloss>element parameter entity</gloss><gloss xml:lang="zh-tw" notBefore="2007-05-02">元素參數實體</gloss>
        </valItem>
        <valItem ident="ge">
          
          <gloss>general entity</gloss><gloss xml:lang="zh-tw" notBefore="2007-05-02">一般實體</gloss>
        </valItem>
        <valItem ident="dt">
          
          <gloss>datatype entity</gloss><gloss xml:lang="zh-tw" notBefore="2007-05-02">資料類型實體</gloss>
        </valItem>
</valList>
</attDef>
</attList>
</elementSpec>
  <elementSpec ident="remarks" module="tagdocs">

<gloss/><gloss xml:lang="zh-tw" notBefore="2007-05-02"/>
<desc>contains any commentary or discussion about the usage of an
element, attribute, class, or entity not otherwise documented within the
containing element.</desc><desc xml:lang="zh-tw" notBefore="2007-05-02">包含任何關於元素、屬性、元素集，或實體的使用資訊之評論或討論，該元素、屬性、元素集或實體未以其他方式紀錄在所包含的元素中。</desc>
  
  
  
  
</elementSpec>
  <elementSpec ident="listRef" module="tagdocs">

<gloss>list of references</gloss><gloss xml:lang="zh-tw" notBefore="2007-05-02">參照列表</gloss>
<desc>supplies a list of significant references to places where this
  element is discussed, in the current document or elsewhere.</desc><desc xml:lang="zh-tw" notBefore="2007-05-02">提供一個重要參照的列表，這些參照連結到詳述此元素的位置，在此文件裡或是其他地方。</desc>
  
  
  
  
</elementSpec>
  <elementSpec ident="exemplum" module="tagdocs">

<gloss/><gloss xml:lang="zh-tw" notBefore="2007-05-02"/>
<desc>contains a single example demonstrating the use of an element,
  together with optional paragraphs of commentary.</desc><desc xml:lang="zh-tw" notBefore="2007-05-02">包含說明某一元素使用的單一範例，可任意配合註解段落。</desc>
  
  
  
  
</elementSpec>
  <elementSpec ident="classes" module="tagdocs">

<gloss/><gloss xml:lang="zh-tw" notBefore="2007-05-02"/>
<desc>specifies all the classes of which the documented element or
class is a member or subclass.</desc><desc xml:lang="zh-tw" notBefore="2007-05-02">標明所記錄的元素或元素集所屬或是附屬的所有元素集。</desc>
  
  
  
  
</elementSpec>
  <elementSpec ident="memberOf" module="tagdocs">

<desc>specifies  class membership of the parent element or class.</desc><desc xml:lang="zh-tw" notBefore="2007-05-02">標明父元素或元素集所屬的元素集。</desc>
  
  
  <attList>  
    <attDef ident="key">
	<gloss>a name</gloss><gloss xml:lang="zh-tw" notBefore="2007-05-02">一個名稱</gloss>
	<desc>specifies the identifier for a class of which the documented
	  element or class is a member or subclass</desc><desc xml:lang="zh-tw" notBefore="2007-05-02">標明一元素集的識別名稱，該元素集為所紀錄元素或元素集之所屬或附屬元素集</desc>
      
    </attDef>
  </attList>
  
</elementSpec>
  <elementSpec xmlns:rng="http://relaxng.org/ns/structure/1.0" ident="content" module="tagdocs">

<gloss>schema declaration</gloss><gloss xml:lang="zh-tw" notBefore="2007-05-02">模型宣告</gloss>
<desc>contains the text of a declaration for the schema
documented.</desc><desc xml:lang="zh-tw" notBefore="2007-05-02">包含所記錄之模型的宣告文字。</desc>
  
  

  
</elementSpec>
  <macroSpec ident="macro.schemapattern" module="tagdocs">
<gloss/><gloss xml:lang="zh-tw" notBefore="2007-05-02"/>
<desc>A pattern to match elements from the chosen schema language</desc><desc xml:lang="zh-tw" notBefore="2007-05-02">配合所選擇的模型語言中的元素的模式</desc>
  
  
</macroSpec>
  <elementSpec ident="attList" module="tagdocs">

<gloss/><gloss xml:lang="zh-tw" notBefore="2007-05-02"/>
<desc>contains documentation for all the attributes associated with this
  element, as a series of attDef elements.</desc><desc xml:lang="zh-tw" notBefore="2007-05-02">包含所有和此元素相關的屬性記錄，使用一連串的元素<gi>attDef</gi>。</desc>
  
  <attList>
    <attDef ident="org">
	
	<desc>specifies whether all the attributes in the list are
	  available (org="group") or only  one of them (org="choice")</desc><desc xml:lang="zh-tw" notBefore="2007-05-02">標明是否列表中的全部屬性皆可使用 (org="group") 、或是僅可使用其中一個 (org="choice")。</desc>     
      
      <valList type="closed">
        <valItem ident="group">
          
          <gloss>grouped</gloss><gloss xml:lang="zh-tw" notBefore="2007-05-02">集合使用</gloss>
        </valItem>
        <valItem ident="choice">
          
          <gloss>alternated</gloss><gloss xml:lang="zh-tw" notBefore="2007-05-02">擇一使用</gloss>
        </valItem>
      </valList>
</attDef>
</attList>

  
  
</elementSpec>
  <elementSpec ident="attDef" module="tagdocs">

<gloss>attribute definition</gloss><gloss xml:lang="zh-tw" notBefore="2007-05-02">屬性定義</gloss>
<desc>contains the definition of a single attribute.</desc><desc xml:lang="zh-tw" notBefore="2007-05-02">包含單一屬性的定義。</desc>
  
  
  <attList>
    <attDef ident="usage" usage="opt">
	
	<desc>specifies the optionality of an attribute or element.
	</desc><desc xml:lang="zh-tw" notBefore="2007-05-02">說明屬性或元素的必備性。</desc>
      
      <valList type="closed">
        <valItem ident="req">
          
          <gloss>required</gloss><gloss xml:lang="zh-tw" notBefore="2007-05-02">必須使用</gloss>
        </valItem>
        <valItem ident="mwa">
          
          <gloss>mandatory when applicable  </gloss><gloss xml:lang="zh-tw" notBefore="2007-05-02">合適的情況下必須使用 </gloss>
        </valItem>
        <valItem ident="rec">
          
          <gloss>recommended  </gloss><gloss xml:lang="zh-tw" notBefore="2007-05-02">建議使用</gloss>
        </valItem>
        <valItem ident="rwa">
          
          <gloss>recommended when applicable  </gloss><gloss xml:lang="zh-tw" notBefore="2007-05-02">合適的情況下建議使用</gloss>
        </valItem>
        <valItem ident="opt">
          
          <gloss>optional </gloss><gloss xml:lang="zh-tw" notBefore="2007-05-02">不必備</gloss>
        </valItem>
      </valList>
    </attDef>
    <attDef ident="ns" usage="opt">
	
	<gloss>namespace</gloss><gloss xml:lang="zh-tw" notBefore="2007-05-02">名稱空間</gloss>
      <desc>specifies the namespace to which this attribute belongs</desc><desc xml:lang="zh-tw" notBefore="2007-05-02">指明該屬性所屬的名稱空間。</desc>
	
	
    </attDef>
  </attList>
  
  
</elementSpec>
  <elementSpec ident="attRef" module="tagdocs">

    <gloss>attribute pointer</gloss><gloss xml:lang="zh-tw" notBefore="2007-05-02">屬性指標</gloss>
    <desc>points to the definition of an attribute or group of attributes.</desc><desc xml:lang="zh-tw" notBefore="2007-05-02">連結到屬性或屬性群組的定義。</desc>
  
  <attList>
    <attDef ident="name" usage="req">
      <desc>the name of the pattern defining the attribute(s)</desc><desc xml:lang="zh-tw" notBefore="2007-05-02">定義該屬性的模式名稱</desc>
      
    </attDef>
  </attList>
  
</elementSpec>
  <elementSpec xmlns:rng="http://relaxng.org/ns/structure/1.0" ident="datatype" module="tagdocs">
  
  <gloss/><gloss xml:lang="zh-tw" notBefore="2007-05-02"/>
  <desc>specifies the declared value for an attribute, by referring to
    any datatype defined by the chosen schema language.</desc><desc xml:lang="zh-tw" notBefore="2007-05-02">指明屬性的公開屬性值，參照到任何所選擇的模型語言所定義的資料類型。</desc>
  
  
  
  <attList>
    <attDef ident="minOccurs">
      <gloss>minimum number of occurences</gloss><gloss xml:lang="zh-tw" notBefore="2007-05-02">出現次數最小值</gloss>
      <desc>indicates the minimum number of times this datatype may
        occur in the specification of the attribute being defined</desc><desc xml:lang="zh-tw" notBefore="2007-05-02">指出該資料類型在所定義的屬性說明中可能出現的最少次數
          。</desc>
      
      
    </attDef>
    <attDef ident="maxOccurs">
      <gloss>maximum number of occurences</gloss><gloss xml:lang="zh-tw" notBefore="2007-05-02">出現次數最大值</gloss>
      <desc>indicates the maximum number of times this datatype may
        occur in the specification of the attribute being defined</desc><desc xml:lang="zh-tw" notBefore="2007-05-02">指出該資料類型在所定義的屬性說明中可能出現的最多次數。</desc>
      
      
    </attDef>
  </attList>
  
  
  
  
  
</elementSpec>
  <elementSpec ident="defaultVal" module="tagdocs">

<gloss/><gloss xml:lang="zh-tw" notBefore="2007-05-02"/>
<desc>specifies the default declared value for an attribute.</desc><desc xml:lang="zh-tw" notBefore="2007-05-02">標明屬性的預設宣告值。</desc>
  
  
  
  
</elementSpec>
  <elementSpec ident="valDesc" module="tagdocs">

<gloss>value description</gloss><gloss xml:lang="zh-tw" notBefore="2007-05-02">屬性值描述</gloss>
<desc>specifies any semantic or syntactic constraint on the value that
an attribute may take, additional to the information carried by the
datatype element.</desc><desc xml:lang="zh-tw" notBefore="2007-05-02">除了元素<gi>datatype</gi>所帶有的資訊之外，說明屬性可使用的屬性值在字義或語法上的限制。</desc>
  
  <attList>
    <attDef ident="mode" usage="opt">
	
      <desc>specifies the effect of this declaration on its parent module.</desc><desc xml:lang="zh-tw" notBefore="2007-05-02">標明該宣告在其來源模組中的作用。</desc>
      
      <valList type="closed">
	<valItem ident="add">
	  <gloss>this declaration is added to the current definitions</gloss><gloss xml:lang="zh-tw" notBefore="2007-05-02">該宣告添加在現有定義中</gloss>
	</valItem>
	<valItem ident="delete">
	  <gloss>this declaration and all of its children are removed from the current setup</gloss><gloss xml:lang="zh-tw" notBefore="2007-05-02">該宣告以及所有子宣告從現有的設定中被移除。</gloss>
	</valItem>
	<valItem ident="change">
         <gloss>this declaration changes the declaration of the same
	 name in the current definition</gloss><gloss xml:lang="zh-tw" notBefore="2007-05-02">該宣告改變在現有定義中名稱相同的宣告。</gloss>
      </valItem>
      <valItem ident="replace">
	<gloss>this declaration replaces the declaration of the same
	  name in the current definition</gloss><gloss xml:lang="zh-tw" notBefore="2007-05-02">該宣告代替在現有定義中名稱相同的宣告</gloss>
      </valItem>
      </valList>
    </attDef>
  </attList>
  
  
  
</elementSpec>
  <elementSpec ident="valItem" module="tagdocs">

<gloss>value definition</gloss><gloss xml:lang="zh-tw" notBefore="2007-05-02">屬性值定義</gloss>
<desc>contains a single value and gloss  pair for an attribute.</desc><desc xml:lang="zh-tw" notBefore="2007-05-02">包含單一屬性的一個屬性值及註解對。</desc>
  
  
  
  
</elementSpec>
  <elementSpec ident="valList" module="tagdocs">

<gloss>value list</gloss><gloss xml:lang="zh-tw" notBefore="2007-05-02">屬性值列表</gloss>
<desc>contains one or more <gi>valItem</gi> elements defining possible
  values for an attribute.</desc><desc xml:lang="zh-tw" notBefore="2007-05-02">包含一個或多個元素<gi>valItem</gi>，以定義一個屬性可使用的屬性值。</desc>
  
  <attList>
    <attDef ident="mode" usage="opt">
	
	<desc>specifies the effect of this declaration on its parent
	  module.</desc><desc xml:lang="zh-tw" notBefore="2007-05-02">標明該宣告在其來源模組中的作用。</desc>
      
      <valList type="closed">
	<valItem ident="add">
	  <gloss>this declaration is added to the current definitions</gloss><gloss xml:lang="zh-tw" notBefore="2007-05-02">該宣告添加在現有定義中</gloss>
	</valItem>
	<valItem ident="delete">
	  <gloss>this declaration and all of its children are removed from the current setup</gloss><gloss xml:lang="zh-tw" notBefore="2007-05-02">該宣告以及所有子宣告從現有的設定中被移除</gloss>
	</valItem>
	<valItem ident="change">
         <gloss>this declaration changes the declaration of the same
           name in the current definition</gloss><gloss xml:lang="zh-tw" notBefore="2007-05-02">該宣告改變在現有定義中名稱相同的宣告</gloss>
      </valItem>
      <valItem ident="replace">
	<gloss>this declaration replaces the declaration of the same
	  name in the current definition</gloss><gloss xml:lang="zh-tw" notBefore="2007-05-02">該宣告代替在現有定義中名稱相同的宣告</gloss>
      </valItem>
      </valList>
    </attDef>
    <attDef ident="type" usage="opt">
      
      <desc>specifies the extensibility of the list of attribute values
      specified.
      </desc><desc xml:lang="zh-tw" notBefore="2007-05-02">標明該屬性值列表的延展性。</desc>
      
      <valList type="closed">
	<valItem ident="closed">
	  
	  <gloss>only the values specified are permitted.</gloss><gloss xml:lang="zh-tw" notBefore="2007-05-02">僅允許標明的屬性值。</gloss>
	</valItem>
	<valItem ident="semi">
	  
          <gloss>all the values specified should be supported, but
	  other values are legal and software should have appropriate
	  fallback processing for them.
          </gloss><gloss xml:lang="zh-tw" notBefore="2007-05-02">所有標明的屬性值應該維持有效；但其他屬性值亦為合法，且所使用的軟體對於它們應該具有適當的後備處理程序。</gloss>
	</valItem>
	<valItem ident="open">
	  
          <gloss>the values specified are sample values only.</gloss><gloss xml:lang="zh-tw" notBefore="2007-05-02">所標明的屬性值僅為樣本屬性值。</gloss>
        </valItem>
      </valList>
    </attDef>
  </attList>
  
  
</elementSpec>
  <classSpec ident="att.identified" module="tagdocs" type="atts">
    <desc>elements which can be referenced by means of a <att>key</att> attribute</desc><desc xml:lang="zh-tw" notBefore="2007-05-02">可利用屬性<att>key</att>來參照的元素</desc>
  <attList xmlns:rng="http://relaxng.org/ns/structure/1.0">
    <attDef ident="ident" usage="req">
	
	<desc>Supplies the identifier by which this element is referenced.</desc><desc xml:lang="zh-tw" notBefore="2007-05-02">提供被參照的元素的識別符號。</desc>
      
      <valDesc>an XML name</valDesc><valDesc xml:lang="zh-tw" notBefore="2007-05-02">一個XML名稱</valDesc>
    </attDef>
    <attDef ident="depend" usage="opt">
	
	<desc>The name of a module on which this object depends.</desc><desc xml:lang="zh-tw" notBefore="2007-05-02">該元素所依賴的模組名稱。</desc>
      
    </attDef>
    <attDef ident="predeclare" usage="opt">
	
	<desc>Says whether the class should be treated as global, and so
      needs predefining in the core.</desc><desc xml:lang="zh-tw" notBefore="2007-05-02">說明該元素集是否為全域元素集，並必須在核心中宣告。</desc>
      
    </attDef>
    <attDef ident="module" usage="opt">
	
	<desc>Supplies the name of the module in which this object is to
      be defined.</desc><desc xml:lang="zh-tw" notBefore="2007-05-02">提供定義該元素的模組名稱。</desc>      
      
      <valDesc>a name of module</valDesc><valDesc xml:lang="zh-tw" notBefore="2007-05-02">模組名稱</valDesc>
    </attDef>
    <attDef ident="mode" usage="opt">
	
	<desc>specifies the effect of this declaration on its parent
	  module.</desc><desc xml:lang="zh-tw" notBefore="2007-05-02">標明該宣告在其來源模組中的作用。</desc>
      
      <valList type="closed">
      <valItem ident="add">
        <gloss>this declaration is added to the current definitions</gloss><gloss xml:lang="zh-tw" notBefore="2007-05-02">該宣告添加在現有定義中</gloss>
      </valItem>
      <valItem ident="delete">
        <gloss>this declaration and all of its children are removed from the current setup</gloss><gloss xml:lang="zh-tw" notBefore="2007-05-02">該宣告以及所有子宣告從現有的設定中被移除</gloss>
      </valItem>
      <valItem ident="change">
         <gloss>this declaration changes the declaration of the same
           name in the current definition</gloss><gloss xml:lang="zh-tw" notBefore="2007-05-02">該宣告改變在現有定義中名稱相同的宣告。</gloss>
      </valItem>
      <valItem ident="replace">
         <gloss>this declaration replaces the declaration of the same
           name in the current definition</gloss><gloss xml:lang="zh-tw" notBefore="2007-05-02">該宣告代替在現有定義中名稱相同的宣告</gloss>
      </valItem>
</valList>
    </attDef>
</attList>
  
</classSpec>
</moduleSpec>
