<moduleSpec xmlns="http://www.tei-c.org/ns/1.0" ident="tei">
  <macroSpec xmlns:rng="http://relaxng.org/ns/structure/1.0" ident="data.certainty" module="tei">
<gloss/><gloss xml:lang="zh-tw" notBefore="2007-05-02"/>
<desc>defines the range of attribute values expressing a degree of certainty</desc><desc xml:lang="zh-tw" notBefore="2007-05-02">定義表示正確度的屬性值範圍</desc>


</macroSpec>
  <macroSpec xmlns:rng="http://relaxng.org/ns/structure/1.0" ident="data.probability" module="tei">
<gloss/><gloss xml:lang="zh-tw" notBefore="2007-05-02"/>
    <desc>defines the range of attribute values expressing a probability</desc><desc xml:lang="zh-tw" notBefore="2007-05-02">定義表示可能性的屬性值範圍
    </desc>


</macroSpec>
  <macroSpec xmlns:rng="http://relaxng.org/ns/structure/1.0" ident="data.numeric" module="tei">
<gloss/><gloss xml:lang="zh-tw" notBefore="2007-05-02"/>
    <desc>defines the range of attribute values used for numeric values</desc><desc xml:lang="zh-tw" notBefore="2007-05-02">定義用於數值的屬性值範圍
    </desc>


</macroSpec>
  <macroSpec xmlns:rng="http://relaxng.org/ns/structure/1.0" ident="data.count" module="tei">
<gloss/><gloss xml:lang="zh-tw" notBefore="2007-05-02"/>
<desc>defines the range of attribute values used for a non-negative
  integer value used as a count</desc><desc xml:lang="zh-tw" notBefore="2007-05-02">定義的屬性值範圍，用於作為總數的非負整數值
    
  </desc>


</macroSpec>
  <macroSpec xmlns:rng="http://relaxng.org/ns/structure/1.0" ident="data.temporal.w3c" module="tei">
  <gloss/><gloss xml:lang="zh-tw" notBefore="2007-05-02"/>
  <desc>defines the range of attribute values expressing a temporal
  expression such as a date, a time, or a combination of them, that
  conform to the W3C <title>XML Schema Part 2: Datatypes</title>
    specification. </desc><desc xml:lang="zh-tw" notBefore="2007-05-02">定義表示時間的屬性值範圍，如日期、時間或兩者的結合，依照W3C<title>XML Schema Part 2: Datatypes</title>specification標準所定義。</desc>
  
  
</macroSpec>
  <macroSpec xmlns:rng="http://relaxng.org/ns/structure/1.0" ident="data.duration.w3c" module="tei">
    <desc>defines the range of attribute values available for representation of a duration in time using W3C datatypes</desc><desc xml:lang="zh-tw" notBefore="2007-05-02">以W3C datatypes標準格式來定義表示一段持續性時間的屬性值範圍
    </desc>
  
  
  
  
  
  
</macroSpec>
  <macroSpec xmlns:rng="http://relaxng.org/ns/structure/1.0" ident="data.truthValue" module="tei">
<gloss/><gloss xml:lang="zh-tw" notBefore="2007-05-02"/>
<desc>defines the range of attribute values used to express a truth
  value</desc><desc xml:lang="zh-tw" notBefore="2007-05-02">定義的屬性值範圍表示一個可能未知的真實值</desc>


</macroSpec>
  <macroSpec xmlns:rng="http://relaxng.org/ns/structure/1.0" ident="data.xTruthValue" module="tei">
<gloss/><gloss xml:lang="zh-tw" notBefore="2007-05-02"/>
<desc>defines the range of attribute values used to express a truth
  value which may be unknown</desc><desc xml:lang="zh-tw" notBefore="2007-05-02">定義的屬性值範圍表示一個可能未知的真實值
  </desc>


</macroSpec>
  <macroSpec ident="data.language" module="tei">
<desc>defines the range of attribute values used to identify a
  particular combination of human language and writing system</desc><desc xml:lang="zh-tw" notBefore="2007-05-02">定義的屬性值範圍標明人類語言與寫作系統的特殊結合</desc>
  
  
</macroSpec>
  <macroSpec xmlns:rng="http://relaxng.org/ns/structure/1.0" ident="data.sex" module="tei">
<gloss/><gloss xml:lang="zh-tw" notBefore="2007-05-02"/>
<desc>defines the range of attribute values used to identify human or
  animal sex</desc><desc xml:lang="zh-tw" notBefore="2007-05-02">定義的屬性值範圍用以識別人類或動物的性別
  </desc>


</macroSpec>
  <macroSpec xmlns:rng="http://relaxng.org/ns/structure/1.0" ident="data.namespace" module="tei">
  <gloss>an XML namespace</gloss><gloss xml:lang="zh-tw" notBefore="2007-05-02">XML名稱空間</gloss>
  <desc>defines the range of attribute values used to indicate XML namespaces as defined by the W3C 
    <ref target="http://www.w3.org/TR/1999/REC-xml-names-19990114">Namespaces in XML</ref> technical recommendation</desc><desc xml:lang="zh-tw" notBefore="2007-05-02">定義的屬性值範圍指出XML名稱空間，由XML technical recommendation中的W3C名稱空間所定義。 
    </desc>
  
  
</macroSpec>
  <macroSpec xmlns:rng="http://relaxng.org/ns/structure/1.0" ident="data.outputMeasurement" module="tei">
  <gloss>HTML dimension</gloss><gloss xml:lang="zh-tw" notBefore="2007-05-02">HTML大小範圍</gloss>
  <desc>defines a range of values for use in specifying the size of an
  object that is intended for display on the web</desc><desc xml:lang="zh-tw" notBefore="2007-05-02">定義的屬性值範圍說明預定呈現在網路上之物件大小</desc>
  
  
</macroSpec>
  <macroSpec xmlns:rng="http://relaxng.org/ns/structure/1.0" ident="data.pattern" module="tei">
  <desc>defines a range of attribute values expressed as a regular expression</desc><desc xml:lang="zh-tw" notBefore="2007-05-02">定義的屬性值範圍以固定方法表示</desc>
  
  
</macroSpec>
  <macroSpec xmlns:rng="http://relaxng.org/ns/structure/1.0" ident="data.pointer" module="tei">
<gloss/><gloss xml:lang="zh-tw" notBefore="2007-05-02"/>
<desc>defines the range of attribute values used to provide a single pointer to any other
resource, either within the current document or elsewhere</desc><desc xml:lang="zh-tw" notBefore="2007-05-02">定義的屬性值範圍提供單一指標，連結到其他位於目前文件或他處的資源</desc>


</macroSpec>
  <macroSpec xmlns:rng="http://relaxng.org/ns/structure/1.0" ident="data.key" module="tei">
<desc>defines the range of attribute values expressing a coded value
by means of an arbitrary identifier, typically taken from a set of
externally-defined possibilities</desc><desc xml:lang="zh-tw" notBefore="2007-05-02">定義的屬性值範圍以隨機識別碼來表示一個編碼值，該識別碼通常來自一組外部定義的可能性</desc>
  
  
</macroSpec>
  <macroSpec xmlns:rng="http://relaxng.org/ns/structure/1.0" ident="data.word" module="tei">
  <gloss/><gloss xml:lang="zh-tw" notBefore="2007-05-02"/>
  <desc>defines the range of attribute values expressed as a single
  word or token</desc><desc xml:lang="zh-tw" notBefore="2007-05-02">定義的屬性值範圍表示一個單字或代號</desc>
  
  
</macroSpec>
  <macroSpec xmlns:rng="http://relaxng.org/ns/structure/1.0" ident="data.code" module="tei">
<gloss/><gloss xml:lang="zh-tw" notBefore="2007-05-02"/>
<desc>defines the range of attribute values expressing a coded value
by means of  a pointer to some other element which contains a
definition for it.</desc><desc xml:lang="zh-tw" notBefore="2007-05-02">定義的屬性值範圍表示一個編碼值，以指標指向其他包含該編碼值的元素</desc>


</macroSpec>
  <macroSpec xmlns:rng="http://relaxng.org/ns/structure/1.0" ident="data.name" module="tei">
<gloss/><gloss xml:lang="zh-tw" notBefore="2007-05-02"/>
<desc>defines the range of attribute values expressed as an XML name
  or identifier</desc><desc xml:lang="zh-tw" notBefore="2007-05-02">定義的屬性值範圍以XML名稱或識別符碼表示
  </desc>


</macroSpec>
  <macroSpec xmlns:rng="http://relaxng.org/ns/structure/1.0" ident="data.enumerated" module="tei">
  <gloss/><gloss xml:lang="zh-tw" notBefore="2007-05-02"/>
  <desc>defines the range of attribute values expressed as a single
    word or token taken from a list of documented possibilities</desc><desc xml:lang="zh-tw" notBefore="2007-05-02">定義的屬性值範圍以單字或代號呈現，該單字或代號出自於一份紀錄所有可能性的列表</desc>
  
  
</macroSpec>
  <classSpec ident="att.ascribed" type="atts" module="tei">
<desc>provides attributes for elements representing speech or action
  that can be ascribed to a specific individual.</desc><desc xml:lang="zh-tw" notBefore="2007-05-02">提供的元素屬性代表言詞或行為，可出自某一特定個人。</desc>
<attList>
    <attDef ident="who">
	
	<desc>indicates the person, or group of
	  people, to whom the element content is ascribed.</desc><desc xml:lang="zh-tw" notBefore="2007-05-02">指出該元素內容所歸屬的個人或團體。</desc>
      
      <valDesc>For transcribed speech, this will typically identify  a
      participant or participant group; in other contexts, it will
      point to any identified <gi>person</gi> element.</valDesc><valDesc xml:lang="zh-tw" notBefore="2007-05-02">若為轉錄的言詞，通常會標明一位參與者或參與團體；其他情形，則將指向任何標明的元素<gi>person</gi>。</valDesc>
    </attDef>
</attList>
  
  
</classSpec>
  <classSpec ident="att.authorialIntervention" type="atts" module="tei">
    <desc>provides attributes describing the nature of an authorial intervention.</desc><desc xml:lang="zh-tw" notBefore="2007-05-02">提供屬性，描述作者對內文所作的更動。</desc>
  <attList>
    
    <attDef ident="hand" usage="opt">
      <desc>signifies the hand of the agent which made the addition or
        performed the deletion.</desc><desc xml:lang="zh-tw" notBefore="2007-05-02">指出該插入或刪除的執行者。</desc>
      
      <valDesc>must refer to a <gi>hand</gi> element, typically
        declared in the document header (see section <ptr target="#PHDH"/>).</valDesc><valDesc xml:lang="zh-tw" notBefore="2007-05-02">必須參照到文件標頭裡所宣告的一個元素<gi>hand</gi> (見章節<ptr target="#PHDH"/>)  。</valDesc>
    </attDef>
    
    <attDef ident="status" usage="opt">
      <desc>may be used to indicate faulty deletions, e.g. strikeouts
      which include too much or too little text, or erroneous
      additions, e.g., an insertion which duplicates some of the text
      already present.</desc><desc xml:lang="zh-tw" notBefore="2007-05-02">指出錯誤的刪除，例如刪除過多或過少文字；或錯誤的插入，例如插入內容與文件現有的內容重複。</desc>
      
      

      <valList type="open">
	<valItem ident="duplicate">
	  <desc>all of the text indicated as an addition duplicates
	  some text that is in the original, whether the duplication
	  is word-for-word or less exact.</desc><desc xml:lang="zh-tw" notBefore="2007-05-02">所有的插入內容與原文件的部分內容重複，無論為逐字重複或非逐字重複。</desc>
	</valItem>
	<valItem ident="duplicate-partial">
	  <desc>part of the text indicated as an addition duplicates
	    some text that is in the original</desc><desc xml:lang="zh-tw" notBefore="2007-05-02">部分的插入內容與原文件的部分內容重複</desc>
	</valItem>
        <valItem ident="excessStart">
          <desc>some text at the beginning of the deletion is marked
          as deleted even though it clearly should not be
          deleted.</desc><desc xml:lang="zh-tw" notBefore="2007-05-02">刪除處的部分起始文字標記為刪除，但顯然不應該刪除。</desc>
        </valItem>
        <valItem ident="excessEnd">
          <desc>some text at the end of the deletion is marked as
          deleted even though it clearly should not be
          deleted.</desc><desc xml:lang="zh-tw" notBefore="2007-05-02">刪除處的部分結尾文字標記為刪除，但顯然不應該刪除。</desc>
        </valItem>
        <valItem ident="shortStart">
          <desc>some text at the beginning of the deletion is not
            marked as deleted even though it clearly should be.</desc><desc xml:lang="zh-tw" notBefore="2007-05-02">刪除處的部分起始內容未標記為刪除，但顯然應該刪除。</desc>
        </valItem>
        <valItem ident="shortEnd">
          <desc>some text at the end of the deletion is not marked as
            deleted even though it clearly should be.</desc><desc xml:lang="zh-tw" notBefore="2007-05-02">刪除處的部分結尾內容未標記為刪除，但顯然應該刪除。</desc>
        </valItem>
        <valItem ident="unremarkable">
          <desc>the deletion is not faulty.</desc><desc xml:lang="zh-tw" notBefore="2007-05-02">該刪除是正確的。</desc>
        </valItem>
      </valList>
      
      
    </attDef>
    
    <attDef ident="type" usage="opt">
      <desc>classifies the type of addition or deletion using any convenient typology.</desc><desc xml:lang="zh-tw" notBefore="2007-05-02">用合適的分類方法將該插入或刪除分類。</desc>
      
      <valDesc>a string identifying the class of addition or deletion.</valDesc><valDesc xml:lang="zh-tw" notBefore="2007-05-02">一字串，標明插入或刪除的種類。</valDesc>
      
    </attDef>
  </attList>
  
</classSpec>
  <classSpec ident="att.datable.w3c" module="tei" type="atts">
    <desc>provides attributes for normalization of elements that contain datable events using the W3C datatypes.</desc><desc xml:lang="zh-tw" notBefore="2007-05-02">提供用於元素規格化的屬性，這些元素包含以W3C datatypes所定義的日期明確之事件。
    </desc>
  <attList>
    <attDef ident="notBefore" usage="opt">
	
	<desc>specifies the earliest possible date for the event in
	  standard form, e.g. yyyy-mm-dd.</desc><desc xml:lang="zh-tw" notBefore="2007-05-02">以標準格式說明該事件可能發生的最早日期，例如年-月-日。</desc>
	
      <valDesc>A normalized form of temporal expression conforming to the W3C
        <title>XML Schema Part 2: Datatypes Second Edition</title>.</valDesc><valDesc xml:lang="zh-tw" notBefore="2007-05-02">時間的正規格式，該格式符合W3C
          <title>XML Schema Part 2: Datatypes Second Edition</title>。</valDesc>
    </attDef>
    <attDef ident="notAfter" usage="opt">
	
	<desc>specifies the latest possible date for the event in
	  standard form, e.g. yyyy-mm-dd.</desc><desc xml:lang="zh-tw" notBefore="2007-05-02">以標準形式標明該事件可能的最晚日期，例如年-月-日。</desc>
	
      <valDesc>A normalized form of temporal expression conforming to the W3C
        <title>XML Schema Part 2: Datatypes Second Edition</title>.</valDesc><valDesc xml:lang="zh-tw" notBefore="2007-05-02">時間的正規格式，該格式符合W3C
          <title>XML Schema Part 2: Datatypes Second Edition</title>。</valDesc>
    </attDef>
    <attDef ident="from" usage="opt">
	
      <desc>indicates the starting point of the period in standard form.</desc><desc xml:lang="zh-tw" notBefore="2007-05-02">以標準格式表示該段時間的起始點。</desc>
      
      <valDesc>A normalized form of temporal expression conforming to the W3C
        <title>XML Schema Part 2: Datatypes Second Edition</title>.</valDesc><valDesc xml:lang="zh-tw" notBefore="2007-05-02">時間的正規格式，該格式符合W3C
          <title>XML Schema Part 2: Datatypes Second Edition</title>。</valDesc>
    </attDef>
    <attDef ident="to" usage="opt">
	
      <desc>indicates the ending point of the period in standard form.</desc><desc xml:lang="zh-tw" notBefore="2007-05-02">以標準格式表示該段時間的結束點。</desc>
      
      <valDesc>A normalized form of temporal expression conforming to the W3C
        <title>XML Schema Part 2: Datatypes Second Edition</title>.</valDesc><valDesc xml:lang="zh-tw" notBefore="2007-05-02">時間的正規格式，該格式符合W3C
          <title>XML Schema Part 2: Datatypes Second Edition</title>。</valDesc>
    </attDef>
</attList>
</classSpec>
  <classSpec ident="att.datable" type="atts" module="tei">
    <desc>provides attributes for normalization of elements that contain datable events.</desc><desc xml:lang="zh-tw" notBefore="2007-05-02">提供用於元素規格化的屬性，這些元素包含日期明確的事件。</desc>
  
  
</classSpec>
  <classSpec ident="att.dateTime.w3c" module="tei" type="atts">
    <desc>attributes for recording normalized temporal expressions</desc><desc xml:lang="zh-tw" notBefore="2007-05-02">用於紀錄時間規格化的屬性</desc>
  <attList xmlns:rng="http://relaxng.org/n時間s/structure/1.0">
    <attDef ident="value" usage="opt">
      <desc>supplies the value of a date or time in a standard form.</desc><desc xml:lang="zh-tw" notBefore="2007-05-02">以標準格式表示日期或時間值。</desc>
      
      
      <valDesc>Any string representing a valid date, time, or one of a variety of combinations.</valDesc><valDesc xml:lang="zh-tw" notBefore="2007-05-02">任何代表有效日期、時間或多種組合之一的字串。</valDesc>
      
      
      
      
    </attDef>
  </attList>
  
  
</classSpec>
  <classSpec ident="att.dateTime" type="atts" module="tei">
    <desc>attributes for recording normalized temporal expressions</desc><desc xml:lang="zh-tw" notBefore="2007-05-02">用於紀錄時間規格化的屬性</desc>
  
  
</classSpec>
  <classSpec ident="att.declarable" type="atts" module="tei">
    <desc>provides attributes for those elements in the TEI Header which may be independently selected by means of  the specialpurpose <att>decls</att> attribute.</desc><desc xml:lang="zh-tw" notBefore="2007-05-02">提供屬性，用於TEI標頭內可單獨以特殊目的的屬性<att>decls</att>選出的元素。</desc>
  <attList>
    <attDef ident="default" usage="mwa">
	
	<desc>indicates whether or not this element is selected by default when
	  its parent is selected.</desc><desc xml:lang="zh-tw" notBefore="2007-05-02">當父元素被選擇時，指出此元素是否會被選擇。</desc>
      
      
      <valList type="closed">
        <valItem ident="true">
          
          <gloss>This element is selected if its parent is selected</gloss><gloss xml:lang="zh-tw" notBefore="2007-05-02">若父元素被選擇，則此元素會被選擇。</gloss>
        </valItem>
        <valItem ident="false">
          
          <gloss>This element can only be selected explicitly, unless it is the
            only one of its kind, in which case it is selected if its parent is selected.</gloss><gloss xml:lang="zh-tw" notBefore="2007-05-02">此元素僅能被明確選擇，若此元素為其類別中之唯一，則父元素被選擇時，此元素會被選擇。</gloss>
        </valItem>
      </valList>
    </attDef>
  </attList>
  
  
</classSpec>
  <classSpec ident="att.declaring" type="atts" module="tei">
    <desc>provides attributes for elements which may be independently associated with a particular declarable element within the header, thus overriding the inherited default for that element.</desc><desc xml:lang="zh-tw" notBefore="2007-05-02">提供元素屬性，這些元素可單獨與標頭中一特定可宣告元素相關連，因此超越該特定元素本身的預設值。
    </desc>
  <attList>
    <attDef ident="decls" usage="mwa">
	
	<desc>identifies one or more <term>declarable elements</term> within the
header, which are understood to apply to the element bearing this
attribute and its content.</desc><desc xml:lang="zh-tw" notBefore="2007-05-02">指明標頭內一個或多個可宣告元素，可應用於帶有此屬性與內容的元素上。</desc>
      
      <valDesc>must identify a set of declarable elements of different
        types. </valDesc><valDesc xml:lang="zh-tw" notBefore="2007-05-02">標明一組不同類型的可宣告元素。</valDesc>
    </attDef>
  </attList>
  
  
</classSpec>
  <classSpec ident="att.divLike" type="atts" module="tei">
    <desc>provides a set of attributes common to all elements which behave in the same way as divisions.</desc><desc xml:lang="zh-tw" notBefore="2007-05-02">提供一組屬性，通用於所有與區段作用相
      同的元素。</desc>
  
  <attList>
    <attDef ident="type" usage="rec">
	
	<desc>specifies a name conventionally used for this level of
		subdivision, e.g. <q>act</q>, <q>volume</q>, <q>book</q>,
	  <q>section</q>, <q>canto</q>, etc.</desc><desc xml:lang="zh-tw" notBefore="2007-05-02">此分段層次常用的名稱，例如<q>幕</q>、<q>冊</q>、<q>書</q>、<q>段落</q>、<q>詩篇</q>等。 </desc>
      
      <valDesc>any string of characters</valDesc><valDesc xml:lang="zh-tw" notBefore="2007-05-02"> 任何字串</valDesc>
    </attDef>
    <attDef ident="org" usage="opt">
	
      <desc>specifies how the content of the division is organized.</desc><desc xml:lang="zh-tw" notBefore="2007-05-02">說明該區段內容的組合方式。</desc>
      
      <valList type="closed">
        <valItem ident="composite">
          
          <gloss>composite content: i.e. no claim is made about the
		  sequence in which the immediate contents of this division
		  are to be processed, or their inter-relationships.</gloss><gloss xml:lang="zh-tw" notBefore="2007-05-02">複合內容：未說明此區段目前內容的處理順序或相互關係。</gloss>
        </valItem>
        <valItem ident="uniform">
          
          <gloss>uniform content: i.e. the immediate contents of this
		  element are regarded as forming a logical unit, to be
		  processed in sequence.</gloss><gloss xml:lang="zh-tw" notBefore="2007-05-02">一致內容：此區段目前的內容形成一個邏輯單位，且會依序處理。</gloss>
        </valItem>
      </valList>
    </attDef>
    <attDef ident="sample" usage="opt">
	
	<desc>indicates whether this division is a sample of the
	  original source and if so, from which part.</desc><desc xml:lang="zh-tw" notBefore="2007-05-02">指出此區段是否為來源文件的樣本，若為樣本，則說明出自哪一部分。</desc>
      
      <valList type="closed">
        <valItem ident="initial">
          
          <gloss>division lacks material present at end in source.</gloss><gloss xml:lang="zh-tw" notBefore="2007-05-02">區段的末端無資料</gloss>
        </valItem>
        <valItem ident="medial">
          
          <gloss>division lacks material at start and end.</gloss><gloss xml:lang="zh-tw" notBefore="2007-05-02">區段的起始與末端無資料</gloss>
        </valItem>
        <valItem ident="final">
          
          <gloss>division lacks material at start.</gloss><gloss xml:lang="zh-tw" notBefore="2007-05-02">區段的起始部分無資料</gloss>
        </valItem>
        <valItem ident="unknown">
          
          <gloss>position of sampled material within original unknown.</gloss><gloss xml:lang="zh-tw" notBefore="2007-05-02">來源文件中的樣本資料位置不明</gloss>
        </valItem>
        <valItem ident="complete">
          
          <gloss>division is not a sample.</gloss><gloss xml:lang="zh-tw" notBefore="2007-05-02">區段非樣本</gloss>
        </valItem>
      </valList>
      
    </attDef>

    <attDef ident="part" usage="mwa">
	
	<desc>specifies whether or not the division is fragmented by
		some other structural element, for example a speech which is
		divided between two or more verse stanzas.</desc><desc xml:lang="zh-tw" notBefore="2007-05-02">說明該區段是否被其他結構性元素切割，例如一段話語被兩個或多個詩節分開。</desc>
      
      <valList type="closed">
        <valItem ident="Y">
          
          <gloss>the division is incomplete in some respect</gloss><gloss xml:lang="zh-tw" notBefore="2007-05-02">該區段某些方面不完整</gloss>
        </valItem>
        <valItem ident="N">
          
          <gloss>either the division is complete, or no claim is made as to its completeness.</gloss><gloss xml:lang="zh-tw" notBefore="2007-05-02">該區段完整，或者未說明其完整性。</gloss>
        </valItem>
        <valItem ident="I">
          
          <gloss>the initial part of an incomplete division</gloss><gloss xml:lang="zh-tw" notBefore="2007-05-02">不完整區段的起始部分</gloss>
        </valItem>
        <valItem ident="M">
          
          <gloss>a medial part of an incomplete division</gloss><gloss xml:lang="zh-tw" notBefore="2007-05-02">不完整區段的中段部分</gloss>
        </valItem>
        <valItem ident="F">
          
          <gloss>the final part of an incomplete division</gloss><gloss xml:lang="zh-tw" notBefore="2007-05-02">不完整區段的末端部分 </gloss>
        </valItem>
      </valList>
      
    </attDef>
  </attList>
  
</classSpec>
  <classSpec ident="att.duration.w3c" module="tei" type="atts">
  <desc>attributes for recording normalized temporal durations</desc><desc xml:lang="zh-tw" notBefore="2007-05-02">用於記錄時間長度規格化的屬性</desc>
  <attList xmlns:rng="http://relaxng.org/ns/structure/1.0">
    <attDef ident="dur" usage="opt">
      <gloss>duration</gloss><gloss xml:lang="zh-tw" notBefore="2007-05-02">時間長度</gloss>
      <desc>indicates the length of this element in time.</desc><desc xml:lang="zh-tw" notBefore="2007-05-02">指明此元素的時間長度。
      </desc>
      
    </attDef>
  </attList>
  
  
</classSpec>
  <classSpec ident="att.duration" type="atts" module="tei">
  
    <desc>provides attributes for normalization of elements that contain datable events.</desc><desc xml:lang="zh-tw" notBefore="2007-05-02">提供用於元素規格化的屬性，這些元素包含日期明確的事件。</desc>
  
  
</classSpec>
  <classSpec ident="att.editLike" type="atts" module="tei">
    <desc>provides attributes describing the nature of a encoded scholarly intervention or interpretation of any kind.</desc><desc xml:lang="zh-tw" notBefore="2007-05-02">提供屬性，描述任何已標記的學者更正或詮釋的性質。</desc>
<attList>
    <attDef ident="cert" usage="opt">
	
	<desc>signifies the degree of certainty associated with the
	  intervention or interpretation.</desc><desc xml:lang="zh-tw" notBefore="2007-05-02">表示該更動或詮釋的相關正確度。</desc>
      
    </attDef>
    <attDef ident="resp" usage="opt">
	
	<desc>indicates the agency responsible for the
	  intervention or interpretation, for example an editor or transcriber.</desc><desc xml:lang="zh-tw" notBefore="2007-05-02">指出負責該更動或詮釋的代理者，例如編輯或轉錄者。</desc>
      
      <valDesc>A pointer to an element in the document header that is
      associated with a person asserted as responsible for some aspect
      of the text's creation, transcription, editing, or encoding.</valDesc><valDesc xml:lang="zh-tw" notBefore="2007-05-02">一個指標連結到文件標頭裡的元素，表示一位在文件建立、轉錄、編輯、或編碼等某方面的負責人。</valDesc>
    </attDef>
    <attDef ident="evidence" usage="opt">
	
	<desc>indicates the nature of the evidence supporting the reliability or
	  accuracy of the intervention or interpretation.</desc><desc xml:lang="zh-tw" notBefore="2007-05-02">指出支持該更動或詮釋可信度或正確性的證明</desc>
	
	<valList type="semi">
	  <valItem ident="internal">
	    
	    <desc>there is internal evidence to support the intervention.</desc><desc xml:lang="zh-tw" notBefore="2007-05-02">有內部證明得以支持</desc>
	  </valItem>
	  <valItem ident="external">
	    
	    <desc>there is external evidence to support the intervention.</desc><desc xml:lang="zh-tw" notBefore="2007-05-02">有外部證明得以支持</desc>
	  </valItem>
	  <valItem ident="conjecture">
	    
	    <desc>the intervention or interpretation has been made by
	    the editor, cataloguer, or scholar on the basis of their
	    expertise.</desc><desc xml:lang="zh-tw" notBefore="2007-05-02">編輯、編目者或學者根據自身的專業來執行該更動或詮釋。</desc>
	  </valItem>
	</valList>
      
    </attDef>
  </attList>
  
  
</classSpec>
  <classSpec ident="att.global" type="atts" module="tei">
  <desc>provides a set of attributes common to all elements in the TEI
    encoding scheme.</desc><desc xml:lang="zh-tw" notBefore="2007-05-02">提供一組屬性，通用於TEI編碼標準中的所有元素。
    </desc>
  
  <attList>
    <attDef ident="xml:space" usage="opt">
      
      <desc>signals an intention that white space should be 
        preserved by applications</desc><desc xml:lang="zh-tw" notBefore="2007-05-02">在應用上，空白鍵必須保留</desc>
      <valList type="closed">
	<valItem ident="default"/>
	<valItem ident="preserve"/>
      </valList>
      
    </attDef>
    <attDef ident="xml:id" usage="opt">
      
      <desc>provides a unique identifier for the element bearing the
        attribute.</desc><desc xml:lang="zh-tw" notBefore="2007-05-02">提供一個獨特識別符碼，識別帶有該屬性的元素。
        </desc>
      
      <valDesc>any valid XML identifier .</valDesc><valDesc xml:lang="zh-tw" notBefore="2007-05-02">任何有效的XML識別符碼</valDesc>
      
    </attDef>
    <attDef ident="n" usage="opt">
      
      <desc>gives a number (or other label) for an element, which is
        not necessarily unique within the document.</desc><desc xml:lang="zh-tw" notBefore="2007-05-02">將元素標上一個數字 (或其他標號)，該標號在文件中未必是獨特的。
        </desc>
      
      <valDesc>any string of characters; often, but not necessarily,
        numeric.</valDesc><valDesc xml:lang="zh-tw" notBefore="2007-05-02">任何字串；經常但未必是數字 </valDesc>
      
      
    </attDef>
    <attDef ident="xml:lang" usage="opt">
      
      <desc>indicates the language of the element content using the
      codes from <ref target="http://www.ietf.org/rfc/rfc3066.txt">RFC
        3066</ref></desc><desc xml:lang="zh-tw" notBefore="2007-05-02">使用<ref target="http://www.ietf.org/rfc/rfc3066.txt">RFC3066</ref>的代碼，指出該元素內容的使用語言
        </desc>
      
      <valDesc>The value must conform to RFC 3066 or its succesor. If
      the value is a private use code (i.e., starts with
      <code>x-</code>) it should, and if not it may, match the value
      of an <att>ident</att> attribute of a <gi>language</gi> element
        supplied in the TEI Header of the current document.</valDesc><valDesc xml:lang="zh-tw" notBefore="2007-05-02"> (該屬性值必須符合RFC 3066或其系列。若屬性值為私用代碼 (即以<code>x-</code>開頭)，則符合上述原則；若屬性值非私用代碼，則該值可符合目前文件中TEI標頭所提供的元素<gi>language</gi>中屬性<att>ident</att>的屬性值。) </valDesc>
      
    </attDef>
    <attDef ident="rend" usage="opt">
	
	<desc>indicates how the element in question was rendered or
	  presented in the source text.</desc><desc xml:lang="zh-tw" notBefore="2007-05-02">指出該元素如何呈現於來源文件中
	  </desc>
      
      <valDesc>any string of characters; if the typographic rendition
      of a text is to be systematically recorded, a systematic set of
      values for the <att>rend</att> attribute should be
        defined.</valDesc><valDesc xml:lang="zh-tw" notBefore="2007-05-02">任何字串；若文件的印刷呈現會作系統化的紀錄，則必須定義屬性<att>rend</att>的一組系統化屬性值。</valDesc>
      
      
    </attDef>
    <attDef ident="xml:base" usage="opt">
      
      <desc>provides a base URI reference with which applications can
      resolve relative URI references into absolute URI
      references.</desc><desc xml:lang="zh-tw" notBefore="2007-05-02">提供一個基礎統一資源識別符 (URI) 參照，可將相對統一資源識別符參照轉變為絕對統一資源識別符參照。
      
      </desc>
      
      <valDesc>any syntactically valid URI reference.</valDesc><valDesc xml:lang="zh-tw" notBefore="2007-05-02">任何語法正確的統一資源識別符參照。</valDesc>
      
      
    </attDef>
  </attList>
  
  
</classSpec>
  <classSpec ident="att.interpLike" type="atts" module="tei">
<desc>provides attributes for elements which represent a formal analysis or interpretation.</desc><desc xml:lang="zh-tw" notBefore="2007-05-02">提供元素的屬性，這些元素代表一正式分析或詮釋。</desc>
  <attList>
    <attDef ident="resp" usage="opt">
      
      <desc>indicates who is responsible for the interpretation.</desc><desc xml:lang="zh-tw" notBefore="2007-05-02">指出該詮釋的負責人。</desc>
      
      <valDesc>A pointer to an element indicating the person
      responsible for the interpretation, typically to a
        <gi>respStmt</gi> in the <gi>teiHeader</gi>.</valDesc><valDesc xml:lang="zh-tw" notBefore="2007-05-02">一個指標，連結到一個指出該詮釋負責人的元素，通常連結到元素<gi>teiHeader</gi>內的元素<gi>respStmt</gi>。</valDesc>
      
    </attDef>
    <attDef ident="type" usage="rec">
	
      <desc>indicates what kind of phenomenon is being noted in the passage.</desc><desc xml:lang="zh-tw" notBefore="2007-05-02">指出段落中所註解的現象類別。</desc>
      
      <valList type="open">
        <valItem ident="image">
          
          <gloss>identifies an image in the passage.
          </gloss><gloss xml:lang="zh-tw" notBefore="2007-05-02">標明段落中的影像。</gloss>
        </valItem>
        <valItem ident="character">
          
          <gloss>identifies a character associated with the passage.
          </gloss><gloss xml:lang="zh-tw" notBefore="2007-05-02">標明與段落相關聯的人物。</gloss>
        </valItem>
        <valItem ident="theme">
          
          <gloss>identifies a theme in the passage.
          </gloss><gloss xml:lang="zh-tw" notBefore="2007-05-02">標明段落中的主題。</gloss>
        </valItem>
        <valItem ident="allusion">
          
          <gloss>identifies an allusion to another text.
          </gloss><gloss xml:lang="zh-tw" notBefore="2007-05-02">標明另一個文本的引用。</gloss>
        </valItem>

      </valList>
    </attDef>
    <attDef ident="inst" usage="opt">
	
	<desc>points to instances of the analysis or interpretation represented
by the current element.</desc><desc xml:lang="zh-tw" notBefore="2007-05-02">連結到目前元素所代表的分析或解釋。</desc>
      
      <valDesc>One
or more valid identifiers, separated by white space.</valDesc><valDesc xml:lang="zh-tw" notBefore="2007-05-02">一個或多個有效識別符碼，以空白鍵隔開。</valDesc>
      
      
    </attDef>
  </attList>
  
</classSpec>
  <classSpec ident="att.measured" type="atts" module="tei">
    <desc>provides attributes which qualify a measurement of some kind.</desc><desc xml:lang="zh-tw" notBefore="2007-05-02">提供符合某種度量值的屬性值。
    </desc>
  <attList>
    <attDef ident="unit" usage="opt">
	
      <desc>names the units used for the measurement.</desc><desc xml:lang="zh-tw" notBefore="2007-05-02">度量單位的名稱。</desc>
	
<valList type="semi">
<valItem ident="cm"><gloss>centimetres</gloss><gloss xml:lang="zh-tw" notBefore="2007-05-02">公分</gloss></valItem>
  <valItem ident="mm"><gloss>millimetres</gloss><gloss xml:lang="zh-tw" notBefore="2007-05-02">公釐</gloss></valItem>
<valItem ident="in"><gloss>inches</gloss><gloss xml:lang="zh-tw" notBefore="2007-05-02">英吋</gloss></valItem>
</valList>
      
    </attDef>
    <attDef ident="scope" usage="opt">
	
	<desc>specifies the applicability of this measurement, where
	  more than one object is being measured.</desc><desc xml:lang="zh-tw" notBefore="2007-05-02">測量多個物件時，標明此度量的可應用範圍。</desc>
	
      <valList type="open">
        <valItem ident="all">
          
          <gloss>measurement applies to all instances.</gloss><gloss xml:lang="zh-tw" notBefore="2007-05-02">度量可應用於所有實例。</gloss>
        </valItem>
        <valItem ident="most">
          
          <gloss>measurement applies to most of the instances inspected.</gloss><gloss xml:lang="zh-tw" notBefore="2007-05-02">度量可應用於大部分實例。</gloss>
        </valItem>
        <valItem ident="range">
          
          <gloss>measurement applies to only the specified range of instances.</gloss><gloss xml:lang="zh-tw" notBefore="2007-05-02">度量僅應用於特定範圍的實例。 </gloss>
        </valItem>
</valList>
      
    </attDef>
</attList>
</classSpec>
  <classSpec ident="att.measurement" type="atts" module="tei">
  <desc>provides attributes to represent a regularized or normalized measurement.</desc><desc xml:lang="zh-tw" notBefore="2007-05-02">提供屬性，代表一般化或規格化的度量。</desc>
  <attList xmlns:rng="http://relaxng.org/ns/structure/1.0">
    <attDef ident="unit" usage="opt">
      
      <desc>indicates the units used for the measurement, usually
        using the standard symbol for the desired units.</desc><desc xml:lang="zh-tw" notBefore="2007-05-02">指出度量單位，通常以標準符號表示</desc>
      
      <valList type="semi">

        <valItem ident="m">
          <gloss>metre</gloss><gloss xml:lang="zh-tw" notBefore="2007-05-02">公尺</gloss>
          <desc>SI base unit of length</desc><desc xml:lang="zh-tw" notBefore="2007-05-02">SI基礎長度單位</desc>
        </valItem>
        <valItem ident="kg">
          <gloss>kilogram</gloss><gloss xml:lang="zh-tw" notBefore="2007-05-02">公斤</gloss>
          <desc>SI base unit of mass</desc><desc xml:lang="zh-tw" notBefore="2007-05-02">SI基礎質量單位</desc>
        </valItem>
        <valItem ident="s">
          <gloss>second</gloss><gloss xml:lang="zh-tw" notBefore="2007-05-02">秒</gloss>
          <desc>SI base unit of time</desc><desc xml:lang="zh-tw" notBefore="2007-05-02">SI基礎時間單位</desc>
        </valItem>







        <valItem ident="Hz">
          <gloss>hertz</gloss><gloss xml:lang="zh-tw" notBefore="2007-05-02">赫茲</gloss>
          <desc>SI unit of frequency</desc><desc xml:lang="zh-tw" notBefore="2007-05-02">SI頻率單位</desc>
        </valItem>

        <valItem ident="Pa">
          <gloss>pascal</gloss><gloss xml:lang="zh-tw" notBefore="2007-05-02">Pascal</gloss>
          <desc>SI unit of pressure or stress</desc><desc xml:lang="zh-tw" notBefore="2007-05-02">SI壓力單位</desc>
        </valItem>





        <valItem ident="&#x2126;">
          <gloss>ohm</gloss><gloss xml:lang="zh-tw" notBefore="2007-05-02">Ω歐姆</gloss>
          <desc>SI unit of electric resistance</desc><desc xml:lang="zh-tw" notBefore="2007-05-02">SI 電阻單位</desc>
        </valItem>

















        <valItem ident="L">
          <gloss>litre</gloss><gloss xml:lang="zh-tw" notBefore="2007-05-02">公升</gloss>
          <desc>1 dm³</desc><desc xml:lang="zh-tw" notBefore="2007-05-02">1dm³</desc>
        </valItem>
        <valItem ident="t">
          <gloss>tonne</gloss><gloss xml:lang="zh-tw" notBefore="2007-05-02">公噸</gloss>
          <desc>10³ kg</desc><desc xml:lang="zh-tw" notBefore="2007-05-02">10³ 公斤</desc>
        </valItem>






        <valItem ident="ha">
          <gloss>hectare</gloss><gloss xml:lang="zh-tw" notBefore="2007-05-02">公頃</gloss>
          <desc>1 hm²</desc><desc xml:lang="zh-tw" notBefore="2007-05-02">1 hm²</desc>
        </valItem>

        <valItem ident="&#x212B;">
          <gloss>ångström</gloss><gloss xml:lang="zh-tw" notBefore="2007-05-02">埃格斯特朗 (單位)</gloss>
          <desc>10⁻¹⁰ m</desc><desc xml:lang="zh-tw" notBefore="2007-05-02">10⁻¹⁰ 公尺</desc>
        </valItem>


        <valItem ident="mL">
          <gloss>millilitre</gloss><gloss xml:lang="zh-tw" notBefore="2007-05-02">毫升</gloss>
        </valItem>
        <valItem ident="cm">
          <gloss>centimetre</gloss><gloss xml:lang="zh-tw" notBefore="2007-05-02">公分</gloss>
        </valItem>
        <valItem ident="dB">
          <gloss>decibel</gloss><gloss xml:lang="zh-tw" notBefore="2007-05-02">分貝</gloss>
          
        </valItem>


        <valItem ident="kbit">
          <gloss>kilobit</gloss><gloss xml:lang="zh-tw" notBefore="2007-05-02">kilobit</gloss>
          <desc>10³ or 1000 bits</desc><desc xml:lang="zh-tw" notBefore="2007-05-02">10³或1000 位元</desc>
        </valItem>
        <valItem ident="Kibit">
          <gloss>kibibit</gloss><gloss xml:lang="zh-tw" notBefore="2007-05-02">kibibit</gloss>
          <desc>2¹⁰ or 1024 bits</desc><desc xml:lang="zh-tw" notBefore="2007-05-02">2¹⁰或1024 位元</desc>
        </valItem>

        <valItem ident="kB">
          <gloss>kilobyte</gloss><gloss xml:lang="zh-tw" notBefore="2007-05-02">kilobyte</gloss>
          <desc>10³ or 1000 bytes</desc><desc xml:lang="zh-tw" notBefore="2007-05-02">10³或1000位元組</desc>
        </valItem>
        <valItem ident="KiB">
          <gloss>kibibyte</gloss><gloss xml:lang="zh-tw" notBefore="2007-05-02">kibibyte</gloss>
          <desc>2¹⁰ or 1024 bytes</desc><desc xml:lang="zh-tw" notBefore="2007-05-02">2¹⁰或1024位元組</desc>
        </valItem>
        <valItem ident="MB">
          <gloss>megabyte</gloss><gloss xml:lang="zh-tw" notBefore="2007-05-02">megabyte</gloss>
          <desc>10⁶ or 1 000 000 bytes</desc><desc xml:lang="zh-tw" notBefore="2007-05-02">10⁶或1 000 000位元組</desc>
        </valItem>
        <valItem ident="MiB">
          <gloss>mebibyte</gloss><gloss xml:lang="zh-tw" notBefore="2007-05-02">mebibyte</gloss>
          <desc>2²⁰ or 1 048 576 bytes</desc><desc xml:lang="zh-tw" notBefore="2007-05-02">2²⁰或1 048 576位元組</desc>
        </valItem>

      </valList>
      
    </attDef>
    <attDef ident="quantity" usage="opt">
      
      <desc>specifies the number of the specified units that
        comprise the measurement</desc><desc xml:lang="zh-tw" notBefore="2007-05-02">標明包含該度量的特定單位數目</desc>
      
    </attDef>
    <attDef ident="commodity" usage="opt">
      
      <desc>indicates the substance that is being measured</desc><desc xml:lang="zh-tw" notBefore="2007-05-02">指出所度量的物品。</desc>
      
      
    </attDef>
  </attList>
  
</classSpec>
  <classSpec ident="att.naming" type="atts" module="tei">
    <desc>provides attributes common to elements which refer to named persons, places, organizations etc.</desc><desc xml:lang="zh-tw" notBefore="2007-05-02">提供屬性，通用於參照到人物、地點、組織等的元素。</desc>
  <attList>
    <attDef ident="key" usage="opt">
      
      <desc>provides a means of locating a full definition for the
      entity being named such as a database record key or a
      URI.</desc><desc xml:lang="zh-tw" notBefore="2007-05-02">提供一種方法，搜尋已命名實體的完整定義，比如使用資料庫record key或一個統一資源識別符 (URI)</desc>
      
      <valDesc>any string of Unicode characters</valDesc><valDesc xml:lang="zh-tw" notBefore="2007-05-02">任何統一碼字串</valDesc>
      
    </attDef>
    <attDef ident="nymKey" usage="opt">
      
      <desc>provides a means of locating the canonical form
      (<term>nym</term>) of the names associated with the object
      identified by means of the <att>key</att> attribute and named by
        the element bearing it.</desc><desc xml:lang="zh-tw" notBefore="2007-05-02">提供方法，搜尋與該物件相關聯的標準格式名稱 (<term>nym</term>) ，該物件以屬性<att>key</att>識別，且由帶有此屬性的元素命名。</desc>
      
      <valDesc>any string of Unicode characters</valDesc><valDesc xml:lang="zh-tw" notBefore="2007-05-02">任何統一碼字串</valDesc>
      
    </attDef>
  </attList>
  
</classSpec>
  <classSpec ident="att.placement" type="atts" module="tei">
  <desc>provides attributes for describing where on the source page or
    object a textual element appears.</desc><desc xml:lang="zh-tw" notBefore="2007-05-02">提供屬性，描述文件元素在來源頁面或物件上出現的位置。
    </desc>
  <attList>
    <attDef ident="place" usage="rec">
        
      <valList type="semi">
        
        <valItem ident="infralinear"> <gloss>below the line</gloss><gloss xml:lang="zh-tw" notBefore="2007-05-02">行底</gloss> </valItem>
        <valItem ident="margin-bot"> <gloss>in bottom margin</gloss><gloss xml:lang="zh-tw" notBefore="2007-05-02">頁尾空白處</gloss> </valItem>
        <valItem ident="margin-left"> <gloss>in left margin</gloss><gloss xml:lang="zh-tw" notBefore="2007-05-02">頁左方空白處</gloss> </valItem>
        <valItem ident="margin-right"> <gloss>in right margin</gloss><gloss xml:lang="zh-tw" notBefore="2007-05-02">頁右方空白處</gloss> </valItem>
        <valItem ident="margin-top"> <gloss>in top margin</gloss><gloss xml:lang="zh-tw" notBefore="2007-05-02">頁首空白處</gloss> </valItem>
        <valItem ident="opposite"> <gloss>on opposite page</gloss><gloss xml:lang="zh-tw" notBefore="2007-05-02">對頁頁面</gloss> </valItem>
        <valItem ident="overleaf"> <gloss>on the other side of the leaf</gloss><gloss xml:lang="zh-tw" notBefore="2007-05-02">書頁反頁頁面</gloss> </valItem>
        <valItem ident="supralinear"> <gloss>above the line</gloss><gloss xml:lang="zh-tw" notBefore="2007-05-02">行上方</gloss> </valItem>
        <valItem ident="verso"> <gloss>on verso of sheet</gloss><gloss xml:lang="zh-tw" notBefore="2007-05-02">紙張反頁頁面</gloss> </valItem>
        
        <valItem ident="app"> <gloss>note appears in the apparatus at the foot of the page.</gloss><gloss xml:lang="zh-tw" notBefore="2007-05-02">註腳出現於頁腳的學術編輯註解中</gloss> </valItem>
        <valItem ident="end"> <gloss>note appears at end of chapter or volume.</gloss><gloss xml:lang="zh-tw" notBefore="2007-05-02">註解出現於章節或書冊的結尾</gloss> </valItem>
        <valItem ident="foot"> <gloss>note appears at foot of page.</gloss><gloss xml:lang="zh-tw" notBefore="2007-05-02">註解出現於頁腳</gloss> </valItem>
        <valItem ident="inline"> <gloss>note appears as a marked paragraph in the body of the text.</gloss><gloss xml:lang="zh-tw" notBefore="2007-05-02">註解以已標記的段落形式，出現於正文部分。</gloss> </valItem>
        <valItem ident="interlinear"> <gloss>note appears between lines of the text; a less precise form of either <val>infralinear</val> or <val>supralinear</val>.</gloss><gloss xml:lang="zh-tw" notBefore="2007-05-02">註解出現於行間；相較於屬性值<val>infralinear</val>或<val>supralinear</val>，此格式用法較不精確</gloss> </valItem>
        
        <valItem ident="inline"> <gloss>addition is made in a space left in the witness by an earlier scribe.</gloss><gloss xml:lang="zh-tw" notBefore="2007-05-02">先前抄寫者將文字附加於該版本剩餘的空間中。</gloss> </valItem>
        
        <valItem ident="mixed"> <gloss>one or more of the other values</gloss><gloss xml:lang="zh-tw" notBefore="2007-05-02">一個或多個其他屬性值</gloss> </valItem>
      </valList>

      
      
    </attDef>
  </attList>
  
</classSpec>
  <classSpec ident="att.segLike" type="atts" module="tei">
    <desc>provides attributes for elements used for arbitrary segmentation. </desc><desc xml:lang="zh-tw" notBefore="2007-05-02">提供屬性，用於有隨機分割功用的元素。</desc>
   
  <attList>
    <attDef ident="type" usage="opt">
	
	<desc>characterizes the type of segment.</desc><desc xml:lang="zh-tw" notBefore="2007-05-02">描述分割類型。</desc>
      
      <valDesc>For a <gi>cl</gi> may take values such as finite, nonfinite,
declarative, interrogative, relative etc. For a <gi>phr</gi> or
<gi>w</gi>, values such as noun, verb, preposition, etc., may be used. For
an <gi>m</gi> element, values such as clitic, prefix, stem will be more
appropriate. For a <gi>c</gi> element, values such as letter, punctuation,
        digit may be used.</valDesc><valDesc xml:lang="zh-tw" notBefore="2007-05-02">元素<gi>cl</gi>的屬性值可為<val>infinite</val>, <val>noninfinite</val>, <val>declarative</val>, <val>interrogative</val>, <val>relative</val>等;元素<gi>phr</gi>或<gi>w</gi>的屬性值則可用<val>noun</val>, <val>verb</val>, <val>preposition</val>等;元素<gi>m</gi>則以<val>clitic</val>, <val>prefic</val>, <val>stem</val>較為適當;元素<gi>c</gi>可用<val>letter</val>, <val>punctuation</val>, <val>digit</val>。</valDesc>
    </attDef>
    <attDef ident="function" usage="opt">
	
	<desc>characterizes the function of the segment.</desc><desc xml:lang="zh-tw" notBefore="2007-05-02">描述該分割的功能。</desc>
      
      <valDesc>For a <gi>cl</gi>, may take values such as
coordinate, subject, adverbial etc. For a <gi>phr</gi>, such values as
        subject, predicate etc. may be more appropriate.</valDesc><valDesc xml:lang="zh-tw" notBefore="2007-05-02">元素<gi>cl</gi>的屬性值可為<val>coordinate</val>, <val>subject</val>, <val>adverbial</val>等;元素<gi>phr</gi>的屬性值則以<val>subject</val>, <val>predicate</val>等較為適當。</valDesc>
    </attDef>
    <attDef ident="part" usage="mwa">
	
	<desc>specifies whether or not the segment is fragmented by some other
structural element, for example a clause which is divided between two
or more sentences.</desc><desc xml:lang="zh-tw" notBefore="2007-05-02">說明該分割段落是否被其他結構性元素所切割，例如一個子句被兩個或多個句子分開。</desc>
      
      <valList type="closed">
        <valItem ident="Y">
          
          <gloss>the segment is incomplete in some respect</gloss><gloss xml:lang="zh-tw" notBefore="2007-05-02">該分割的某些方面不完整</gloss>
        </valItem>
        <valItem ident="N">
          
          <gloss>either the segment is complete, or no claim is made as to
its completeness</gloss><gloss xml:lang="zh-tw" notBefore="2007-05-02">該分割完整，或者未說明其完整性</gloss>
        </valItem>
        <valItem ident="I">
          
          <gloss>the initial part of an incomplete segment</gloss><gloss xml:lang="zh-tw" notBefore="2007-05-02">不完整分割的起始部分</gloss>
        </valItem>
        <valItem ident="M">
          
          <gloss>a medial part of an incomplete segment</gloss><gloss xml:lang="zh-tw" notBefore="2007-05-02">不完整分割的中段部分</gloss>
        </valItem>
        <valItem ident="F">
          
          <gloss>the final part of an incomplete segment</gloss><gloss xml:lang="zh-tw" notBefore="2007-05-02">不完整分割的末端部分</gloss>
        </valItem>
      </valList>
      
    </attDef>
  </attList>
  
</classSpec>
  <classSpec ident="att.spanning" type="atts" module="tei">
    <desc>provides attributes for elements which delimit a span of text by pointing mechanisms rather than by enclosing it.</desc><desc xml:lang="zh-tw" notBefore="2007-05-02">提供元素的屬性，這些元素使用參照機制來限定某一文字段，而非包含此文字段。
    </desc>
  <attList>
    <attDef ident="spanTo" usage="mwa">
	
	<desc>indicates the end of a span initiated by the element
	  bearing this attribute.</desc><desc xml:lang="zh-tw" notBefore="2007-05-02">指出文字段的結尾，該文字段以帶有此屬性的元素開頭。</desc>
      
      <valDesc>points to an element following this one in the current document. </valDesc><valDesc xml:lang="zh-tw" notBefore="2007-05-02">指向目前文件中此元素之後的另一個元素。
        
      </valDesc>
    </attDef>
  </attList>
  
  
</classSpec>
  <classSpec ident="att.tableDecoration" type="atts" module="tei">
<desc>provides attributes used to decorate rows or cells of a table.</desc><desc xml:lang="zh-tw" notBefore="2007-05-02">提供屬性，用以裝飾表格內的儲存格或列。</desc>
<attList>
    <attDef ident="role" usage="opt">
	
	<desc>indicates the kind of information held in this cell or
	  in each cell of this row.</desc><desc xml:lang="zh-tw" notBefore="2007-05-02">指出此儲存格或列當中，各儲存格所包含的資訊類型。</desc>
      
      
      <valList type="semi">
        <valItem ident="label">
          
          <gloss>labelling or descriptive information only.</gloss><gloss xml:lang="zh-tw" notBefore="2007-05-02">僅為標號或描述性資訊。</gloss>
        </valItem>
        <valItem ident="data">
          
          <gloss>data values.</gloss><gloss xml:lang="zh-tw" notBefore="2007-05-02">數據值。</gloss>
        </valItem>
      </valList>
      
    </attDef>

    <attDef ident="rows" usage="opt">

      <desc>indicates the number of rows occupied by this cell or row.</desc><desc xml:lang="zh-tw" notBefore="2007-05-02">指出此儲存格或列所占的列數。</desc>
      
      
      <valDesc>A number; a value greater than one indicates that this
      cellm (or row)
      spans several rows.</valDesc><valDesc xml:lang="zh-tw" notBefore="2007-05-02">一個數字；若大於一，則表示此儲存格 (或列) 橫跨數列。</valDesc>
      
    </attDef>
   <attDef ident="cols" usage="opt">
	
	<desc>indicates the number of columns occupied by this cell or
	row.</desc><desc xml:lang="zh-tw" notBefore="2007-05-02">指出此儲存格或列所佔的欄位數。</desc>
      
      
      <valDesc>A number; a value greater than one indicates that this
      cell or row
      spans several columns.</valDesc><valDesc xml:lang="zh-tw" notBefore="2007-05-02">一個數字；若大於一，則表示此儲存格或列橫跨數欄。</valDesc>
      
    </attDef>

</attList>
  
  
</classSpec>
  <classSpec ident="att.timed" type="atts" module="tei">
  <desc>provides a set of attributes common to those elements which
  have a duration in time, expressed either absolutely or by reference
  to an alignment map.</desc><desc xml:lang="zh-tw" notBefore="2007-05-02">提供一組屬性，通用於帶有時間長度的元素，這些元素以絕對方式表明，或是參照到組序表。</desc>

    
  <attList>
    <attDef ident="start" usage="opt">
      <desc>indicates the location within a temporal alignment at
        which this element begins.</desc><desc xml:lang="zh-tw" notBefore="2007-05-02">指出時間組序中此元素的起始位置。</desc>
      
      
      <valDesc>contains the identifier of a previously defined
        <gi>loc</gi> element</valDesc><valDesc xml:lang="zh-tw" notBefore="2007-05-02">包含一個先前定義的元素<gi>loc</gi>之識別符碼</valDesc>
      
    </attDef>
    <attDef ident="end" usage="opt">
      <desc>indicates the location within a temporal alignment at
        which this element ends.</desc><desc xml:lang="zh-tw" notBefore="2007-05-02">指出時間組序 (順序點) 中此元素的結尾位置。</desc>
      
      
      <valDesc>contains the identifier of a previously defined
        <gi>loc</gi> element</valDesc><valDesc xml:lang="zh-tw" notBefore="2007-05-02">包含一個先前定義的元素<gi>loc</gi>之識別符碼</valDesc>
      
    </attDef>
  </attList>
  
</classSpec>
  <classSpec ident="att.translatable" type="atts" module="tei">
<desc>provides attributes used to  indicate the status of a translatable
portion of an ODD document.</desc><desc xml:lang="zh-tw" notBefore="2007-05-02">提供的屬性指出ODD文件中可翻譯部分的狀態。</desc>
  <attList>
    <attDef ident="version" usage="opt">
	
	<desc>specifies the version name or number of the source from
	which the translated version was derived</desc><desc xml:lang="zh-tw" notBefore="2007-05-02">說明該翻譯版本來源的版本名稱或版本數</desc>
	
      
    </attDef>
</attList>
</classSpec>
  <classSpec ident="att.typed" type="atts" module="tei">
<desc>provides generic attributes which can be used to classify or subclassify elements in any way. </desc><desc xml:lang="zh-tw" notBefore="2007-05-02">提供可依任何方法將元素分類或次要分類的一般屬性。</desc>
  <attList>
    <attDef ident="type" usage="opt">
	
	<desc>characterizes the element in some sense, using any convenient
	  classification scheme or typology.</desc><desc xml:lang="zh-tw" notBefore="2007-05-02">用合適的分類標準或類型來描述該元素。</desc>
      
    </attDef>
    <attDef ident="subtype" usage="opt">
	
	<desc>provides a sub-categorization of the element, if needed</desc><desc xml:lang="zh-tw" notBefore="2007-05-02">若有需要，提供該元素的次要分類</desc>
      
      
    </attDef>
  </attList>
  
  
</classSpec>
<classSpec ident="model.nameLike.agent" type="model" module="tei">
<desc>groups elements which contain names of individuals
or corporate bodies.</desc><desc xml:lang="zh-tw" notBefore="2007-05-02">匯集包含個人或團體名稱的元素。</desc>
  
  
  
</classSpec>
<classSpec ident="model.segLike" type="model" module="tei">
<desc>groups elements used for arbitrary segmentation. </desc><desc xml:lang="zh-tw" notBefore="2007-05-02">匯集用於隨機分割的元素。</desc>
  
  
  
</classSpec>
<classSpec ident="model.hiLike" type="model" module="tei">
<desc>groups phrase-level elements related to highlighting that have no specific semantics </desc><desc xml:lang="zh-tw" notBefore="2007-05-02">匯集的詞組層次元素與顯目標示相關，且無特定語義</desc>
  
  
  
</classSpec>
<classSpec ident="model.emphLike" type="model" module="tei">
<desc>groups semantic phrase-level elements </desc><desc xml:lang="zh-tw" notBefore="2007-05-02">匯集語義上的詞組層次元素</desc>
  
  
  
</classSpec>
<classSpec ident="model.highlighted" type="model" module="tei">
<desc>groups phrase-level elements related to highlighting. </desc><desc xml:lang="zh-tw" notBefore="2007-05-02">匯集與顯目標示相關的詞組層次元素。</desc>
  
  
  
</classSpec>
<classSpec ident="model.dateLike" type="model" module="tei">
  <gloss>dates and times</gloss><gloss xml:lang="zh-tw" notBefore="2007-05-02">日期與時間</gloss>
  <desc>groups elements containing temporal expressions.</desc><desc xml:lang="zh-tw" notBefore="2007-05-02">匯集包含時間格式的元素。</desc>
  
  
  
</classSpec>
<classSpec ident="model.measureLike" type="model" module="tei">
    <gloss>numbers, amounts, measurements, etc.</gloss><gloss xml:lang="zh-tw" notBefore="2007-05-02">數字、數量、度量等。</gloss>
  <desc>groups elements which denote a number, a quantity, a
  measurement, or similar piece of text that conveys some numerical
  meaning</desc><desc xml:lang="zh-tw" notBefore="2007-05-02">匯集的元素代表一個數字、數量、度量，或類似的文字，傳達某些數值上的意義</desc>
  
  
  
</classSpec>
<classSpec ident="model.egLike" type="model" module="tei">
    <gloss>examples</gloss><gloss xml:lang="zh-tw" notBefore="2007-05-02">範例</gloss>
    <desc>groups together elements for containing examples</desc><desc xml:lang="zh-tw" notBefore="2007-05-02">匯集包含範例的元素</desc>
  
  
  
</classSpec>
<classSpec ident="model.graphicLike" type="model" module="tei">
    <gloss>images, audio, formulae, etc.</gloss><gloss xml:lang="zh-tw" notBefore="2007-05-02">影像、聲音、方程式等</gloss>
  <desc>groups elements containing images, formulae, and 
    similar objects</desc><desc xml:lang="zh-tw" notBefore="2007-05-02">匯集的元素包含影像、方程式和類似物件
    </desc>
  
  
  
</classSpec>
<classSpec ident="model.pPart.msdesc" type="model" module="tei">
    <gloss>manuscript description</gloss><gloss xml:lang="zh-tw" notBefore="2007-05-02">寫本描述</gloss>
    <desc>groups elements for describing manuscripts</desc><desc xml:lang="zh-tw" notBefore="2007-05-02">匯集描述寫本的元素
    </desc>
  
  
  
</classSpec>
<classSpec ident="model.pPart.editorial" type="model" module="tei">
<desc>groups phrase-level elements for simple editorial interventions that may be useful both
in transcribing and in authoring</desc><desc xml:lang="zh-tw" notBefore="2007-05-02">匯集的詞組層次元素用於簡單的編輯更正，且有助於轉錄和編寫
  
  </desc>
  
  
  
</classSpec>
<classSpec ident="model.pPart.transcriptional" type="model" module="tei">
<desc>groups only those phrase-level elements for simple editorial correction and
  transcription that are not likely to be useful for authoring</desc><desc xml:lang="zh-tw" notBefore="2007-05-02">僅匯集用於簡單的編輯更正和轉錄、而未能助於編寫的詞組層次元素
  </desc>
  
  
  
</classSpec>
<classSpec ident="model.pPart.edit" type="model" module="tei">
<desc>groups phrase-level elements for simple editorial correction and
  transcription. </desc><desc xml:lang="zh-tw" notBefore="2007-05-02">匯集的詞組層次元素用於簡單的編輯更正或轉錄</desc>
  
  
  
</classSpec>
<classSpec ident="model.ptrLike" type="model" module="tei">
    <desc>groups elements used for purposes of location and reference</desc><desc xml:lang="zh-tw" notBefore="2007-05-02">匯集的元素用於位置和參照
    </desc>
  
  
  
</classSpec>
<classSpec ident="model.lPart" type="model" module="tei">
    <desc>groups phrase-level elements which may appear within verse only.</desc><desc xml:lang="zh-tw" notBefore="2007-05-02">匯集僅可能出現於韻文內的詞組層次元素。</desc>
  
  
  
</classSpec>
<classSpec ident="model.global.meta" type="model" module="tei">
<desc>groups empty elements which describe the status of other elements, for
example by holding groups of links or of abstract interpretations, or
by providing indications of certainty etc., and which may appear at any
point in a document.</desc><desc xml:lang="zh-tw" notBefore="2007-05-02">匯集描述其他元素狀態的空白元素，例如連結或抽象詮釋，或者提供正確度等，且空白元素可能出現於文件任一處。</desc>
  
  
  
</classSpec>
<classSpec ident="model.milestoneLike" type="model" module="tei">
<gloss>reference system elements</gloss><gloss xml:lang="zh-tw" notBefore="2007-05-02">參照系統元素</gloss>
<desc>groups milestone-style
  elements used to represent reference systems</desc><desc xml:lang="zh-tw" notBefore="2007-05-02">匯集用於呈現參照系統的類似分界點元素</desc>
  
  
  
</classSpec>
<classSpec ident="model.gLike" type="model" module="tei">
<desc>groups elements which are interspersed with normal text,
  representing non-Unicode items.</desc><desc xml:lang="zh-tw" notBefore="2007-05-02">匯集的元素穿插於正規文本中，代表非統一碼項目。
  </desc>
</classSpec>
<classSpec ident="model.oddDecl" type="model" module="tei">
<gloss>ODD declarations</gloss><gloss xml:lang="zh-tw" notBefore="2007-05-02">ODD宣告</gloss>
<desc>groups elements which generate declarations in some markup
  language in ODD  documents.</desc><desc xml:lang="zh-tw" notBefore="2007-05-02">匯集的元素使ODD文件內某些標記語言中產生宣告。</desc>
  
  
</classSpec>
<classSpec ident="model.oddRef" type="model" module="tei">
    <gloss>ODD reference class</gloss><gloss xml:lang="zh-tw" notBefore="2007-05-02">ODD參照分類
    </gloss>
<desc>groups elements which reference declarations in some markup
  language in ODD documents.</desc><desc xml:lang="zh-tw" notBefore="2007-05-02">匯集的元素參照到ODD文件中某些標記語言的宣告。
  </desc>
  
  
</classSpec>
<classSpec ident="model.xmlPhrase" type="model" module="tei">
<desc>groups elements used to encode XML constructs at the phrase
  level, e.g. element names, attribute names, and attribute values</desc><desc xml:lang="zh-tw" notBefore="2007-05-02">匯集的元素在詞組層次上為XML編碼，例如元素
    名稱、屬性名稱以及屬性值</desc>
  
  
  
</classSpec>
<classSpec ident="model.specDescLike" type="model" module="tei">
    <desc>groups elements for referring to specification elements</desc><desc xml:lang="zh-tw" notBefore="2007-05-02">匯集的元素參照到細節元素
    </desc>
  
  
  
</classSpec>
<classSpec ident="model.qLike" type="model" module="tei">
<desc>groups elements related to highlighting which can appear either
  within or between chunk-level elements. </desc><desc xml:lang="zh-tw" notBefore="2007-05-02">匯集和顯目標示相關、且出現於方塊性層次元素內或之間的元素。
  </desc>
  
  
  
</classSpec>
<classSpec ident="model.biblLike" type="model" module="tei">
<desc>groups elements containing a bibliographic description. </desc><desc xml:lang="zh-tw" notBefore="2007-05-02">匯集包含書目描述的元素。</desc>
  
  
  
</classSpec>
<classSpec ident="model.listLike" type="model" module="tei">
<desc>groups all list-like elements.</desc><desc xml:lang="zh-tw" notBefore="2007-05-02">匯集所有類似列表的元素</desc>
  
  
  
</classSpec>
<classSpec ident="model.noteLike" type="model" module="tei">
<desc>groups all note-like elements. </desc><desc xml:lang="zh-tw" notBefore="2007-05-02">匯集所有類似註解的元素。</desc>
  
  
  
</classSpec>
<classSpec ident="model.stageLike" type="model" module="tei">
<gloss>stage
directions</gloss><gloss xml:lang="zh-tw" notBefore="2007-05-02">舞台指示</gloss>
<desc>groups elements containing specialized
stage directions defined in the additional tag set for performance
texts.</desc><desc xml:lang="zh-tw" notBefore="2007-05-02">匯集的元素包含特殊的舞台指示，定義於劇本的附加標籤組中。
</desc>
  
  
  
</classSpec>
<classSpec ident="model.complexVal" type="model" module="tei">
<gloss>complex values</gloss><gloss xml:lang="zh-tw" notBefore="2007-05-02">複合值</gloss>
<desc>groups elements which express complex feature values in feature
structures.</desc><desc xml:lang="zh-tw" notBefore="2007-05-02">匯集的元素表示功能結構中的複合功能值。</desc>
  
</classSpec>
<classSpec ident="model.singleVal" type="model" module="tei">
<gloss>atomic values</gloss><gloss xml:lang="zh-tw" notBefore="2007-05-02">原子值</gloss>
<desc>group elements used to represent atomic feature values in feature structures.</desc><desc xml:lang="zh-tw" notBefore="2007-05-02">匯集的元素代表功能結構中的原子功能值。</desc>
  
</classSpec>
<classSpec ident="model.entryParts" type="model" module="tei">
<gloss>dictionary parts</gloss><gloss xml:lang="zh-tw" notBefore="2007-05-02">字典部分</gloss>
<desc>groups all elements defined specifically for dictionaries.</desc><desc xml:lang="zh-tw" notBefore="2007-05-02">匯集所有專為字典所定義的元素。</desc>
    
    
</classSpec>
<classSpec ident="model.entryParts.top" type="model" module="tei">
<gloss>dictionary
high-level elements</gloss><gloss xml:lang="zh-tw" notBefore="2007-05-02">字典高階層次元素</gloss>
<desc>groups related parts of a dictionary entry forming a coherent
subdivision, for example a particular sense, homonym, etc.</desc><desc xml:lang="zh-tw" notBefore="2007-05-02">匯集一個字典辭條的相關部分，構成一致的分支區段，例如一個特殊字義、同音異義字等。</desc>
  
</classSpec>
<classSpec ident="model.global.edit" type="model" module="tei">
<desc>groups empty elements which perform a specifically editorial function, for
example by indicating the start of a 
span of text added, deleted, or missing in a source.</desc><desc xml:lang="zh-tw" notBefore="2007-05-02">匯集的空白元素有特殊的編輯功能，例如指出來源文件中一個文字段的附加、刪除、或缺漏的起始點。
</desc>
  
  
  
</classSpec>
<classSpec ident="model.divPart" type="model" module="tei">
<desc>groups elements which can occur between, but not
  within, paragraphs and other chunks.</desc><desc xml:lang="zh-tw" notBefore="2007-05-02">匯集可出現於段落與其他區塊之間，而非出現於兩者之內的元素。
    
  </desc>
  
  
  
</classSpec>
<classSpec ident="model.blockLike" type="model" module="tei">
<desc>groups segmenting elements.</desc><desc xml:lang="zh-tw" notBefore="2007-05-02">匯集分割元素。</desc>
  
</classSpec>
<classSpec ident="model.pLike" type="model" module="tei">
    <desc>The class of elements which are paragraphs for the purpose of interchange.</desc><desc xml:lang="zh-tw" notBefore="2007-05-02">該元素集是以交換資料為目的段落。
    </desc>
</classSpec>
<classSpec ident="model.persTraitLike" type="model" module="tei">
<desc>the class of elements describing generally unchanging physical
or socially-constructed characteristics of a person, for example
hair-colour, ethnicity, sex... These characteristics of an individual
are typically independent of their volition or action.</desc><desc xml:lang="zh-tw" notBefore="2007-05-02">該元素集描述人物在生理或社會建構下的一般不變特性，例如髮色、種族、姓別等。這些特性通常是個人或他人行為的結果。
</desc>

  
</classSpec>
<classSpec ident="model.persStateLike" type="model" module="tei">
<desc>the class of elements describing changeable characteristics of a
person which have a definite duration, for example occupation,
residence, name... These characteristics of an individual are
typically a consequence of their own action or that of others.</desc><desc xml:lang="zh-tw" notBefore="2007-05-02">該元素集描述人物的可改變特性，有明確的時間長度，例如職業、居所、姓名等。這些特性通常是個人或他人行為的結果。
</desc>

  
</classSpec>
<classSpec ident="model.persEventLike" type="model" module="tei">
<desc>the class of elements describing specific events in a person's
history, for example birth, marriage, appointment... These are not
characteristics of an individual, but often cause an individual to
gain such characteristics, or to enter a new state.</desc><desc xml:lang="zh-tw" notBefore="2007-05-02">該元素集描述個人生平的特定事件，例如出生、結婚、約會等。 這些元素並非個人特性，但常讓個人獲得這些特性，或邁入新的狀態。
</desc>

  
</classSpec>
 
<classSpec ident="model.personLike" type="model" module="tei">
<desc>the class of elements used to provide information about people
and their relationships.</desc><desc xml:lang="zh-tw" notBefore="2007-05-02">該元素集提供人物及人物關係的資訊。</desc>
  
</classSpec>
<classSpec ident="model.personPart" type="model" module="tei">
<desc>groups elements  which describe characteristics of the people referenced by a text, or
participating in a language interaction.</desc><desc xml:lang="zh-tw" notBefore="2007-05-02">匯集的元素描述由文本所參照、或參與語言互動的人物特性。</desc>
  
  
</classSpec>
<classSpec ident="model.publicationStmtPart" type="model" module="tei">
  <gloss>publication statement elements</gloss><gloss xml:lang="zh-tw" notBefore="2007-05-02">出版陳述元素</gloss>
    <desc>groups the children of <gi>publicationStmt</gi></desc><desc xml:lang="zh-tw" notBefore="2007-05-02">匯集元素<gi>publicationStmt</gi>的子元素</desc>
  
</classSpec>
<classSpec ident="model.glossLike" type="model" module="tei">
  <desc>groups elements which provide an alternative name,
    explanation, or description for any markup construct.</desc><desc xml:lang="zh-tw" notBefore="2007-05-02">匯集的元素提供某一標籤的替代名稱、解釋或描述。
    </desc>
  </classSpec>
  
<classSpec ident="model.quoteLike" type="model" module="tei">
    <gloss><gi>quote</gi> and similar elements</gloss><gloss xml:lang="zh-tw" notBefore="2007-05-02">元素<gi>quote</gi>與類似元素</gloss>
  <desc>groups elements used to directly contain quotations.</desc><desc xml:lang="zh-tw" notBefore="2007-05-02">匯集直接包含引言的元素。</desc>
  
</classSpec>
<classSpec ident="model.respLike" type="model" module="tei">
  <desc>groups elements which are used to indicate intellectual
    responsibility, for example within a bibliographic element.</desc><desc xml:lang="zh-tw" notBefore="2007-05-02">匯集指出智慧責任的元素，例如在書目元素內。
    </desc>
  

</classSpec>
<classSpec ident="model.divWrapper.bottom" type="model" module="tei">
<gloss>Bottom-of-division
  elements</gloss><gloss xml:lang="zh-tw" notBefore="2007-05-02">區段底部元素
    
  </gloss>
<desc>groups elements which can occur only at the end of a
  text division; for example, a trailer.</desc><desc xml:lang="zh-tw" notBefore="2007-05-02">匯集僅可出現於文本區段結尾的元素，例如結尾題名。
    
  </desc>
  
</classSpec>
<classSpec ident="model.divWrapper" type="model" module="tei">
<gloss>top-of-div elements</gloss><gloss xml:lang="zh-tw" notBefore="2007-05-02">區段頂端元素</gloss>
<desc>groups elements which can occur at the start or end of any
division class element.</desc><desc xml:lang="zh-tw" notBefore="2007-05-02">匯集可出現於任何區段集元素起始或結尾的元素。</desc>
  
</classSpec>
<classSpec ident="model.frontPart.drama" type="model" module="tei">
<desc>groups elements which appear at the level of divisions within front or
  back matter of performance texts only.</desc><desc xml:lang="zh-tw" notBefore="2007-05-02">匯集的元素僅出現於劇本正文前或後資訊內的區段層次。
  </desc>
  
  
  
</classSpec>
<classSpec ident="model.pLike.front" type="model" module="tei">
<gloss>Front
matter chunk elements</gloss><gloss xml:lang="zh-tw" notBefore="2007-05-02">正文前方塊性元素</gloss>
<desc>groups elements which can occur as direct constituents
  of front matter, when a full title page is not given. </desc><desc xml:lang="zh-tw" notBefore="2007-05-02">未提供完整標題頁時，匯集的元素可顯示為正文前資訊的直接組成要素。
    
  </desc>
  
</classSpec>
<classSpec ident="model.titlepagePart" type="model" module="tei">
<gloss>Title
  page elements</gloss><gloss xml:lang="zh-tw" notBefore="2007-05-02">標題頁元素</gloss>
<desc>groups those elements which can occur as direct constituents
of a title page (<gi>docTitle</gi>, <gi>docAuth</gi>,
  <gi>docImprint</gi>, <gi>epigraph</gi>, etc.)</desc><desc xml:lang="zh-tw" notBefore="2007-05-02">匯集的元素可成為標題頁的直接組成要素 (元素<gi>docTitle</gi>, <gi>docAuth</gi>,
    <gi>docImprint</gi>, <gi>epigraph</gi>等。)
  </desc>
  
</classSpec>
<classSpec ident="model.msItemPart" type="model" module="tei">
<desc>The class of elements which can appear within a manuscript item
  description.</desc><desc xml:lang="zh-tw" notBefore="2007-05-02">該元素集可出現於寫本項目描述中。
  </desc>
</classSpec>
<classSpec ident="model.choicePart" type="model" module="tei">
<gloss/><gloss xml:lang="zh-tw" notBefore="2007-05-02"/>
    <desc>groups those elements (other than choice itself) which can be used  in <gi>choice</gi> alternation</desc><desc xml:lang="zh-tw" notBefore="2007-05-02">匯集的元素 (而非選擇本身) 可用於元素<gi>choice</gi>之替換</desc>




  
  
</classSpec>
<classSpec ident="model.lLike" type="model" module="tei">
<desc>groups elements representing metrical components such as verse lines. </desc><desc xml:lang="zh-tw" notBefore="2007-05-02">匯集代表韻律組件的元素，例如詩行。</desc>
  
</classSpec>
<classSpec ident="model.recordingPart" type="model" module="tei">
  <gloss>dates and date ranges</gloss><gloss xml:lang="zh-tw" notBefore="2007-05-02">日期與日期範圍</gloss>
  <desc>groups elements used to describe details of an audio or video recording</desc><desc xml:lang="zh-tw" notBefore="2007-05-02">匯集的元素用來描述聲音或影像的錄製細節</desc>
  
  
</classSpec>
<classSpec ident="model.imprintPart" type="model" module="tei">
    <desc>groups the bibliographic elements which occur inside imprints. </desc><desc xml:lang="zh-tw" notBefore="2007-05-02">匯集出現於版本說明內的書目元素。</desc>
    
  
  
</classSpec>
<classSpec ident="model.catDescPart" type="model" module="tei">
  <desc>groups elements which may be used inside <gi>catDesc</gi>
    and appear multiple times</desc><desc xml:lang="zh-tw" notBefore="2007-05-02">匯集可用於元素<gi>catDesc</gi>內、並多次出現的元素</desc>
  
  
</classSpec>
<classSpec ident="model.settingPart" type="model" module="tei">
<desc>elements used to describe the setting of a linguistic interaction. </desc><desc xml:lang="zh-tw" notBefore="2007-05-02">用於描述語言互動背景的元素。</desc>
  
</classSpec>
<classSpec ident="model.textDescPart" type="model" module="tei">
<desc>elements used to categorise a text for example in terms of its
  situational parameters. </desc><desc xml:lang="zh-tw" notBefore="2007-05-02">將文本分類的元素，例如以文本的狀況參數來分類。
  </desc>
  
</classSpec>
<classSpec ident="model.castItemPart" type="model" module="tei">
<desc>elements used within an entry in a cast list, such as dramatic role or
actor's name. </desc><desc xml:lang="zh-tw" notBefore="2007-05-02">用於角色列表中一個項目內的元素，如戲劇角色或演員名稱</desc>
  
</classSpec>
<classSpec ident="model.physDescPart" type="model" module="tei">
<desc>specialised descriptive elements constituting  the physical
  description of a manuscript or similar written source. </desc><desc xml:lang="zh-tw" notBefore="2007-05-02">特殊的描述性元素，包含寫本或相似書寫來源的外觀描述。
  </desc>
  
</classSpec>
<classSpec ident="model.addressLike" type="model" module="tei">
<desc>groups phrase-level elements used to represent postal or e-mail
addresses.</desc><desc xml:lang="zh-tw" notBefore="2007-05-02">匯集的詞組層次元素代表郵寄或電子郵件地址。</desc>
  
  
  
</classSpec>
<classSpec ident="model.nameLike" type="model" module="tei">
    <gloss>names of people, places, or organizations, or refering strings</gloss><gloss xml:lang="zh-tw" notBefore="2007-05-02">人物、地點、組織或參照字串的名稱</gloss>
    <desc>groups empty elements which may appear at any point within a TEI text.</desc><desc xml:lang="zh-tw" notBefore="2007-05-02">匯集的空白元素可出現於TEI文件內的任何位置。
    </desc>
  
  
</classSpec>
<classSpec ident="model.featureVal" type="model" module="tei">
<gloss>feature values</gloss><gloss xml:lang="zh-tw" notBefore="2007-05-02">功能值</gloss>
<desc>groups all elements which represent feature values in feature structures.</desc><desc xml:lang="zh-tw" notBefore="2007-05-02">匯集的所有元素代表功能結構中的功能值。</desc>
</classSpec>
<classSpec ident="model.common" type="model" module="tei">
    <desc>groups common chunk- and inter-level elements.</desc><desc xml:lang="zh-tw" notBefore="2007-05-02">匯集通用的方塊性與中間層次元素。</desc>
  
  
</classSpec>
<classSpec ident="model.biblPart" type="model" module="tei">
<gloss>bibliographic citation
part</gloss><gloss xml:lang="zh-tw" notBefore="2007-05-02">書目引用部分</gloss>
<desc>groups elements which can appear within bibliographic
citation elements.</desc><desc xml:lang="zh-tw" notBefore="2007-05-02">匯集可出現於書目引用元素內的元素。</desc>
  
  
</classSpec>
<classSpec ident="model.datePart" type="model" module="tei">
<gloss>temporal expression</gloss><gloss xml:lang="zh-tw" notBefore="2007-05-02">時間表示法</gloss>
<desc>groups component elements of temporal expressions involving
  dates and time.</desc><desc xml:lang="zh-tw" notBefore="2007-05-02">匯集時間表示法的組成元素，包含日期與時間。</desc>
  
</classSpec>
<classSpec ident="model.frontPart" type="model" module="tei">
<desc>groups elements which appear at the level of divisions within front or
  back matter.</desc><desc xml:lang="zh-tw" notBefore="2007-05-02">匯集的元素出現於正文前或後資訊內的區段層次中。</desc>
  
  
</classSpec>
<classSpec ident="model.addrPart" type="model" module="tei">
    <gloss>address part</gloss><gloss xml:lang="zh-tw" notBefore="2007-05-02">地址部份  
    </gloss>
<desc> elements such as names or postal codes which may appear as a part of a  postal address.</desc><desc xml:lang="zh-tw" notBefore="2007-05-02">可能出現於郵寄地址部份的元素，如名稱或郵遞區號。</desc>
  
  
</classSpec>
<classSpec ident="model.pPart.data" type="model" module="tei">
<desc>groups phrase-level elements containing names, dates, numbers, measures,
  and similar data. </desc><desc xml:lang="zh-tw" notBefore="2007-05-02">匯集包含名稱、日期、數字、度量和類似數據的詞組層次元素。
  </desc>
  
  
  
</classSpec>
<classSpec ident="model.inter" type="model" module="tei">
<desc>groups
elements of the intermediate (inter-level) class: these elements can occur
both within and and between paragraphs or other chunk-level elements.</desc><desc xml:lang="zh-tw" notBefore="2007-05-02">匯集中間層次的元素：可出現於段落內與段落之間，或方塊性層次內與層次間。
</desc>
  
  
</classSpec>
<classSpec ident="model.phrase" type="model" module="tei">
<desc>groups those elements which can occur at the level of individual
  words or phrases.</desc><desc xml:lang="zh-tw" notBefore="2007-05-02">匯集的元素可出現於個人字詞層次上。
  </desc>
  
  
</classSpec>
<classSpec ident="model.limitedPhrase" type="model" module="tei">
  <desc>groups those elements which can occur at the level of
  individual words or phrases, excluding elements intended for
  transcription.</desc><desc xml:lang="zh-tw" notBefore="2007-05-02">匯集的元素可出現於個人字詞層次，不包含預定用於轉錄的元素。
  </desc>
  
  
</classSpec>
<classSpec ident="model.divLike" type="model" module="tei">
    <desc>groups elements used to represent un-numbered generic structural divisions.</desc><desc xml:lang="zh-tw" notBefore="2007-05-02">匯集的元素代表未編號的一般結構性區段。</desc>
</classSpec>
<classSpec ident="model.divGenLike" type="model" module="tei">
  <desc>groups elements used to represent a structural division which
  is generated rather than explicitly present in the
  source.</desc><desc xml:lang="zh-tw" notBefore="2007-05-02">匯集的元素代表一個結構性區段，產生於來源文本中，而非明確存在。
    
  </desc>
</classSpec>
<classSpec ident="model.div1Like" type="model" module="tei">
  <desc>groups top-level structural divisions.</desc><desc xml:lang="zh-tw" notBefore="2007-05-02">匯集頂端層次的結構性區段。</desc>
</classSpec>
<classSpec ident="model.div2Like" type="model" module="tei">
    <desc>groups second-level structural divisions.</desc><desc xml:lang="zh-tw" notBefore="2007-05-02">匯集第二層次的結構性區段。</desc>
</classSpec>
<classSpec ident="model.div3Like" type="model" module="tei">
    <desc>groups third-level structural divisions.</desc><desc xml:lang="zh-tw" notBefore="2007-05-02">匯集第三層次的結構性區段。</desc>
</classSpec>
<classSpec ident="model.div4Like" type="model" module="tei">
    <desc>groups fourth-level structural divisions.</desc><desc xml:lang="zh-tw" notBefore="2007-05-02">匯集第四層次的結構性區段。</desc>
</classSpec>
<classSpec ident="model.div5Like" type="model" module="tei">
    <desc>groups fifth-level structural divisions.</desc><desc xml:lang="zh-tw" notBefore="2007-05-02">匯集第五層次的結構性區段。</desc>
</classSpec>
<classSpec ident="model.div6Like" type="model" module="tei">
    <desc>groups sixth-level structural divisions.</desc><desc xml:lang="zh-tw" notBefore="2007-05-02">匯集第六層次的結構性區段。</desc>
</classSpec>
<classSpec ident="model.div7Like" type="model" module="tei">
    <desc>groups seventh-level structural divisions.</desc><desc xml:lang="zh-tw" notBefore="2007-05-02">匯集第七層次的結構性區段。</desc>
</classSpec>
  <macroSpec ident="macro.component" module="tei">
    <gloss>component for mixed or general base</gloss><gloss xml:lang="zh-tw" notBefore="2007-05-02">混合或一般基礎組件</gloss>
<desc>defines the set of component-level elements for use with the mixed
or general base; these are elements which can appear directly within
text bodies or text divisions.
 </desc><desc xml:lang="zh-tw" notBefore="2007-05-02">定義一組與混合或一般基礎所共用的組合性層次元素組；這些元素直接出現於正文或文本區段中。</desc>
  
  
</macroSpec>
  <macroSpec ident="macro.componentSeq" module="tei">
<gloss>component-sequence</gloss><gloss xml:lang="zh-tw" notBefore="2007-05-02">元件序列</gloss>
<desc>defines a sequence of component-level elements (such as paragraphs
or lists) which can occur directly within text divisions and in similar
positions.</desc><desc xml:lang="zh-tw" notBefore="2007-05-02">定義一連串的組合性層次元素 (如段落或列表) ，可直接出現於文字區段與類似位置中。
</desc>
  
  
  
</macroSpec>
  <macroSpec ident="macro.paraContent" module="tei">
<gloss>paragraph content</gloss><gloss xml:lang="zh-tw" notBefore="2007-05-02">段落內容</gloss>
    <desc>defines the content of paragraphs and similar elements.</desc><desc xml:lang="zh-tw" notBefore="2007-05-02">定義段落與類似元素的內容。
    </desc>
  
  
</macroSpec>
  <macroSpec ident="macro.limitedContent" module="tei">
<gloss>paragraph content</gloss><gloss xml:lang="zh-tw" notBefore="2007-05-02">段落內容</gloss>
    <desc>defines the content of prose elements that are not used for transcription of extant materials</desc><desc xml:lang="zh-tw" notBefore="2007-05-02">定義散文元素的內容，該元素未用於轉錄現存資料
    </desc>
  
  
</macroSpec>
  <macroSpec ident="macro.phraseSeq" module="tei">
<gloss>phrase sequence</gloss><gloss xml:lang="zh-tw" notBefore="2007-05-02">詞組序列</gloss>
    <desc>defines a sequence of character data and phrase-level elements.</desc><desc xml:lang="zh-tw" notBefore="2007-05-02">定義一連串文字資料與詞組層次元素。</desc>
  
  
</macroSpec>
  <macroSpec ident="macro.phraseSeq.limited" module="tei">
<gloss>limited phrase sequence</gloss><gloss xml:lang="zh-tw" notBefore="2007-05-02">限定詞組序列</gloss>
<desc>defines a sequence of character data and those phrase-level elements that are not typically
used for transcribing extant documents.</desc><desc xml:lang="zh-tw" notBefore="2007-05-02">定義一連串文字資料與詞組層次元素，通常不用於轉錄現存文件。</desc>
  
  
</macroSpec>
  <macroSpec ident="macro.specialPara" module="tei">
<gloss>'special' paragraph content</gloss><gloss xml:lang="zh-tw" notBefore="2007-05-02">「特殊」段落內容</gloss>
<desc>defines the content model of elements such as notes or list items,
which either contain a series of component-level elements or else have
the same structure as a paragraph, containing a series of phrase-level
and inter-level elements.</desc><desc xml:lang="zh-tw" notBefore="2007-05-02">定義元素的內容模型，如註解或列表項目，這些內容模型包含一系列組合性層次元素，或與一個段落有相同的結構，包含一系列的詞組層次或inter-層次元素。</desc>
  
  
</macroSpec>
  <macroSpec xmlns:rng="http://relaxng.org/ns/structure/1.0" ident="macro.xtext" module="tei">
<gloss>extended text</gloss><gloss xml:lang="zh-tw" notBefore="2007-05-02">擴充文件</gloss>
    <desc>defines a sequence of character data and gaiji elements.</desc><desc xml:lang="zh-tw" notBefore="2007-05-02">定義一連串文字資料與缺字元素。</desc>
  
</macroSpec>
  <macroSpec ident="macro.fileDescPart" module="tei">
  <gloss>file description elements</gloss><gloss xml:lang="zh-tw" notBefore="2007-05-02">檔案描述元素</gloss>
    <desc>groups elements which occur inside <gi>fileDesc</gi> and <gi>biblFull</gi></desc><desc xml:lang="zh-tw" notBefore="2007-05-02">匯集出現於元素<gi>fileDesc</gi>與<gi>biblFull</gi>內的元素</desc>
  
  
</macroSpec>
  <macroSpec ident="macro.glossSeq" module="tei">
    <gloss>glossing sequence</gloss><gloss xml:lang="zh-tw" notBefore="2007-05-02">註解序列</gloss>
  <desc>defines a sequence of descriptive or identifying elements
    which characterize a markup object.</desc><desc xml:lang="zh-tw" notBefore="2007-05-02">定義一連串描述性或識別性元素，描繪一個標記物件。
    </desc>
  
  
</macroSpec>
<classSpec ident="model.placeNamePart" type="model" module="tei">
<gloss>place name
components</gloss><gloss xml:lang="zh-tw" notBefore="2007-05-02">地點名稱組件</gloss>
<desc>groups those elements which form part of a place
name.</desc><desc xml:lang="zh-tw" notBefore="2007-05-02">匯集構成地點名稱部分的元素。</desc>
  
  
</classSpec>
  <classSpec ident="att.duration.iso" module="tei" type="atts">
  <desc>attributes for recording normalized temporal durations</desc><desc xml:lang="zh-tw" notBefore="2007-05-02">記錄時間長度規格化的屬性</desc>
  <attList xmlns:rng="http://relaxng.org/ns/structure/1.0">
    <attDef ident="dur-iso" usage="opt">
      <gloss>duration</gloss><gloss xml:lang="zh-tw" notBefore="2007-05-02">時間長度</gloss>
      <desc>indicates the length of this element in time.</desc><desc xml:lang="zh-tw" notBefore="2007-05-02">指出此元素的時間長度。</desc>
 
      
    </attDef>
  </attList>
  
  
</classSpec>
  <macroSpec xmlns:rng="http://relaxng.org/ns/structure/1.0" ident="data.duration.iso" module="tei">
    <desc>defines the range of attribute values available for representation of a duration in time using ISO 8601 standard formats</desc><desc xml:lang="zh-tw" notBefore="2007-05-02">以ISO 8601標準格式定義表示一段持續性時間的屬性值範圍
    </desc>
  
  
  
  
  
  
</macroSpec>
</moduleSpec>
