<moduleSpec xmlns="http://www.tei-c.org/ns/1.0" ident="textstructure">
  <elementSpec xmlns:xsi="http://www.w3.org/2001/XMLSchema-instance" ident="TEI" module="textstructure">

<gloss>TEI document</gloss><gloss xml:lang="zh-tw" notBefore="2007-05-02">TEI文件</gloss>
<desc>contains a single TEI-conformant document,
comprising a TEI header and a text, either in isolation or as part of a
teiCorpus element.</desc><desc xml:lang="zh-tw" notBefore="2007-05-02">包含符合TEI標準的單一文件，由一個TEI標頭及一份文本組成，可單獨出現或是作為元素<gi>teiCorpus</gi>的一部分。</desc>
  
  <attList>
    <attDef ident="version" usage="opt">
	
      <desc>The version of the TEI scheme</desc><desc xml:lang="zh-tw" notBefore="2007-05-02">TEI架構的版本</desc>
	
	
      <valDesc>A number identifying the version of the TEI guidelines</valDesc><valDesc xml:lang="zh-tw" notBefore="2007-05-02">用一個數字標明TEI指引的版本別</valDesc>
    </attDef>
  </attList>
  
  
  
</elementSpec>
  <elementSpec ident="text" module="textstructure">

<gloss/><gloss xml:lang="zh-tw" notBefore="2007-05-02"/>
<desc>contains a single text of any kind, whether unitary or
composite, for example a poem or drama, a collection of essays, a novel,
a dictionary, or a corpus sample.</desc><desc xml:lang="zh-tw" notBefore="2007-05-02">包含一份任何種類的文本，無論是單一或複合的，例如詩詞或戲劇、散文集、小說、字典、或是文集範例。</desc>
  
  
  
  
    
</elementSpec>
  <elementSpec ident="body" module="textstructure">

<gloss>text body</gloss><gloss xml:lang="zh-tw" notBefore="2007-05-02">正文</gloss>
    <desc>contains the whole body of a single unitary text, excluding any front or back matter.</desc><desc xml:lang="zh-tw" notBefore="2007-05-02">單篇文章的整體部分，不包含正文前及正文後資訊。</desc>
  

  
  
  
</elementSpec>
  <elementSpec ident="group" module="textstructure">

<gloss/><gloss xml:lang="zh-tw" notBefore="2007-05-02"/>
<desc>contains the body of a composite text, grouping together a
sequence of distinct texts (or groups of such texts) which are regarded
as a unit for some purpose, for example the collected works of an
author, a sequence of prose essays, etc.</desc><desc xml:lang="zh-tw" notBefore="2007-05-02">包含複合文本的正文，所匯集的一連串單一文件 (或文件群組) ，因為某特殊目的被視為一個整體，例如一個作者的作品集合、一連串的散文集等。</desc>
  
  
  
  
  
</elementSpec>
  <elementSpec ident="floatingText" module="textstructure">

<gloss/><gloss xml:lang="zh-tw" notBefore="2007-05-02"/>
<desc>contains a single text of any kind, whether unitary or
composite, which interrupts the
text containing it at any point and after which the surrounding text
resumes.</desc><desc xml:lang="zh-tw" notBefore="2007-05-02">包含一份任何種類的文本，無論是單一或複合的，該份文本任意穿插於整體文本中，而週遭文字則接續其後。</desc>
  
  
  
    
</elementSpec>
  <elementSpec ident="div" module="textstructure">

    <gloss>text division</gloss><gloss xml:lang="zh-tw" notBefore="2007-05-02">文本區段</gloss>
<desc>contains a subdivision of the front, body, or back of a
  text.</desc><desc xml:lang="zh-tw" notBefore="2007-05-02">文本的正文前資訊、正文、及正文後資訊的分段。</desc>
  
  
  
  
  
</elementSpec>
  <elementSpec ident="div1" module="textstructure">

    <gloss>level-1 text division</gloss><gloss xml:lang="zh-tw" notBefore="2007-05-02">區段層次一</gloss>
<desc>contains a first-level subdivision of the front, body, or back
  of a text.</desc><desc xml:lang="zh-tw" notBefore="2007-05-02">文本的正文前資訊、正文及正文後資訊的第一層分段 (若未使用區段層次零，區段層次一是最高層的分段。若使用區段層次零，則區段層次一為第二層分段) 。  </desc>
  
  
  
  
  
</elementSpec>
  <elementSpec ident="div2" module="textstructure">

    <gloss>level-2 text division</gloss><gloss xml:lang="zh-tw" notBefore="2007-05-02">區段層次二</gloss>
<desc>contains a second-level subdivision of the front, body, or back of a
  text.</desc><desc xml:lang="zh-tw" notBefore="2007-05-02">文本的正文前資訊、正文及正文後資訊的第二層分段。</desc>
  
  
  
  
  
</elementSpec>
  <elementSpec ident="div3" module="textstructure">

    <gloss>level-3 text division</gloss><gloss xml:lang="zh-tw" notBefore="2007-05-02">區段層次三</gloss>
<desc>contains a third-level subdivision of the front, body, or back of a
  text.</desc><desc xml:lang="zh-tw" notBefore="2007-05-02">文本的正文前資訊、正文及正文後資訊的第三層分段。</desc>
  
  
  
  
  
</elementSpec>
  <elementSpec ident="div4" module="textstructure">

    <gloss>level-4 text division</gloss><gloss xml:lang="zh-tw" notBefore="2007-05-02">區段層次四</gloss>
<desc>contains a fourth-level subdivision of the front, body, or back of a
  text.</desc><desc xml:lang="zh-tw" notBefore="2007-05-02">文本的正文前資訊、正文及正文後資訊的第四層分段。</desc>
  
  
  
  
  
</elementSpec>
  <elementSpec ident="div5" module="textstructure">

    <gloss>level-5 text division</gloss><gloss xml:lang="zh-tw" notBefore="2007-05-02">區段層次五</gloss>
<desc>contains a fifth-level subdivision of the front, body, or back of a
  text.</desc><desc xml:lang="zh-tw" notBefore="2007-05-02">文本的正文前資訊、正文及正文後資訊的第五層分段。</desc>
  
  
  
  
  
</elementSpec>
  <elementSpec ident="div6" module="textstructure">

    <gloss>level-6 text division</gloss><gloss xml:lang="zh-tw" notBefore="2007-05-02">區段層次六</gloss>
<desc>contains a sixth-level subdivision of the front, body, or back of a
  text.</desc><desc xml:lang="zh-tw" notBefore="2007-05-02">文本的正文前資訊、正文及正文後資訊的第六層分段。</desc>
  
  
  
  
  
</elementSpec>
  <elementSpec ident="div7" module="textstructure">

    <gloss>level-7 text division</gloss><gloss xml:lang="zh-tw" notBefore="2007-05-02">區段層次七</gloss>
<desc>contains the smallest possible subdivision of the front, body or
  back of a text, larger than a paragraph.</desc><desc xml:lang="zh-tw" notBefore="2007-05-02">文本的正文前資訊、正文及正文後資訊的最低層分段，分段層級高於段落。</desc>
  
  
  
  
  
</elementSpec>
  <elementSpec ident="trailer" module="textstructure">

    <gloss>trailer</gloss><gloss xml:lang="zh-tw" notBefore="2007-05-02">結尾題名</gloss>
<desc>contains a closing title or footer appearing at the end of
  a division of a text. </desc><desc xml:lang="zh-tw" notBefore="2007-05-02">包含文本中一個區段結束時的結尾題名或尾錄。</desc>
  
  
  
  
  
</elementSpec>
  <elementSpec ident="byline" module="textstructure">

<gloss/><gloss xml:lang="zh-tw" notBefore="2007-05-02"/>
<desc>contains the primary statement of responsibility given for a work
  on its title page or at the head or end of the work.</desc><desc xml:lang="zh-tw" notBefore="2007-05-02">包含作品的主要責任陳述，出現在題名頁或作品開頭或結尾處。</desc>
  
  
  
  
  
  
  
  
  
</elementSpec>
  <elementSpec ident="dateline" module="textstructure">

<gloss/><gloss xml:lang="zh-tw" notBefore="2007-05-02"/>
<desc>contains a brief description of the place, date, time, etc. of
	production of a letter, newspaper story, or other work, prefixed or
	suffixed to it as a kind of heading or trailer. </desc><desc xml:lang="zh-tw" notBefore="2007-05-02">包含簡短的地點、日期及時間等的描述，通常出現在信件、報紙文章、或其他作品中的開頭或結尾，作為一種標頭或結尾。</desc>
  
  
  
  
  
  
</elementSpec>
  <elementSpec ident="argument" module="textstructure">

<gloss/><gloss xml:lang="zh-tw" notBefore="2007-05-02"/>
<desc>A formal list or prose description of the topics addressed by
  a subdivision of a text.</desc><desc xml:lang="zh-tw" notBefore="2007-05-02">規則列表或文字敘述，說明文本分段內容包含的主題。</desc>
  
  
  
  
  
</elementSpec>
  <elementSpec ident="epigraph" module="textstructure">

    <gloss>epigraph</gloss><gloss xml:lang="zh-tw" notBefore="2007-05-02">題詞</gloss>
<desc>contains a quotation, anonymous or attributed, appearing at
  the start of a section or chapter, or on a title page. </desc><desc xml:lang="zh-tw" notBefore="2007-05-02">包含一段匿名或署名引文，出現在段落或章節的開頭，或在題名頁中。</desc>
  
  
  
  
  
</elementSpec>
  <elementSpec ident="opener" module="textstructure">

<gloss/><gloss xml:lang="zh-tw" notBefore="2007-05-02"/>
<desc>groups together dateline, byline, salutation, and similar
phrases appearing as a preliminary group at the start of a
division, especially of a letter.</desc><desc xml:lang="zh-tw" notBefore="2007-05-02">匯集日期地點、署名、稱呼語及其他在區段開端出現的類似措辭，尤指信件開頭。</desc>
  
  
  
  
  
  
</elementSpec>
  <elementSpec ident="closer" module="textstructure">

<gloss/><gloss xml:lang="zh-tw" notBefore="2007-05-02"/>
<desc>groups together salutations, datelines, and similar
phrases appearing as a final group at the end of a
division, especially of a letter.</desc><desc xml:lang="zh-tw" notBefore="2007-05-02">匯集日期地點、署名、稱呼語、及其他在區段結尾出現的類似措辭，尤指信件結尾。</desc>
  
  
  
  
  
  
</elementSpec>
  <elementSpec ident="salute" module="textstructure">

<gloss>salutation</gloss><gloss xml:lang="zh-tw" notBefore="2007-05-02">稱呼語</gloss>
<desc>contains a salutation or greeting prefixed to a foreword,
dedicatory epistle, or other division of a text, or the
salutation in the closing of a letter, preface, etc.</desc><desc xml:lang="zh-tw" notBefore="2007-05-02">包含在序言、獻詞、或其他文本區段開頭的稱呼語或問候語，或是信件、引言等結尾處的致意詞。</desc>
  
  
  
  
  
</elementSpec>
  <elementSpec ident="signed" module="textstructure">

<gloss>signature</gloss><gloss xml:lang="zh-tw" notBefore="2007-05-02">簽名</gloss>
<desc>contains the closing salutation, etc., appended to a foreword,
  dedicatory epistle, or other division of a text. </desc><desc xml:lang="zh-tw" notBefore="2007-05-02">包含結尾致意詞等，附加在序言、獻詞、或其他文本區段中。</desc>
  
  
  
  
  
</elementSpec>
  <elementSpec ident="titlePage" module="textstructure">

    <gloss>title page</gloss><gloss xml:lang="zh-tw" notBefore="2007-05-02">題名頁</gloss>
<desc>contains the title page of a text, appearing within the front
  or back matter. </desc><desc xml:lang="zh-tw" notBefore="2007-05-02">包含文本的題名頁，出現在正文前資訊或正文後資訊之中。</desc>
  
  
  <attList>
    <attDef ident="type" usage="opt">
	
      <desc>classifies the title page according to any convenient typology.</desc><desc xml:lang="zh-tw" notBefore="2007-05-02">將題名頁分類。</desc>
      
      <valDesc>Any string, e.g. <mentioned>full</mentioned>, <mentioned>half</mentioned>, <mentioned>Series</mentioned>, etc.</valDesc><valDesc xml:lang="zh-tw" notBefore="2007-05-02">任何的字串，例如: <mentioned>完全</mentioned>, <mentioned>不完全</mentioned>, <mentioned>系列標題</mentioned>等。</valDesc>
      
    </attDef>
  </attList>
  
  
  
</elementSpec>
  <elementSpec ident="docTitle" module="textstructure">

    <gloss>document title</gloss><gloss xml:lang="zh-tw" notBefore="2007-05-02">文件題名</gloss>
<desc>contains the title of a document, including all its
  constituents, as given on a title page.</desc><desc xml:lang="zh-tw" notBefore="2007-05-02">包含文件題名，包含所有組成部分，同於題名頁上所顯示的題名。</desc>
  
  
  
  
  
</elementSpec>
  <elementSpec ident="titlePart" module="textstructure">

    <gloss>title part</gloss><gloss xml:lang="zh-tw" notBefore="2007-05-02">題名部分</gloss>
<desc>contains a subsection or division of the title of a work, as
  indicated on a title page.</desc><desc xml:lang="zh-tw" notBefore="2007-05-02">包含作品題名的部分或區段，同於題名頁上所標示的題名。
  </desc>
  
  
  <attList>
    <attDef ident="type" usage="opt">
	
      <desc>specifies the role of this subdivision of the title.</desc><desc xml:lang="zh-tw" notBefore="2007-05-02">說明該題名部分的作用。</desc>
      
      
      <valList type="semi">
        <valItem ident="main">
          
          <gloss>main title of the work
          </gloss><gloss xml:lang="zh-tw" notBefore="2007-05-02">作品主要題名</gloss>
        </valItem>
        <valItem ident="sub">
          
          <gloss>subtitle of the work
          </gloss><gloss xml:lang="zh-tw" notBefore="2007-05-02">作品次要題名</gloss>
        </valItem>
        <valItem ident="alt">
          
          <gloss>alternative title of the work
          </gloss><gloss xml:lang="zh-tw" notBefore="2007-05-02">作品代換題名</gloss>
	</valItem>        <valItem ident="short">
          
	  <gloss>abbreviated form of title</gloss><gloss xml:lang="zh-tw" notBefore="2007-05-02">題名的縮寫形式</gloss>
        </valItem>
        <valItem ident="desc">
          
          <gloss>descriptive paraphrase of the work 
          </gloss><gloss xml:lang="zh-tw" notBefore="2007-05-02">作品的描述性改述</gloss>
        </valItem>
      </valList>
    </attDef>
  </attList>
  
  
  
</elementSpec>
  <elementSpec ident="docAuthor" module="textstructure">

    <gloss>document author</gloss><gloss xml:lang="zh-tw" notBefore="2007-05-02">文件作者</gloss>
<desc>contains the name of the author of the document, as given on the
  title page (often but not always contained in a byline).</desc><desc xml:lang="zh-tw" notBefore="2007-05-02">包含文件作者名稱，同於題名頁上顯示的作者名 (經常但不一定出現在署名當中) 。</desc>
  
  
  
  
  
</elementSpec>
  <elementSpec ident="imprimatur" module="textstructure">

<gloss/><gloss xml:lang="zh-tw" notBefore="2007-05-02"/>
<desc>contains a formal statement authorizing the publication of
  a work, sometimes required to appear on a title page or its verso.</desc><desc xml:lang="zh-tw" notBefore="2007-05-02">包含作品出版的正式授權聲明，有時必須出現在題名頁或反頁上。</desc>
  
  
  
  
  
</elementSpec>
  <elementSpec ident="docEdition" module="textstructure">

<gloss>document edition</gloss><gloss xml:lang="zh-tw" notBefore="2007-05-02">文件版本</gloss>
<desc>contains an edition statement as presented on a title page of a
  document.</desc><desc xml:lang="zh-tw" notBefore="2007-05-02">包含一份版本陳述，與文件題名頁所顯示的相同。</desc>
  
  
  
  
  
</elementSpec>
  <elementSpec ident="docImprint" module="textstructure">

    <gloss>document imprint</gloss><gloss xml:lang="zh-tw" notBefore="2007-05-02">文件出版說明</gloss>
<desc>contains the imprint statement (place and date of publication,
publisher name), as given
(usually) at the foot of a title page.</desc><desc xml:lang="zh-tw" notBefore="2007-05-02">包含文件出版陳述 (出版日期、地點以及出版公司名稱) ，同於 (通常) 題名頁尾所顯示的出版資訊。</desc>
  
  
  
  
  
</elementSpec>
  <elementSpec ident="docDate" module="textstructure">

<gloss>document date</gloss><gloss xml:lang="zh-tw" notBefore="2007-05-02">文件日期</gloss>
<desc>contains the date of a document, as given
  (usually) on a title page.</desc><desc xml:lang="zh-tw" notBefore="2007-05-02">包含文件日期， 同於 (通常) 在題名頁上顯示的日期。</desc>
  
  
  <attList>
    <attDef ident="value" usage="opt">
	
      <desc>gives the value of the date in a standard form, generally YYYY-MM-DD.</desc><desc xml:lang="zh-tw" notBefore="2007-05-02">用標準形式來表示日期值，一般數值為 年-月-日。</desc>
      
      <valDesc>a date in one of the formats specified in <title>XML
        Schema Part 2: Datatypes Second Edition</title></valDesc><valDesc xml:lang="zh-tw" notBefore="2007-05-02">詳列在題名<title>XML Schema Part 2: Datatypes Second Edition</title>中的其中一種日期格式</valDesc>
      
    </attDef>
  </attList>
  
  
  
</elementSpec>
  <elementSpec ident="front" module="textstructure">

    <gloss>front matter</gloss><gloss xml:lang="zh-tw" notBefore="2007-05-02">正文前資訊</gloss>
<desc>contains any prefatory matter (headers,
title page, prefaces, dedications, etc.)
found  at the start of a document, before the main body.</desc><desc xml:lang="zh-tw" notBefore="2007-05-02">包含位於文件最前端、正文之前的項目 (標頭、題名頁、前言、獻詞等) 。 </desc>
  
  
  
  
  
  
</elementSpec>
  <elementSpec ident="back" module="textstructure">

    <gloss>back matter</gloss><gloss xml:lang="zh-tw" notBefore="2007-05-02">正文後資訊</gloss>
<desc>contains any appendixes, etc. following the main part of a
  text.</desc><desc xml:lang="zh-tw" notBefore="2007-05-02">在正文之後，包含附錄等。</desc>
  
  
  
  
  
</elementSpec>
</moduleSpec>
