<moduleSpec xmlns="http://www.tei-c.org/ns/1.0" ident="textcrit">
<classSpec ident="model.rdgLike" type="model" module="textcrit">
    <gloss>readings within a textual variation</gloss><gloss xml:lang="zh-tw" notBefore="2007-05-02">原文變異中的對應本</gloss>
    <desc>groups those elements which contain a single reading, other than the lemma, within a textual variation.</desc><desc xml:lang="zh-tw" notBefore="2007-05-02">所匯集的元素包含在原文變異中除了主題之外的對應本。</desc>
  
  
  
</classSpec>
<classSpec ident="model.rdgPart" type="model" module="textcrit">
<desc>groups elements which mark the beginning or ending of a fragmentary
manuscript or other witness.</desc><desc xml:lang="zh-tw" notBefore="2007-05-02">所匯集的元素標記出零散手稿的起始或結尾，或其他版本。</desc>
  
  
</classSpec>
<classSpec ident="att.rdgPart" type="atts" module="textcrit">
<desc>attributes for elements which mark the beginning or ending of a fragmentary
  manuscript or other witness.</desc><desc xml:lang="zh-tw" notBefore="2007-05-02">提供元素的屬性，這些元素標記岀零散手稿的起始、結尾或其他版本。</desc>
  <attList>
    <attDef ident="wit" usage="mwa">
	
	<desc>contains a list of one or more sigla indicating the witnesses
which begin or end at this point.</desc><desc xml:lang="zh-tw" notBefore="2007-05-02">一個或多個印記列表，指出於此處開始或結束的版本。</desc>
      
      <valDesc>A space-delimited series of sigla; each sigil should correspond
to a witness or witness group and occur as the value of the
<att>xml:id</att> attribute on a <gi>witness</gi> element elsewhere in the
document.</valDesc><valDesc xml:lang="zh-tw" notBefore="2007-05-02">一個限定空間的系列印記；每個印記應與一個或一組版本相符合，並在文件其他地方作為元素<gi>witness</gi>裡的屬性<att>xml:id</att>的屬性值。</valDesc>
    </attDef>
  </attList>
  
  
</classSpec>
<classSpec ident="att.textCritical" type="atts" module="textcrit">
<desc>defines a set of attributes common to all elements representing variant readings in text critical work.</desc><desc xml:lang="zh-tw" notBefore="2007-05-02">定義在文件評論作品中，所有標記變異對應本的元素可用的一套屬性。</desc>
  <attList>
    <attDef ident="wit" usage="mwa">
	
	<desc>contains a list of one or more pointers indicating the witnesses
which attest to a given reading.</desc><desc xml:lang="zh-tw" notBefore="2007-05-02">包含一個或多個指標的一份列表，連結到已知對應本的版本。</desc>
      
      <valDesc>A space-delimited series of sigla; each sigil should correspond
to a witness or witness group and occur as the value of the
<att>xml:id</att> attribute on a <gi>witness</gi> element elsewhere in the
        document.</valDesc><valDesc xml:lang="zh-tw" notBefore="2007-05-02">一個限定空間的系列印記；每個印記應與一個或一組版本相符合，並在文件其他地方作為元素<gi>witness</gi>裡的屬性<att>xml:id</att>的屬性值。</valDesc>
      
    </attDef>
    <attDef ident="type" usage="opt">
      
      <desc>classifies the reading according to some useful typology.</desc><desc xml:lang="zh-tw" notBefore="2007-05-02">用合宜的分類法將對應本分類。</desc>
      
      <valList type="open">
        <valItem ident="substantive">
          
          <gloss>the reading offers a substantive variant.</gloss><gloss xml:lang="zh-tw" notBefore="2007-05-02">對應本提供一個獨立變異。</gloss>
        </valItem>
        <valItem ident="orthographic">
          
          <gloss>the reading differs only orthographically, not in substance,
from other readings.</gloss><gloss xml:lang="zh-tw" notBefore="2007-05-02">該對應本僅於拼字法上與其他對應本不同，大致上維持不變。</gloss>
        </valItem>
      </valList>
      
    </attDef>
    <attDef ident="cause" usage="opt">
	
	<desc>classifies the cause for the variant reading, according to
	  any appropriate typology of possible origins.</desc><desc xml:lang="zh-tw" notBefore="2007-05-02">利用可能來源的任何適當分類法，將變異對應本的產生原因分類。</desc>
      
      <valList type="open">
	<valItem ident="homeoteleuton"/>
	<valItem ident="homeoarchy"/>
	<valItem ident="paleographic-confusion"/>
	<valItem ident="haplography"/>
	<valItem ident="dittography"/>
	<valItem ident="false-emendation"/>
      </valList>
      
    </attDef>
    <attDef ident="varSeq" usage="opt">
	
	<desc>provides a number indicating the position of this reading in a
sequence, when there is reason to presume a sequence to the variants
on any one lemma.</desc><desc xml:lang="zh-tw" notBefore="2007-05-02">當有理由假設任一主題的一系列變異對應本時，則提供一個數字，指出此對應本於連續系列中的位置。</desc>
      
      <valDesc>a positive integer</valDesc><valDesc xml:lang="zh-tw" notBefore="2007-05-02">一個正整數</valDesc>
      
      
    </attDef>
    <attDef ident="resp" usage="opt">
	
	<desc>identifies the editor responsible for asserting a
	particular reading in the witness.</desc><desc xml:lang="zh-tw" notBefore="2007-05-02">指出負責在版本中插入一特定對應本的編者。</desc>
      
      <valDesc>A pointer to an element in the document header that is
      associated with a person asserted as responsible for some aspect
      of the text's creation, transcription, editing, or encoding (see
      chapter <ptr target="#CE"/>).</valDesc><valDesc xml:lang="zh-tw" notBefore="2007-05-02">一個指標，連結到文件標頭裡的元素，表示在文件建立、轉錄、編輯、或編碼等某方面的負責人 (見章節<ptr target="#CE"/>)。</valDesc>
      
      
    </attDef>
    <attDef ident="hand" usage="opt">
	
	<desc>signifies the hand responsible for a particular reading in the
	  witness.</desc><desc xml:lang="zh-tw" notBefore="2007-05-02">指出該版本中特定對應本的負責人。</desc>
      
      <valDesc>must be one of the hand identifiers declared in the document
        header (see section <ptr target="#PHDH"/>).</valDesc><valDesc xml:lang="zh-tw" notBefore="2007-05-02">必須是文件標頭裡宣告的人員識別符碼之一 (見章節 <ptr target="#PHDH"/>)。</valDesc>
      
      
    </attDef>
  </attList>
  
  
</classSpec>
  <elementSpec ident="app" module="textcrit">

<gloss>apparatus entry</gloss><gloss xml:lang="zh-tw" notBefore="2007-05-02">學術編輯註解項目</gloss>
<desc>contains one entry in a critical apparatus, with an optional
  lemma and at least one reading.</desc><desc xml:lang="zh-tw" notBefore="2007-05-02">一項學術編輯註解，內含一個不必備主題以及至少一個對應本。</desc>
  
  
  <attList>
    <attDef ident="type" usage="opt">
	
	<desc>classifies the variation contained in this element according to
some convenient typology.</desc><desc xml:lang="zh-tw" notBefore="2007-05-02">利用合適的分類法將此元素所標記的變異分類。</desc>
      
      <valDesc>Any convenient descriptive word or phrase, describing the
extent of the variation (e.g.  <mentioned>word</mentioned>, <mentioned>phrase</mentioned>,
<mentioned>punctuation</mentioned>, etc.) its text-critical significance (e.g.
<mentioned>significant</mentioned>, <mentioned>accidental</mentioned>, <mentioned>unclear</mentioned>), or the nature
of the variation or the principles required to understand it (e.g.
        <mentioned>lectio difficilior</mentioned>, <mentioned>usus auctoris</mentioned>, etc.)</valDesc><valDesc xml:lang="zh-tw" notBefore="2007-05-02">任何合宜的敘述性文字，描述變異的程度 (例如<mentioned>字</mentioned>、<mentioned>詞</mentioned>、<mentioned>標點符號</mentioned>等。)、文件評論重要性 (例如<mentioned>重要</mentioned>、<mentioned>次要</mentioned>、<mentioned>不明</mentioned>)、或變異性質或理解原則(例如<mentioned>lectio difficilior</mentioned>、<mentioned>usus auctoris</mentioned>等。)</valDesc>
      
    </attDef>
    <attDef ident="from" usage="opt">
	
	<desc>identifies the beginning of the lemma in the base text, if
necessary.</desc><desc xml:lang="zh-tw" notBefore="2007-05-02">必要情況下，指出基礎文件中該主題的開端。</desc>
      
      <valDesc>any valid identifier</valDesc><valDesc xml:lang="zh-tw" notBefore="2007-05-02">任何有效識別符碼</valDesc>
      
      
    </attDef>
    <attDef ident="to" usage="opt">
	
	<desc>identifies the endpoint of the lemma in the base text, if
	  necessary.</desc><desc xml:lang="zh-tw" notBefore="2007-05-02">必要情況下，指出基礎文件中該主題的結尾。</desc>
      
      <valDesc>any valid identifier</valDesc><valDesc xml:lang="zh-tw" notBefore="2007-05-02">任何有效識別符碼</valDesc>
      
      
    </attDef>
    <attDef ident="loc" usage="mwa">
	
	<desc>indicates the location of the variation, when the
	  location-referenced method of apparatus markup is used.</desc><desc xml:lang="zh-tw" notBefore="2007-05-02">使用學術編輯註解標記的位置參照辦法時，指出變異的位置。</desc>
      
      <valDesc>Any string containing a canonical reference for the passage
to which the variation applies.</valDesc><valDesc xml:lang="zh-tw" notBefore="2007-05-02">包含一個標準參照的字串，表示變異的段落。</valDesc>
      
      
    </attDef>
  </attList>
  
  
  
</elementSpec>
  <elementSpec ident="lem" module="textcrit">

<gloss>lemma</gloss><gloss xml:lang="zh-tw" notBefore="2007-05-02">主題</gloss>
    <desc>contains the lemma, or base text, of a textual variation.</desc><desc xml:lang="zh-tw" notBefore="2007-05-02">包含一個原文變異的主題或基礎文件。</desc>
  
  
  
  
  
</elementSpec>
  <elementSpec ident="rdg" module="textcrit">

<gloss>reading</gloss><gloss xml:lang="zh-tw" notBefore="2007-05-02">對應本</gloss>
    <desc>contains a single reading within a textual variation.</desc><desc xml:lang="zh-tw" notBefore="2007-05-02">包含原文變異中的一個對應本。</desc>
  
  
  
  
  
</elementSpec>
  <elementSpec ident="rdgGrp" module="textcrit">

<gloss>reading group</gloss><gloss xml:lang="zh-tw" notBefore="2007-05-02">對應本群組</gloss>
<desc>within a textual variation,
groups two or more readings perceived to have a genetic
relationship or other affinity.</desc><desc xml:lang="zh-tw" notBefore="2007-05-02">原文變異中，匯集兩個或多個認為具有根源關係或於其他方面性質類似的對應本。</desc>
  
  
  
  
  
</elementSpec>
  <elementSpec ident="witDetail" module="textcrit">

<gloss/><gloss xml:lang="zh-tw" notBefore="2007-05-02"/>
<desc>gives further information about a particular witness, or
  witnesses, to a particular reading.</desc><desc xml:lang="zh-tw" notBefore="2007-05-02">進一步提供一個特殊對應本的特殊版本資訊。</desc>
  
  
  <attList>
    <attDef ident="target" usage="req">
	
	<desc>indicates the identifier for the reading, or readings, to which
	  the witness detail refers.</desc><desc xml:lang="zh-tw" notBefore="2007-05-02">指出版本細節資訊所參照的一個或多個對應本的識別符碼。</desc>
      
      <valDesc>the identifier of the reading or readings.</valDesc><valDesc xml:lang="zh-tw" notBefore="2007-05-02">一個或多個對應本的識別符碼。</valDesc>
      
    </attDef>
    <attDef ident="resp" usage="opt">
	
	<desc>identifies the individual responsible for  identifying the
	  witness</desc><desc xml:lang="zh-tw" notBefore="2007-05-02">說明負責辨識版本的人員。</desc>
      
      <valDesc>a pointer to one of the identifiers declared in the
      document header, associated with a person asserted as
      responsible for some aspect of the text's creation,
      transcription, editing, or encoding</valDesc><valDesc xml:lang="zh-tw" notBefore="2007-05-02">一個指標，連結到文件標頭裡宣告的識別符碼，表示在文件建立、轉錄、編輯、或編碼等某方面的負責人。</valDesc>
      
    </attDef>
    <attDef ident="wit" usage="req">
	
	<desc>indicates the sigil or sigla for the witnesses to which the
	  detail refers.</desc><desc xml:lang="zh-tw" notBefore="2007-05-02">標明細節資訊所指版本的一個或多個印記。</desc>
      
      <valDesc>the identifier of the sigil or sigla.</valDesc><valDesc xml:lang="zh-tw" notBefore="2007-05-02">一個或多個印記的識別符碼。</valDesc>
      
      

    </attDef>
    <attDef ident="type" usage="opt">
	
	<desc>describes the type of information given about the witness.</desc><desc xml:lang="zh-tw" notBefore="2007-05-02">版本的資訊種類。</desc>
      
      <valDesc>Values can be taken from any convenient typology of annotation
suitable to the work in hand;  e.g. letter form, ornament, …</valDesc><valDesc xml:lang="zh-tw" notBefore="2007-05-02">屬性值可從任何適合的註解分類中取得。</valDesc>
    </attDef>
  </attList>
  
  
  
</elementSpec>
  <elementSpec ident="wit" module="textcrit">

<gloss/><gloss xml:lang="zh-tw" notBefore="2007-05-02"/>
<desc>contains a list of one or more sigla of witnesses attesting a
  given reading, in a textual variation.</desc><desc xml:lang="zh-tw" notBefore="2007-05-02">原文變異中，表明已知對應本版本的一個或多個印記的列表。</desc>

  
  
  
  
</elementSpec>
  <elementSpec ident="witList" module="textcrit">

<gloss>witness list</gloss><gloss xml:lang="zh-tw" notBefore="2007-05-02">版本列表</gloss>
<desc>contains a list of all the witnesses referred to in
wit elements or wit attributes
within the critical apparatus.</desc><desc xml:lang="zh-tw" notBefore="2007-05-02">包含一份所有版本的列表，這些版本在學術編輯註解中的元素<gi>wit</gi>或屬性<att>wit</att>內指明。</desc>
  
  
  
  
  
</elementSpec>
  <elementSpec ident="witness" module="textcrit">

<gloss/><gloss xml:lang="zh-tw" notBefore="2007-05-02"/>
<desc>contains either a description of a single witness referred to
within the critical apparatus, or a list of witnesses which is to be
referred to by a single sigil.</desc><desc xml:lang="zh-tw" notBefore="2007-05-02">包含學術編輯註解中所指的單一版本描述，或由一個印記所參照的版本列表。</desc>
  
  <attList>
    <attDef ident="included" usage="mwa">
	
      <desc>indicates which other witnesses are included in a witness group.</desc><desc xml:lang="zh-tw" notBefore="2007-05-02">指出哪些其他版本包括在版本群組中。</desc>
      
      <valDesc>A space-delimited series of sigla; each sigil should
      correspond to a witness, and should occur as the value of the
      <att>xml:id</att> attribute on a <gi>witness</gi> element,
        typically in the header of the document.</valDesc><valDesc xml:lang="zh-tw" notBefore="2007-05-02">一個限定空間的系列印記；每個印記應與一個或一組版本相符合，並作為元素<gi>witness</gi>裡的屬性<att>xml:id</att>的屬性值，通常位於文件標頭中。</valDesc>
      
    </attDef>
  </attList>
  
  
  
</elementSpec>
  <elementSpec ident="witStart" module="textcrit">

<gloss/><gloss xml:lang="zh-tw" notBefore="2007-05-02"/>
<desc>indicates the beginning, or resumption, of the text of a
fragmentary witness.</desc><desc xml:lang="zh-tw" notBefore="2007-05-02">指明零散版本文字的開端或重新開始。</desc>
  
  
  
  
  
</elementSpec>
  <elementSpec ident="witEnd" module="textcrit">

<gloss/><gloss xml:lang="zh-tw" notBefore="2007-05-02"/>
<desc>indicates the end, or suspension, of the text of a fragmentary
  witness.</desc><desc xml:lang="zh-tw" notBefore="2007-05-02">指明零散版本文字的結尾或中止。</desc>
  
  
  
  
  
</elementSpec>
  <elementSpec ident="lacunaStart" module="textcrit">

<gloss/><gloss xml:lang="zh-tw" notBefore="2007-05-02"/>
<desc>indicates the beginning of a lacuna in the text of a mostly
  complete textual witness.</desc><desc xml:lang="zh-tw" notBefore="2007-05-02">指出於大致完整的文字版本中，一個缺文的開始。</desc>
  
  
  
  
  
</elementSpec>
  <elementSpec ident="lacunaEnd" module="textcrit">

<gloss/><gloss xml:lang="zh-tw" notBefore="2007-05-02"/>
<desc>indicates the end of a lacuna in a mostly complete textual
  witness.</desc><desc xml:lang="zh-tw" notBefore="2007-05-02">指出於大致完整的文字版本中，一個缺文的結束。</desc>
  
  
  
  
  
</elementSpec>
</moduleSpec>
