<moduleSpec xmlns="http://www.tei-c.org/ns/1.0" ident="transcr">
  <elementSpec ident="addSpan" module="transcr">
  <gloss>added span of text</gloss><gloss xml:lang="zh-tw" notBefore="2007-05-02">加入的文字段</gloss>
  <desc>marks the beginning of a longer sequence of text added by an
    author, scribe, annotator or corrector (see also <ref target="#ADD"><gi>add</gi></ref>).</desc><desc xml:lang="zh-tw" notBefore="2007-05-02">標記由作者、抄寫者、註解者或更正者所加入的較長連續文字之開端  (參照<ref target="#ADD"><gi>add</gi></ref>) 。</desc>
  
  
  
  
  
</elementSpec>
  <elementSpec ident="delSpan" module="transcr">

<gloss>deleted span of text</gloss><gloss xml:lang="zh-tw" notBefore="2007-05-02">刪除的文字段</gloss>
<desc>marks the beginning of a longer sequence of text deleted,
marked as deleted, or otherwise signaled as superfluous or spurious by an
author, scribe, annotator, or corrector.</desc><desc xml:lang="zh-tw" notBefore="2007-05-02">標記一較長連續性文字之開端，該文字由作者、抄寫者、註解者、或更正者刪除、標上刪除記號、或者標明為多餘或偽造。</desc>
  
  
  
  
  
</elementSpec>
  <elementSpec ident="restore" module="transcr">

<gloss/><gloss xml:lang="zh-tw" notBefore="2007-05-02"/>
<desc>indicates restoration of text to an earlier state by
  cancellation of an editorial or authorial marking or instruction.</desc><desc xml:lang="zh-tw" notBefore="2007-05-02">經由取消編輯或作者所做的記號或指示，復原文件到之前的狀況。</desc>
  
  
  <attList>
<attDef ident="means" usage="rec">
	
  <desc>characterizes  the means of restoration.</desc><desc xml:lang="zh-tw" notBefore="2007-05-02">說明復原的方法</desc>
      
  <valDesc>Any word or phrase, such as <mentioned>stet</mentioned> or <mentioned>strike-down</mentioned>.</valDesc><valDesc xml:lang="zh-tw" notBefore="2007-05-02">任何單字或詞彙，例如<mentioned>不刪</mentioned>或<mentioned>完全刪除</mentioned>。</valDesc>
      
    </attDef>

    <attDef ident="type" usage="rec">
	
      <desc>indicates the action cancelled by the restoration.</desc><desc xml:lang="zh-tw" notBefore="2007-05-02">說明復原時所取消的動作。</desc>
      
      <valDesc/><valDesc xml:lang="zh-tw" notBefore="2007-05-02"/>
      
    </attDef>

    <attDef ident="hand" usage="rec">
	
	<desc>signifies the hand of the agent which made the restoration.</desc><desc xml:lang="zh-tw" notBefore="2007-05-02">指出復原的經手人。</desc>
      
      <valDesc>must be one of the hand identifiers declared in the document
        header (see section <ptr target="#PHDH"/>).</valDesc><valDesc xml:lang="zh-tw" notBefore="2007-05-02">必須是文件標頭裡宣告的人員識別符碼之一 (見章節 <ptr target="#PHDH"/>) 。</valDesc>
      
    </attDef>
  </attList>
  
  
</elementSpec>
  <elementSpec ident="supplied" module="transcr">

<gloss/><gloss xml:lang="zh-tw" notBefore="2007-05-02"/>
<desc>signifies text supplied by the transcriber or editor in place
of text which cannot be read, either because of physical damage or
loss in the original or because it is illegible for any
reason.</desc><desc xml:lang="zh-tw" notBefore="2007-05-02">指出一段由轉錄者或編者添加的補充文字，添加的原因是該位置的文字無法被辨認，也許是因為來源文件的損壞或內容遺失、或是任何其他原因導致難以辨認。</desc>
  
  
  <attList>
    <attDef ident="reason" usage="opt">
	
	<desc>indicates why the text has had to be supplied.</desc><desc xml:lang="zh-tw" notBefore="2007-05-02">說明該文件當時必須補充的原因。</desc>
      
      <valDesc>any phrase describing the difficulty, e.g.
<mentioned>overbinding</mentioned>, <mentioned>faded ink</mentioned>, <mentioned>lost folio</mentioned>, <mentioned>omitted
  in original</mentioned>.</valDesc><valDesc xml:lang="zh-tw" notBefore="2007-05-02">任何描述問題的辭彙，例如<mentioned>過度裝訂</mentioned>、<mentioned>墨水褪色</mentioned>、<mentioned>缺頁</mentioned>、或<mentioned>在原文中被刪除</mentioned>。</valDesc>
    </attDef>
    <attDef ident="hand" usage="opt">
	
	<desc>where the presumed loss of text leading to the supplying of
text arises from action (partial deletion, etc.) assignable to an
identifiable hand, signifies the hand responsible for the action.</desc><desc xml:lang="zh-tw" notBefore="2007-05-02">文字認定為遺失進而補充文字，該補充行為 (部分刪除等) 必須透過一個身份明確的經手人完成，在此指明該負責該動作的經手人身分。</desc>
      
      <valDesc>must be one of the hand identifiers declared in the document
        header (see section <ptr target="#PHDH"/>).</valDesc><valDesc xml:lang="zh-tw" notBefore="2007-05-02">必須是文件標頭裡宣告的人員識別符碼之一 (見章節 <ptr target="#PHDH"/>) 。</valDesc>
    </attDef>
    <attDef ident="agent" usage="opt">
	
      <desc>In the case of text which has been supplied  because of damage, categorizes the cause of the damage, if it can be identified.</desc><desc xml:lang="zh-tw" notBefore="2007-05-02">若文字的補充是出於可識別的文件損壞，則在此將損壞原因分類。</desc>
      
<valList type="open">
  <valItem ident="rubbing"><gloss>damage results from rubbing of the
    leaf edges</gloss><gloss xml:lang="zh-tw" notBefore="2007-05-02">損毀是起因於書頁邊緣摩擦受損</gloss></valItem>
  <valItem ident="mildew"><gloss>damage results from mildew on the leaf surface</gloss><gloss xml:lang="zh-tw" notBefore="2007-05-02">損毀是起因於書頁表面發霉</gloss></valItem>
  <valItem ident="smoke"><gloss>damage results from smoke</gloss><gloss xml:lang="zh-tw" notBefore="2007-05-02">損毀是起因於煙燻</gloss></valItem>
</valList>
      
    </attDef>
    <attDef ident="source" usage="opt">
	
	<desc>states the source of the supplied text.</desc><desc xml:lang="zh-tw" notBefore="2007-05-02">指明補充文字的來源。</desc>
      
      <valDesc>any string of characters identifying the source of the
      supplied text. This might be the sigil for a manuscript, or a
      particular edition, or the transcriber or editor's own initials,
      indicating it as their conjecture.</valDesc><valDesc xml:lang="zh-tw" notBefore="2007-05-02">任何表示補充文字來源的字串。也許是手稿的章印、或是一特殊版本、或是轉錄者或編者的姓名縮寫，表示是他們所做的決定。</valDesc>
    </attDef>
  </attList>
  
  
  
</elementSpec>
  <elementSpec ident="hand" module="transcr">

<gloss/><gloss xml:lang="zh-tw" notBefore="2007-05-02"/>
<desc>used in the header to define each distinct scribe or
handwriting style.</desc><desc xml:lang="zh-tw" notBefore="2007-05-02">在標頭中定義每一個特殊的抄寫 (者) 或書寫風格。</desc>
  
  <attList>

    <attDef ident="scribe" usage="opt">
	
	<desc>gives the name of,or other identifier for, the scribe.</desc><desc xml:lang="zh-tw" notBefore="2007-05-02">提供抄寫 (者) 的名稱或其他識別符碼。</desc>
      
      <valDesc>Any name, such as <mentioned>tremulous
 hand</mentioned>, <mentioned>Hand B</mentioned>, <mentioned>Hoccleve,
   used to identify a scribe</mentioned></valDesc><valDesc xml:lang="zh-tw" notBefore="2007-05-02">任何用來識別抄寫 (者) 的名稱，例如<mentioned>書寫顫抖</mentioned>、<mentioned>經手人 B</mentioned>、<mentioned>Hoccleve</mentioned>等。</valDesc>
      
    </attDef>
    <attDef ident="style" usage="opt">
	
	<desc>indicates recognized writing styles.</desc><desc xml:lang="zh-tw" notBefore="2007-05-02">說明被認定的書寫風格。</desc>
      
      <valDesc>Any descriptive name such as <mentioned>secretary</mentioned>,
        <mentioned>copperplate</mentioned>, <mentioned>Chancery</mentioned>, <mentioned>Italian</mentioned>, etc.</valDesc><valDesc xml:lang="zh-tw" notBefore="2007-05-02">任何描述性的名稱，像是<mentioned>草書體大鉛字</mentioned>、<mentioned>銅版印刷</mentioned>、 <mentioned>法庭</mentioned>、或<mentioned>義大利文</mentioned>等。</valDesc>
      
    </attDef>
    <attDef ident="mainLang" usage="opt">
	
      <desc>indicates dominant language of hand.</desc><desc xml:lang="zh-tw" notBefore="2007-05-02">指出主要語言。</desc>
      
      <valDesc>As per RFC 3066 or its successor; e.g. <val>la</val>
      (latin), <val>en-NZ</val> (English as spoken in New Zealand), <val>zh-TW</val>
        (Taiwanese).</valDesc><valDesc xml:lang="zh-tw" notBefore="2007-05-02">同於RFC 3066或其系列所定義；例如<val>la</val> (拉丁文) 、<val>en-NZ</val> (紐西蘭英語) 、<val>zh-TW</val> (台灣繁體中文) 。</valDesc>
      
    </attDef>
    <attDef ident="ink" usage="opt">
	
	<desc>describes tint or type
	  of ink, e.g. <mentioned>brown</mentioned>.  May also be used to indicate the writing medium, e.g. <mentioned>pencil</mentioned></desc><desc xml:lang="zh-tw" notBefore="2007-05-02">描述色料或墨水種類，例如<mentioned>棕色</mentioned>。也可用來說明書寫媒介，例如<mentioned>鉛筆</mentioned>。</desc>
      
      
    </attDef>
    <attDef ident="writing" usage="opt">
	
	<desc>describes other characteristics of the hand,
particularly those related to the quality of the writing.</desc><desc xml:lang="zh-tw" notBefore="2007-05-02">描述其他筆跡特性、尤其是書寫品質相關特性。</desc>
      
<valList type="open">
<valItem ident="shaky"><gloss>handwriting is shaky</gloss><gloss xml:lang="zh-tw" notBefore="2007-05-02">筆跡顫抖</gloss>
</valItem>
<valItem ident="thick"><gloss>strokes are unusually thick</gloss><gloss xml:lang="zh-tw" notBefore="2007-05-02">筆畫較粗</gloss>
</valItem>
<valItem ident="regular"><gloss>writing is regular</gloss><gloss xml:lang="zh-tw" notBefore="2007-05-02">一般書寫</gloss>
</valItem>
</valList>
      
    </attDef>
    <attDef ident="first" usage="opt">
	
	<desc>indicates whether or
	  not this is the first or main scribe of the document.</desc><desc xml:lang="zh-tw" notBefore="2007-05-02">說明這是否是文件的第一份或主要抄寫本。</desc>
      
      <valDesc><mentioned>true</mentioned> or <mentioned>false</mentioned></valDesc><valDesc xml:lang="zh-tw" notBefore="2007-05-02"><mentioned>是</mentioned>或<mentioned>否</mentioned></valDesc>
      
    </attDef>
    <attDef ident="resp" usage="rec">
	
	<desc>indicates the editor or transcriber responsible for identifying
the hand.</desc><desc xml:lang="zh-tw" notBefore="2007-05-02">說明負責辨識筆跡的抄寫者或編者。</desc>
      
      <valDesc>a pointer to one of the identifiers declared in the
      document header, associated with a person asserted as
      responsible for some aspect of the text's creation,
      transcription, editing, or encoding (see chapter <ptr target="#CE"/>)</valDesc><valDesc xml:lang="zh-tw" notBefore="2007-05-02">一個指標連結到文件標頭裡宣告的識別符碼，表示一位在文件建立、轉錄、編輯、或編碼等某方面的負責人。 (見章節<ptr target="#CE"/>) </valDesc>
      
    </attDef>
  </attList>
  
  
  
</elementSpec>
  <elementSpec ident="handShift" module="transcr">

<gloss/><gloss xml:lang="zh-tw" notBefore="2007-05-02"/>
<desc>marks the beginning of a sequence of text written in a new
  hand, or the beginning of a scribal stint.</desc><desc xml:lang="zh-tw" notBefore="2007-05-02">標記連續文字中轉換書寫者的開始，或是一個抄寫工作的開始。</desc>
  
  
  <attList>
    <attDef ident="new" usage="req">
	
	<desc>identifies the new hand.</desc><desc xml:lang="zh-tw" notBefore="2007-05-02">表示新的書寫者。</desc>
      
      <valDesc>must be one of the hand identifiers declared in the document
        header (see section <ptr target="#PHDH"/>).</valDesc><valDesc xml:lang="zh-tw" notBefore="2007-05-02">必須是文件標頭裡宣告的人員識別符碼之一 (見章節 <ptr target="#PHDH"/>) 。</valDesc>
      
    </attDef>

    <attDef ident="style" usage="opt">
	
	<desc>indicates recognized
	  writing styles.</desc><desc xml:lang="zh-tw" notBefore="2007-05-02">說明所識別的書寫風格。</desc>
      
      <valDesc>Any
descriptive name such as <mentioned>secretary</mentioned>,
        <mentioned>copperplate</mentioned>, <mentioned>Chancery</mentioned>, <mentioned>Italian</mentioned>, etc.</valDesc><valDesc xml:lang="zh-tw" notBefore="2007-05-02">任何描述性的名稱，例如<mentioned>草書體大鉛字</mentioned>、<mentioned>銅版印刷</mentioned>、 <mentioned>法庭</mentioned>、或<mentioned>義大利文</mentioned>等。</valDesc>
      
    </attDef>
    <attDef ident="ink" usage="opt">
	
	<desc>describes tint or type
	  of ink, e.g. <mentioned>brown</mentioned>.  May also be used to indicate the writing medium, e.g. <mentioned>pencil</mentioned></desc><desc xml:lang="zh-tw" notBefore="2007-05-02">描述色料或墨水種類，例如<mentioned>棕色</mentioned>。也可用來說明書寫媒介，例如<mentioned>鉛筆</mentioned>。</desc>
      
      
    </attDef>
    <attDef ident="writing" usage="opt">
	
	<desc>describes other characteristics of the hand,
	  particularly those related to the quality of the writing.</desc><desc xml:lang="zh-tw" notBefore="2007-05-02">描述其他筆跡特性、尤其是書寫品質相關特性。</desc>
      
<valList type="open">
  <valItem ident="shaky"><gloss>handwriting is shaky</gloss><gloss xml:lang="zh-tw" notBefore="2007-05-02">筆跡顫抖</gloss>
</valItem>
  <valItem ident="thick"><gloss>strokes are unusually thick</gloss><gloss xml:lang="zh-tw" notBefore="2007-05-02">筆畫較粗</gloss>
</valItem>
  <valItem ident="regular"><gloss>writing is regular</gloss><gloss xml:lang="zh-tw" notBefore="2007-05-02">一般書寫  </gloss>
</valItem>
</valList>
      
    </attDef>
    <attDef ident="resp" usage="rec">
	
	<desc>signifies the editor or transcriber responsible for identifying
the change of hand.</desc><desc xml:lang="zh-tw" notBefore="2007-05-02">指出負責確認書寫者改變的編者或轉錄者。</desc>
      
      <valDesc>must be one of the identifiers declared in the document
header, associated with a person asserted as responsible for some
aspect of the text's creation, transcription, editing, or encoding
(see chapter <ptr target="#CE"/>).</valDesc><valDesc xml:lang="zh-tw" notBefore="2007-05-02">必須是文件標頭裡宣告的識別符碼，表示一位在文件建立、轉錄、編輯、或編碼等某方面的負責人。(見章節<ptr target="#CE"/>) </valDesc>
      
    </attDef>
  </attList>
  
  
  
</elementSpec>
  <elementSpec ident="handList" module="transcr">

<gloss/><gloss xml:lang="zh-tw" notBefore="2007-05-02"/>
<desc>contains a series of hand elements listing the
  different hands of the source.</desc><desc xml:lang="zh-tw" notBefore="2007-05-02">包含一系列<gi>書寫者</gi>元素，列出來源文件中不同的書寫者。</desc>
  
  
  
  
  
</elementSpec>
  <elementSpec ident="damage" module="transcr">

<gloss/><gloss xml:lang="zh-tw" notBefore="2007-05-02"/>
<desc>contains an area of damage to the text witness.</desc><desc xml:lang="zh-tw" notBefore="2007-05-02">包含文件中一塊損毀區域。</desc>
  
  
  <attList>
    <attDef ident="type" usage="opt">
	
	<desc>classifies the damage according to any convenient typology.</desc><desc xml:lang="zh-tw" notBefore="2007-05-02">用合適的分類方法將損毀情形分類。</desc>
      
      <valDesc>any phrase describing the damage, e.g. <mentioned>faded</mentioned>,
        <mentioned>overbound</mentioned>, <mentioned>water</mentioned>, <mentioned>charred with loss of paper</mentioned>.</valDesc><valDesc xml:lang="zh-tw" notBefore="2007-05-02">任何用來形容損毀情形的詞彙，例如<mentioned>褪色</mentioned>、<mentioned>過度裝訂</mentioned>、<mentioned>水漬</mentioned>、<mentioned>燒毀缺頁</mentioned>。</valDesc>
      
    </attDef>
    <attDef ident="extent" usage="opt">
	
	<desc>indicates approximately how much text is in the damaged area,
in letters, minims, inches, or any appropriate unit, where this
cannot be deduced from the contents of the tag.  For example, the
damage may span structural divisions in the text so that the tag must
then be empty of content.</desc><desc xml:lang="zh-tw" notBefore="2007-05-02">約略指出損毀區域的文字量，可用字母數、公釐、英吋、或其他適當的單位來表示。但無法根據標籤的內容作判斷，例如在整段結構性區段皆損毀的情形下，所標記的標籤沒有內容。</desc>
      
      <valDesc>any measurement phrase, e.g. <mentioned>25 letters</mentioned>, <mentioned>2 × 3
        inches</mentioned>.</valDesc><valDesc xml:lang="zh-tw" notBefore="2007-05-02">度量用詞，例如<mentioned>25個字母</mentioned>、<mentioned>2 × 3 英吋</mentioned>。</valDesc>
      
    </attDef>
    <attDef ident="hand" usage="opt">
	
	<desc>In the case of damage (deliberate defacement, etc.) assignable
to an identifiable hand, signifies the hand responsible for the
damage.</desc><desc xml:lang="zh-tw" notBefore="2007-05-02">若可確認損毀人的身分 (蓄意損毀的情形等) ，則在此指出該損毀負責人。</desc>
      
      <valDesc>must be one of the hand identifiers declared in the document
        header (see section <ptr target="#PHDH"/>).</valDesc><valDesc xml:lang="zh-tw" notBefore="2007-05-02">必須是文件標頭裡宣告的人員識別符碼之一 (見章節 <ptr target="#PHDH"/>) 。</valDesc>
      
    </attDef>
    <attDef ident="agent" usage="opt">
	
	<desc>categorizes the cause of the damage, if it can be identified.</desc><desc xml:lang="zh-tw" notBefore="2007-05-02">若可明確辨別，則在此將損毀導因分類。</desc>
      
<valList type="open">
  <valItem ident="rubbing"><gloss>damage results from rubbing of the
    leaf edges</gloss><gloss xml:lang="zh-tw" notBefore="2007-05-02">損毀是起因於書頁邊緣摩擦受損</gloss></valItem>
  <valItem ident="mildew"><gloss>damage results from mildew on the leaf surface</gloss><gloss xml:lang="zh-tw" notBefore="2007-05-02">損毀是起因於書頁表面發霉</gloss></valItem>
  <valItem ident="smoke"><gloss>damage results from smoke</gloss><gloss xml:lang="zh-tw" notBefore="2007-05-02">損毀是起因於煙燻</gloss></valItem>
</valList>
      
    </attDef>
    <attDef ident="degree" usage="opt">
	
	<desc>Signifies the degree of damage according to a convenient scale.
The <gi>damage</gi> tag with the <att>degree</att> attribute should
only be used where the text may be read with some confidence; text
supplied from other sources should be tagged as <gi>supplied</gi>.</desc><desc xml:lang="zh-tw" notBefore="2007-05-02">用合適的分級來說明損毀的程度。只能在文字多少可辨認的情形下，使用元素<gi>damage</gi>加上屬性<att>degree</att>；從其他來源補充的文字應該用元素<gi>supplied</gi>來標記。</desc>
      
      <valDesc>an alphanumeric categorization of the degree of damage, as
        <mentioned>0.4</mentioned>.</valDesc><valDesc xml:lang="zh-tw" notBefore="2007-05-02">由字母與數字組成的損毀等級分類，如<mentioned>0.4</mentioned>。</valDesc>
      
      
    </attDef>
  </attList>
  
  
  
</elementSpec>
  <elementSpec xmlns:rng="http://relaxng.org/ns/structure/1.0" ident="space" module="transcr">

<gloss/><gloss xml:lang="zh-tw" notBefore="2007-05-02"/>
<desc>indicates the location of a significant space in the copy text.</desc><desc xml:lang="zh-tw" notBefore="2007-05-02">指出來源文件中出現大片空白的位置。</desc>
  
  
  <attList>
    <attDef ident="dim" usage="rec">
	
	<desc>indicates whether the space is horizontal or vertical.</desc><desc xml:lang="zh-tw" notBefore="2007-05-02">指出該空白是水平的或垂直的。</desc>
      <valList type="closed">
        <valItem ident="horizontal">
          
          <gloss>the space is horizontal.</gloss><gloss xml:lang="zh-tw" notBefore="2007-05-02">空白是水平的。</gloss>
        </valItem>
        <valItem ident="vertical">
          
          <gloss>the space is vertical.</gloss><gloss xml:lang="zh-tw" notBefore="2007-05-02">空白是垂直的。</gloss>
        </valItem>
      </valList>
      
    </attDef>
    <attDef ident="extent" usage="opt">
	
	<desc>indicates approximately how large the space is, in letters,
	  minims, inches, or other appropriate unit.</desc><desc xml:lang="zh-tw" notBefore="2007-05-02">約略指出空白的面積大小，可用字母數、公釐、英吋、或其他適當的單位來表示。</desc>
      
      <valDesc>any measured quantity, e.g. <mentioned>10 letters</mentioned> or <mentioned>4
        lines</mentioned>.</valDesc><valDesc xml:lang="zh-tw" notBefore="2007-05-02">任何測量的量，例如<mentioned>10個字母</mentioned>、或<mentioned>4行</mentioned>。</valDesc>
      
    </attDef>
    <attDef ident="resp" usage="opt">
	
	<desc>indicates the individual responsible for identifying and measuring
	  the space.</desc><desc xml:lang="zh-tw" notBefore="2007-05-02">指出確認及測量空白大小的負責人。</desc>
      
      <valDesc>a pointer to one of the identifiers declared in the
      document header, associated with a person asserted as
      responsible for some aspect of the text's creation,
      transcription, editing, or encoding</valDesc><valDesc xml:lang="zh-tw" notBefore="2007-05-02">一個指標連結到文件標頭裡宣告的識別符碼，表示一位在文件建立、轉錄、編輯、或編碼等某方面的負責人。</valDesc>
      
    </attDef>
  </attList>
  
  
  
</elementSpec>
  <elementSpec ident="fw" module="transcr">
  <gloss>forme work</gloss><gloss xml:lang="zh-tw" notBefore="2007-05-02">印版文字</gloss>
  <desc>contains a running head (e.g. a header, footer), catchword, or
  similar material appearing on the current page.</desc><desc xml:lang="zh-tw" notBefore="2007-05-02">包含一個欄外標題 (例如頁眉、頁腳) 、標語、或出現在所標記頁面的類似文字。</desc>
  
  
  <attList>
    <attDef ident="type" usage="rec">
	<desc>classifies the material encoded according to some useful typology.</desc><desc xml:lang="zh-tw" notBefore="2007-05-02">用合適的分類方法將所標記的內容分類。</desc>
      
      <valList type="open">
        <valItem ident="header">
          <desc>a running title at the top of the page</desc><desc xml:lang="zh-tw" notBefore="2007-05-02">頁面頂端的欄外標題</desc>
        </valItem>
        <valItem ident="footer">
          <desc>a running title at the bottom of the page</desc><desc xml:lang="zh-tw" notBefore="2007-05-02">頁面底端的欄外標題</desc>
        </valItem>
        <valItem ident="pageNum">
          <desc>a page number or foliation symbol</desc><desc xml:lang="zh-tw" notBefore="2007-05-02">編頁數號或是編張符號</desc>
        </valItem>
        <valItem ident="sig">
          <desc>a signature or gathering symbol</desc><desc xml:lang="zh-tw" notBefore="2007-05-02">簽名或是聚集符號</desc>
        </valItem>
        <valItem ident="catch">
          <desc>a catch-word</desc><desc xml:lang="zh-tw" notBefore="2007-05-02">標語</desc>
        </valItem>
      </valList>
      
    </attDef>
  </attList>
  
  
  
</elementSpec>
</moduleSpec>
