<moduleSpec xmlns="http://www.tei-c.org/ns/1.0" ident="verse">
  <classSpec ident="model.divPart.verse" module="verse" type="model">
<desc>groups component level elements unique to the base tag set for verse.</desc><desc xml:lang="zh-tw" notBefore="2007-05-02">匯集用於詩行基本標籤組的組織層次元素。</desc>
  
  
</classSpec>
  <classSpec ident="att.metrical" module="verse" type="atts">
<desc>defines a set of attributes which certain elements may use to
represent metrical information. </desc><desc xml:lang="zh-tw" notBefore="2007-05-02">定義一組特定元素所使用、表示詩行韻律的屬性。</desc>
  <attList>
    <attDef ident="met" usage="rec">
	
	<desc>contains a user-specified encoding for the conventional
metrical structure of the element.</desc><desc xml:lang="zh-tw" notBefore="2007-05-02">包含使用者定義的標記，用於一般韻律結構。</desc>
      
      <valDesc>May contain either a standard term for the kind of metrical
unit (e.g. <mentioned>hexameter</mentioned>) or an encoded representation for the
metrical pattern (e.g. <mentioned>+--+-+-+-+-</mentioned>). In either case, the
notation used should be documented by a <gi>metDecl</gi> element
        within the <gi>encodingDesc</gi> of the associated header.</valDesc><valDesc xml:lang="zh-tw" notBefore="2007-05-02">可包含韻律的標準術語 (例如<mentioned>六步格詩</mentioned>) ，或是韻律模式的符號表示法 (例如<mentioned>+--+-+-+-+-</mentioned>) 。無論哪一種標記法，皆必須在標頭中元素<gi>encodingDesc</gi>內的元素<gi>metDecl</gi>中有所紀錄。</valDesc>
      
    </attDef>
    <attDef ident="real" usage="rwa">
	
	<desc>contains a user-specified encoding for the actual realization
	  of the conventional metrical structure applicable to the element.</desc><desc xml:lang="zh-tw" notBefore="2007-05-02">包含使用者定義的標記，適用於一般標記結構的實際表現情形。</desc>
      
      <valDesc>May contain either a standard term for the kind of metrical
unit (e.g. <mentioned>hexameter</mentioned>) or an encoded representation for the
metrical pattern (e.g. <mentioned>+--+-+-+-+-</mentioned>). In either case, the
notation used should be documented by a <gi>metDecl</gi> element
        within the <gi>encodingDesc</gi> of the associated header.</valDesc><valDesc xml:lang="zh-tw" notBefore="2007-05-02">可包含韻律的標準術語 (例如<mentioned>六步格詩</mentioned>)，或是韻律模式的符號表示法 (例如<mentioned>+--+-+-+-+-</mentioned>)。無論哪一種標記法，皆必須在標頭中元素<gi>encodingDesc</gi>內的元素<gi>metDecl</gi>中有所紀錄。</valDesc>
      
    </attDef>
    <attDef ident="rhyme" usage="rec">
	
	<desc>specifies the rhyme scheme applicable to a group of verse lines.</desc><desc xml:lang="zh-tw" notBefore="2007-05-02">標明適用於一詩行組的押韻組合。</desc>
      
      <valDesc>By default, the
rhyme scheme is expressed as a string of alphabetic
characters each corresponding with a rhyming line.  Any non-rhyming
lines should be represented by a hyphen or an X.  Alternative notations
may be defined as for <att>met</att> by use of the <gi>metDecl</gi>
        element in the TEI header.</valDesc><valDesc xml:lang="zh-tw" notBefore="2007-05-02">預設的情況下，押韻組合是由一連串字母符號來表示，每個符號代表一詩行的韻腳。不押韻的詩行則是用連字號或是X來表示。替代的標記方法如同屬性<att>met</att>，可在TEI標頭中用元素<gi>metDecl</gi>加以定義。</valDesc>
      
    </attDef>
  </attList>
  
  
</classSpec>
  <classSpec ident="att.enjamb" module="verse" type="atts">
    <gloss>enjambement</gloss><gloss xml:lang="zh-tw" notBefore="2007-05-02">詩句跨行</gloss>
    <desc>groups elements bearing the <att>enjamb</att> attribute.</desc><desc xml:lang="zh-tw" notBefore="2007-05-02">匯集帶有屬性<att>enjamb</att>的元素。</desc>
  <attList>
    <attDef ident="enjamb" usage="opt">
	
      <desc>indicates that the end of a title verse line is marked by enjambement.</desc><desc xml:lang="zh-tw" notBefore="2007-05-02">指出詩行末端帶有詩句跨行的標記。</desc>
      
      <valList type="open">
        <valItem ident="no">
          
          <gloss>the line is end-stopped
    </gloss><gloss xml:lang="zh-tw" notBefore="2007-05-02">該詩句在行尾結束</gloss>
        </valItem>
        <valItem ident="yes">
          
          <gloss>the line in question runs on into the next
          </gloss><gloss xml:lang="zh-tw" notBefore="2007-05-02">該詩句延續到下一詩行</gloss>
        </valItem>
        <valItem ident="weak">
          
          <gloss>the line is weakly enjambed
          </gloss><gloss xml:lang="zh-tw" notBefore="2007-05-02">詩句弱跨行</gloss>
        </valItem>
        <valItem ident="strong">
          
          <gloss>the line is strongly enjambed</gloss><gloss xml:lang="zh-tw" notBefore="2007-05-02">詩句強跨行</gloss>
        </valItem>
      </valList>
      
    </attDef>
  </attList>
  
</classSpec>
  <elementSpec ident="caesura" module="verse">

<gloss/><gloss xml:lang="zh-tw" notBefore="2007-05-02"/>
<desc>marks the point at which a metrical line may be divided.</desc><desc xml:lang="zh-tw" notBefore="2007-05-02">標記韻律詩行可能被截斷的位置。</desc>
  
  
  
  
  
</elementSpec>
  <elementSpec ident="rhyme" module="verse">

<gloss/><gloss xml:lang="zh-tw" notBefore="2007-05-02"/>
<desc>marks the rhyming part of  a metrical line.</desc><desc xml:lang="zh-tw" notBefore="2007-05-02">標記韻律詩行的押韻部分。</desc>
  
  
<attList>
    <attDef ident="label" usage="rec">
	
	<desc>provides a label to identify which part of a rhyme
	  scheme this rhyming string instantiates.</desc><desc xml:lang="zh-tw" notBefore="2007-05-02">提供一個標籤，識別此韻腳為押韻組合的哪一部份。</desc>
      
      <valDesc>usually contains a single letter.</valDesc><valDesc xml:lang="zh-tw" notBefore="2007-05-02">通常僅包含一個單一字母。</valDesc>
      
    </attDef>
</attList>

  
  
  
</elementSpec>
</moduleSpec>
