<?oxygen RNGSchema="http://www.tei-c.org/release/xml/tei/custom/schema/relaxng/tei_all.rng" type="xml"?>
<TEI
  xmlns:xi="http://www.w3.org/2001/XInclude"
  xmlns:svg="http://www.w3.org/2000/svg"
  xmlns:math="http://www.w3.org/1998/Math/MathML"
  xmlns="http://www.tei-c.org/ns/1.0">
  <teiHeader>
    <fileDesc>
      <titleStmt>
        <title>Wrapper for tei Chinese localization files</title>
         <principal>Marcus Bingenheimer</principal>
          <respStmt><resp>Translation by </resp><name>Huang Weining 黃韋寧, Wu Tianling 吳恬綾</name></respStmt>
          <respStmt><resp>Edited and Corrected by </resp><name>Marcus Bingenheimer</name></respStmt>
        <funder>National Digital Archive Program, Dharma Drum Buddhist College</funder>
      </titleStmt>
      <publicationStmt>
        <p>this goes with the schema as specified in the ODD teiI18N.xml</p>
      </publicationStmt>
      <sourceDesc>
        <p>Information about the source</p>
      </sourceDesc>
    </fileDesc>
  </teiHeader>
  <text>
    <body>   
        <xi:include href="analysis.xml"/>
        <xi:include href="certainty.xml"/>
        <xi:include href="core.xml"/>
        <xi:include href="corpus.xml"/>
        <xi:include href="declarefs.xml"/>
        <xi:include href="dictionaries.xml"/>
        <xi:include href="drama.xml"/> 
        <xi:include href="figures.xml"/>
         <xi:include href="gaiji.xml"/>
         <xi:include href="header.xml"/> 
        <xi:include href="iso-fs.xml"/>
        <xi:include href="linking.xml"/>
        <xi:include href="msdescription.xml"/>
        <xi:include href="namesdates.xml"/>
        <xi:include href="nets.xml"/>
        <xi:include href="spoken.xml"/>
        <xi:include href="tagdocs.xml"/>
        <xi:include href="tei.xml"/>
        <xi:include href="textcrit.xml"/>
        <xi:include href="textstructure.xml"/>
        <xi:include href="transcr.xml"/>
        <xi:include href="verse.xml"/>         
    </body>
  </text>
</TEI>